#ZVView-data-copy:   1-Aug-2025 14:05:23
#=======================================
#
#name:   ENDF/B-VIII.1: O-16(N,TOT)
#X.axis: Incident Energy
#Y.axis: Cross Section
#wdata:  2
#ldata:  4154
#data...
#            X            Y
#          MeV        barns
         1e-11      54.1555 
   1.10304e-11      51.5752 
   1.21669e-11      49.1189 
   1.34206e-11      46.7807 
   1.48034e-11      44.5551 
   1.63287e-11      42.4365 
   1.80111e-11        40.42 
   1.98669e-11      38.5008 
   2.19139e-11      36.6741 
   2.41719e-11      34.9355 
   2.66625e-11       33.281 
   2.94097e-11      31.7066 
     3.244e-11      30.2083 
   3.57825e-11      28.7827 
   3.94694e-11      27.4263 
   4.35362e-11      26.1359 
   4.80221e-11      24.9083 
   5.29701e-11      23.7405 
    5.8428e-11      22.6299 
   6.44483e-11      21.5736 
   7.10888e-11      20.5692 
   7.84136e-11      19.6143 
   8.64931e-11      18.7064 
   9.54051e-11      17.8436 
   1.05235e-10      17.0236 
   1.16078e-10      16.2445 
   1.28039e-10      15.5084 
   1.28942e-10      15.4528 
   1.41231e-10      14.8085 
   1.43224e-10       14.704 
   1.55784e-10      14.1433 
   1.59096e-10      13.9955 
   1.71835e-10      13.5113 
   1.76718e-10      13.3258 
    1.8954e-10      12.9111 
   1.96301e-10      12.6924 
    2.0907e-10      12.3412 
   2.18044e-10      12.0943 
   2.30612e-10      11.8003 
   2.42208e-10      11.5291 
   2.54374e-10      11.2873 
   2.69035e-10      10.9958 
   2.80584e-10      10.8009 
   2.98849e-10      10.4925 
   3.09494e-10      10.3399 
   3.31951e-10      10.0181 
   3.41383e-10      9.90342 
   3.68737e-10      9.57087 
   3.76558e-10      9.49026 
   4.09579e-10      9.14995 
   4.15358e-10       9.0995 
   4.54968e-10      8.75372 
   4.58155e-10      8.73018 
   5.05362e-10      8.38142 
   5.57433e-10      8.05615 
   5.61365e-10      8.03159 
   6.14869e-10      7.74929 
   6.23544e-10      7.70352 
   6.78223e-10       7.4615 
   6.97495e-10      7.37619 
   7.48105e-10      7.18958 
   7.80217e-10      7.07117 
   8.25188e-10      6.93323 
    8.7275e-10      6.78735 
   9.10213e-10      6.69192 
   9.76257e-10      6.52369 
      1.004e-9      6.46511 
    1.09204e-9      6.27918 
    1.10745e-9      6.25242 
    1.22155e-9      6.05422 
    1.23017e-9      6.03925 
    1.34742e-9      5.87309 
    1.38571e-9      5.81883 
    1.48625e-9      5.70284 
    1.56099e-9      5.61664 
    1.63939e-9      5.54366 
    1.77075e-9       5.4214 
    1.80831e-9      5.39344 
    1.99463e-9      5.25477 
     2.0087e-9      5.24429 
    2.20016e-9      5.13142 
     2.2946e-9      5.07574 
    2.42685e-9      5.01457 
    2.62131e-9      4.92463 
    2.67691e-9      4.90465 
    2.95273e-9      4.80557 
    3.01551e-9      4.78302 
    3.25697e-9      4.71676 
    3.49329e-9      4.65193 
    3.59256e-9      4.63148 
    3.96272e-9      4.55522 
    4.07533e-9      4.53202 
    4.37103e-9      4.48707 
    4.78787e-9      4.42371 
    4.82141e-9      4.42003 
    5.31819e-9      4.36563 
    5.70408e-9      4.32337 
    5.86616e-9      4.31097 
    6.47059e-9      4.26473 
    6.89182e-9      4.23251 
     7.1373e-9      4.21978 
    7.87271e-9      4.18165 
    8.44395e-9      4.15204 
    8.68389e-9      4.14391 
    9.57865e-9      4.11361 
    1.05656e-8      4.08019 
    1.16543e-8      4.05727 
    1.28551e-8        4.032 
     1.3596e-8      4.01641 
    1.41796e-8      4.00925 
    1.56406e-8      3.99131 
    1.72522e-8      3.97153 
    1.81197e-8      3.96089 
    1.90298e-8      3.95487 
    2.09906e-8       3.9419 
    2.31534e-8       3.9276 
    2.52419e-8       3.9138 
       2.53e-8      3.91352 
    2.79068e-8       3.9052 
    3.07823e-8      3.89602 
     3.3954e-8       3.8859 
    3.74525e-8      3.87473 
    4.13115e-8      3.86964 
    4.55681e-8      3.86401 
    5.02633e-8      3.85781 
    5.54423e-8      3.85097 
    6.11549e-8      3.84343 
    6.74561e-8      3.84076 
    7.44066e-8      3.83781 
    8.20732e-8      3.83455 
    9.05297e-8      3.83097 
    9.98577e-8      3.82701 
    1.10147e-7      3.82265 
    1.16661e-7      3.81989 
    1.21496e-7      3.81948 
    1.34014e-7      3.81842 
    1.47823e-7      3.81725 
    1.63054e-7      3.81596 
    1.79855e-7      3.81454 
    1.98386e-7      3.81297 
    2.18827e-7      3.81124 
    2.41375e-7      3.80933 
    2.66245e-7      3.80723 
    2.93678e-7      3.80491 
    3.06721e-7      3.80381 
    3.23938e-7      3.80372 
    3.57316e-7      3.80357 
    3.94132e-7      3.80339 
    4.34743e-7       3.8032 
    4.79537e-7      3.80299 
    5.28947e-7      3.80276 
    5.87564e-7      3.80249 
    6.48105e-7       3.8022 
    7.14884e-7      3.80189 
    7.88543e-7      3.80155 
    8.69792e-7      3.80117 
    9.59413e-7      3.80075 
    1.05827e-6      3.80029 
    1.16731e-6      3.79978 
    1.28758e-6      3.79922 
     1.4302e-6      3.79856 
    1.57757e-6      3.79787 
    1.74011e-6      3.79711 
    1.93295e-6      3.79622 
     2.1202e-6      3.79534 
    2.14705e-6      3.79534 
    2.38498e-6      3.79534 
    2.63072e-6      3.79534 
    2.94272e-6      3.79534 
    3.24593e-6      3.79534 
    3.60546e-6      3.79534 
    4.00501e-6      3.79534 
    4.44862e-6      3.79533 
    4.90699e-6      3.79533 
    5.37494e-6      3.79533 
     6.0124e-6      3.79533 
     6.6319e-6      3.79533 
    7.41844e-6      3.79532 
    8.24013e-6      3.79532 
     9.2174e-6      3.79532 
    1.00964e-5      3.79532 
    1.12147e-5      3.79531 
    1.24575e-5      3.79531 
    1.37411e-5      3.79531 
    1.51569e-5      3.79531 
    1.68358e-5       3.7953 
    1.88325e-5       3.7953 
     2.0199e-5      3.79529 
    2.25945e-5      3.79529 
    2.52742e-5      3.79528 
    2.88728e-5      3.79528 
    3.25233e-5      3.79527 
    3.71541e-5      3.79526 
    4.12694e-5      3.79525 
    4.58428e-5      3.79524 
    5.02121e-5      3.79523 
    5.65634e-5      3.79522 
    6.55254e-5       3.7952 
    7.53794e-5      3.79518 
    8.98084e-5      3.79515 
    0.00010046      3.79512 
   0.000126582      3.79507 
   0.000150812      3.79502 
   0.000297518      3.79471 
   0.000354922      3.79459 
   0.000408297      3.79448 
   0.000507333      3.79428 
   0.000617267      3.79405 
   0.000740575      3.79379 
   0.000933145      3.79339 
    0.00121773       3.7928 
    0.00142062      3.79238 
    0.00174065      3.79171 
    0.00213266      3.79089 
    0.00246325      3.79021 
    0.00287366      3.78935 
    0.00348028      3.78809 
    0.00414627       3.7867 
    0.00479663      3.78535 
    0.00514208      3.78463 
     0.0100705      3.77436 
     0.0151058      3.76388 
     0.0352469      3.72193 
     0.0557759      3.67917 
     0.0765946      3.63581 
     0.0990778      3.58898 
      0.102814      3.58119 
      0.132294      3.52969 
      0.162019      3.47775 
       0.17161        3.461 
      0.201411      3.42103 
      0.208585      3.41141 
      0.245055      3.37944 
          0.25      3.37785 
          0.26      3.37464 
          0.28       3.3851 
      0.281975      3.38614 
           0.3      3.41526 
          0.32      3.48934 
          0.34      3.64286 
          0.36      3.96539 
          0.37      4.33529 
          0.38      4.70521 
          0.39      5.43819 
         0.395      5.97658 
           0.4      6.68602 
         0.405      7.62605 
          0.41        8.867 
         0.415      10.4671 
          0.42      12.4048 
         0.425       14.446 
      0.429965      16.0245 
          0.43      16.0355 
         0.434      16.5211 
         0.435      16.4883 
      0.435125      16.4842 
          0.44      15.6392 
         0.445      13.9145 
          0.45      11.9801 
         0.455       10.238 
      0.459688      8.90544 
          0.46      8.81661 
      0.461622      8.45549 
         0.465      7.70372 
      0.469973      6.84762 
          0.47       6.8429 
      0.470026      6.83945 
      0.471243      6.67697 
         0.475      6.17559 
      0.479974      5.65664 
          0.48      5.65389 
      0.480026      5.65226 
      0.480053      5.65062 
          0.49      5.03586 
           0.5      4.41782 
          0.52      3.83132 
          0.54      3.50363 
          0.55      3.40027 
          0.56      3.29691 
          0.58      3.15416 
           0.6      3.04864 
      0.624374      2.95203 
      0.644515      2.88784 
          0.65      2.87369 
      0.669311      2.82389 
           0.7       2.7606 
      0.730047      2.71607 
          0.75      2.69604 
          0.76      2.68601 
          0.78       2.6775 
           0.8      2.68078 
      0.817009      2.69745 
          0.82      2.70038 
         0.835       2.7312 
         0.845      2.76115 
          0.85      2.77842 
          0.86      2.82441 
          0.87       2.8851 
          0.88      2.96483 
          0.89      3.06956 
           0.9      3.20741 
          0.91      3.38958 
          0.92      3.63138 
          0.93      3.95313 
          0.94      4.38022 
          0.95      4.93941 
          0.96      5.64608 
          0.98      7.30895 
          0.99       7.9338 
             1      8.12587 
          1.01      7.83383 
          1.02      7.21442 
          1.03        6.484 
          1.04      5.78984 
          1.05      5.19335 
          1.06      4.70383 
          1.07      4.30915 
          1.08      3.99185 
          1.09      3.73554 
           1.1      3.52677 
          1.11      3.35507 
          1.12      3.21248 
          1.13      3.09301 
          1.14      2.99215 
          1.15      2.90657 
          1.16      2.83381 
          1.17      2.77212 
          1.18      2.72037 
          1.19      2.67802 
           1.2      2.64512 
          1.21      2.62251 
          1.22      2.61214 
          1.23      2.61765 
          1.24      2.64563 
          1.25      2.70807 
         1.255      2.75861 
          1.26       2.8276 
         1.265      2.92129 
          1.27      3.04867 
         1.275      3.22252 
          1.28      3.46084 
         1.285      3.78778 
          1.29      4.23176 
         1.295      4.81399 
       1.29969      5.46948 
           1.3      5.51318 
       1.30125      5.68798 
         1.305      6.21237 
         1.307      6.43812 
         1.309      6.60572 
       1.30988      6.64761 
       1.30996      6.65131 
       1.30998      6.65224 
       1.31004      6.65502 
       1.31012      6.65872 
         1.311      6.70061 
         1.313      6.71468 
         1.315       6.6484 
         1.317       6.5104 
         1.319      6.31527 
          1.32      6.19775 
         1.321      6.08023 
        1.3275      5.23677 
          1.33       4.9181 
         1.335      4.37852 
          1.34      3.95094 
         1.345       3.6194 
          1.35      3.36263 
          1.36      3.00263 
          1.37      2.76986 
          1.38      2.61026 
          1.39      2.49484 
           1.4      2.40745 
          1.41      2.33867 
          1.42      2.28274 
          1.43      2.23598 
          1.44      2.19597 
       1.45016      2.16249 
          1.46      2.13006 
          1.48      2.07675 
          1.51      2.01134 
          1.54      1.95838 
          1.55      1.94072 
         1.565      1.91942 
          1.58      1.89812 
          1.59      1.88392 
           1.6      1.87518 
          1.61      1.86645 
         1.613      1.86382 
         1.616      1.86289 
          1.62      1.86627 
         1.625      1.87049 
        1.6275      1.87667 
         1.628      1.87791 
          1.63      1.88823 
       1.63188      1.89792 
         1.632      1.89856 
         1.634      1.91644 
         1.636      1.94328 
         1.638      1.98503 
       1.63992      2.05055 
          1.64      2.05321 
       1.64013       2.0596 
         1.641      2.10426 
       1.64194      2.16945 
         1.642       2.1738 
       1.64213      2.18596 
         1.643      2.27111 
       1.64391      2.39901 
         1.644      2.41224 
       1.64409      2.43188 
       1.64475      2.56932 
         1.645        2.626 
       1.64575      2.87578 
       1.64587      2.92024 
       1.64594      2.94247 
         1.646       2.9647 
       1.64606      2.99476 
       1.64619      3.05486 
       1.64637      3.14502 
        1.6465      3.21087 
       1.64688      3.44973 
         1.647      3.53675 
       1.64731       3.8007 
        1.6475      3.97131 
       1.64775      4.25281 
       1.64787      4.39983 
       1.64794      4.47334 
       1.64795      4.49447 
         1.648      4.55786 
       1.64805      4.62125 
       1.64806      4.64238 
       1.64813      4.73897 
       1.64844      5.22191 
       1.64856      5.44194 
       1.64887      6.05642 
         1.649      6.31168 
        1.6495      7.43381 
       1.64988      8.19865 
       1.64994      8.32612 
       1.64995      8.35212 
          1.65       8.4301 
       1.65003      8.46657 
       1.65009      8.53951 
       1.65013      8.57597 
       1.65038      8.79606 
       1.65044      8.85109 
        1.6505       8.8732 
       1.65059      8.84551 
       1.65094       8.5837 
       1.65103      8.46556 
       1.65119      8.17797 
        1.6515      7.55545 
       1.65194      6.57452 
         1.652      6.43438 
       1.65213      6.18048 
       1.65237      5.67266 
        1.6525      5.43291 
       1.65269      5.12315 
       1.65294      4.72951 
       1.65306      4.55554 
       1.65338      4.17879 
        1.6535      4.03756 
       1.65369      3.86118 
       1.65387      3.69531 
       1.65394      3.64001 
       1.65395      3.62841 
         1.654      3.59361 
       1.65405      3.55881 
       1.65406      3.54721 
       1.65412      3.51025 
       1.65494      3.02975 
       1.65506      2.97087 
       1.65575      2.72758 
       1.65591      2.67506 
       1.65597      2.65405 
         1.656      2.64355 
       1.65603      2.63647 
       1.65612      2.61524 
       1.65675      2.47369 
         1.657      2.42047 
       1.65791      2.28615 
         1.658      2.27226 
       1.65809       2.2626 
         1.659       2.1692 
       1.65994      2.09941 
          1.66      2.09476 
       1.66004      2.09259 
       1.66023      2.08174 
         1.661      2.03923 
         1.662      1.99667 
         1.663      1.96328 
         1.664       1.9366 
         1.666      1.89679 
         1.668      1.86873 
       1.66992      1.85002 
       1.67005       1.8488 
       1.67009      1.84834 
         1.671      1.83952 
         1.675      1.81386 
       1.67994      1.79373 
       1.68008      1.79316 
         1.681       1.7894 
       1.68191      1.78733 
         1.682      1.78711 
       1.68212      1.78683 
       1.68387      1.78283 
       1.68394      1.78269 
         1.684      1.78255 
       1.68406      1.78241 
       1.68419      1.78213 
       1.68588      1.77832 
       1.68594      1.77818 
       1.68598      1.77808 
         1.686      1.77804 
       1.68603      1.77809 
       1.68606      1.77813 
       1.68613      1.77823 
       1.68684      1.77932 
       1.68689      1.77939 
       1.68692      1.77944 
       1.68695      1.77949 
       1.68698      1.77953 
         1.687      1.77957 
       1.68702      1.77988 
       1.68705      1.78019 
       1.68708      1.78061 
       1.68712      1.78123 
       1.68731      1.78375 
       1.68778      1.79004 
       1.68783      1.79067 
       1.68786      1.79109 
       1.68788      1.79131 
       1.68789      1.79153 
       1.68791      1.79176 
       1.68792      1.79279 
       1.68793      1.79383 
       1.68794      1.79487 
       1.68795      1.79592 
       1.68796      1.79698 
       1.68798      1.79804 
       1.68799      1.79912 
         1.688      1.80021 
       1.68801      1.80289 
       1.68802      1.80558 
       1.68804      1.80828 
       1.68805      1.81099 
       1.68806      1.81371 
       1.68808      1.81781 
       1.68809      1.82054 
        1.6881      1.82237 
       1.68813      1.83151 
       1.68819        1.848 
        1.6886      1.96899 
       1.68864      1.98002 
       1.68866      1.98742 
       1.68868      1.99301 
        1.6887      1.99868 
       1.68871      2.00251 
       1.68872       2.0064 
       1.68874      2.01038 
       1.68875      2.01342 
       1.68876      2.01653 
       1.68877      2.01972 
       1.68877        2.023 
       1.68878      2.02638 
       1.68879      2.02989 
        1.6888      2.03231 
       1.68881       2.0348 
       1.68881      2.03737 
       1.68882      2.04035 
       1.68883      2.04342 
       1.68883       2.0466 
       1.68884      2.04989 
       1.68884      2.05331 
       1.68885      2.05687 
       1.68886      2.06058 
       1.68886      2.06446 
       1.68887      2.06852 
       1.68887      2.07279 
       1.68888      2.07727 
       1.68889      2.08198 
       1.68889      2.08447 
       1.68889      2.08763 
        1.6889      2.09423 
       1.68891      2.10113 
       1.68891      2.10833 
       1.68892      2.11586 
       1.68893      2.12374 
       1.68893      2.13198 
       1.68894      2.14058 
       1.68894      2.15183 
       1.68895      2.16346 
       1.68896      2.17546 
       1.68897      2.19415 
       1.68897      2.20064 
       1.68897      2.21628 
       1.68898      2.24042 
       1.68899      2.26107 
         1.689      2.27551 
       1.68901      2.31659 
       1.68903      2.37118 
       1.68903      2.38911 
       1.68904      2.42101 
       1.68905      2.46005 
       1.68905      2.47272 
       1.68906      2.50252 
       1.68906      2.54304 
       1.68907      2.54639 
       1.68907      2.59513 
       1.68908       2.6202 
       1.68908      2.64588 
       1.68909      2.69903 
        1.6891      2.70586 
        1.6891      2.75831 
       1.68911      2.77804 
       1.68911      2.80117 
       1.68912      2.84233 
       1.68912      2.90896 
       1.68913      2.98591 
       1.68914      3.03104 
       1.68914      3.06651 
       1.68915      3.15367 
       1.68915      3.17084 
       1.68916      3.25102 
       1.68917      3.33025 
       1.68918      3.39091 
       1.68919       3.5112 
       1.68919      3.54503 
        1.6892      3.71347 
       1.68922      4.01273 
       1.68922      4.04274 
       1.68923      4.24344 
       1.68924      4.39454 
       1.68925      4.54625 
       1.68926      4.69862 
       1.68927      4.73944 
       1.68927      4.84175 
       1.68928      4.93515 
       1.68928      4.96327 
       1.68928      5.01975 
       1.68929      5.10075 
        1.6893      5.15766 
        1.6893      5.17767 
        1.6893      5.24465 
        1.6893      5.26483 
       1.68931      5.30209 
       1.68931      5.35024 
       1.68932      5.35402 
       1.68932       5.3921 
       1.68932      5.41126 
       1.68933      5.42196 
       1.68933      5.44361 
       1.68933      5.44579 
       1.68934      5.44958 
       1.68935      5.45267 
       1.68935      5.44863 
       1.68935      5.43537 
       1.68936      5.43145 
       1.68936      5.41001 
       1.68937       5.3826 
       1.68937      5.37788 
       1.68937      5.33089 
       1.68938      5.30746 
       1.68938      5.27635 
       1.68938      5.21426 
       1.68939      5.20807 
       1.68939      5.13733 
        1.6894      5.05885 
        1.6894      5.01967 
        1.6894      4.94909 
       1.68941      4.84338 
       1.68941      4.79411 
       1.68942      4.73149 
       1.68943      4.61417 
       1.68943      4.54386 
       1.68943      4.49477 
       1.68944      4.33131 
       1.68945      4.16797 
       1.68946      4.00473 
       1.68947      3.84703 
       1.68947      3.84193 
       1.68948      3.68918 
       1.68948      3.60267 
       1.68949      3.47153 
        1.6895      3.37791 
       1.68951      3.27283 
       1.68951       3.1762 
       1.68952      3.09494 
       1.68953      2.99893 
       1.68954      2.89055 
       1.68955      2.84594 
       1.68956      2.71592 
       1.68957      2.65228 
       1.68957      2.60683 
       1.68959      2.51625 
       1.68961      2.43602 
       1.68963      2.36252 
       1.68964      2.30509 
       1.68966      2.25973 
       1.68969      2.21239 
       1.68973      2.15788 
        1.6898      2.07024 
       1.68983      2.03671 
       1.68988      1.98645 
        1.6899      1.96301 
       1.68991      1.95717 
       1.68992      1.93967 
       1.68994      1.92656 
       1.68995      1.91637 
       1.68995      1.91415 
       1.68997      1.90415 
       1.68998      1.89417 
       1.68999      1.88752 
          1.69      1.88089 
          1.69      1.87916 
       1.69002      1.87397 
       1.69003       1.8688 
       1.69004      1.86365 
       1.69005      1.86022 
       1.69005      1.85933 
       1.69006      1.85667 
       1.69007      1.85402 
       1.69009      1.85138 
       1.69009      1.84963 
        1.6901       1.8491 
       1.69012      1.84804 
       1.69013      1.84699 
       1.69016      1.84543 
       1.69019      1.84335 
       1.69025      1.83921 
       1.69031      1.83656 
       1.69084      1.81405 
       1.69089      1.81207 
       1.69092      1.81075 
       1.69095      1.80976 
       1.69097      1.80877 
       1.69099      1.80779 
       1.69102      1.80681 
       1.69104      1.80583 
       1.69106      1.80486 
       1.69109      1.80388 
       1.69113      1.80226 
       1.69119      1.79968 
       1.69187      1.77125 
       1.69194      1.76867 
       1.69198      1.76673 
         1.692      1.76608 
       1.69202      1.76603 
       1.69206      1.76587 
       1.69211      1.76571 
       1.69225      1.76524 
       1.69387      1.75979 
       1.69394      1.75958 
         1.694      1.75937 
       1.69405      1.75921 
       1.69413      1.75895 
       1.69594      1.75294 
         1.696      1.75273 
       1.69613      1.75253 
       1.69775      1.74996 
         1.698      1.74956 
         1.699      1.74798 
           1.7       1.7464 
       1.70375      1.74048 
          1.71       1.7306 
          1.72      1.71481 
          1.74      1.68324 
       1.74629       1.6733 
          1.76      1.65259 
         1.774      1.63143 
         1.796      1.58848 
           1.8      1.57975 
         1.813      1.55138 
         1.814      1.55037 
         1.816      1.55096 
         1.818      1.55649 
       1.81994      1.57096 
          1.82      1.57142 
         1.822      1.60474 
         1.823      1.63383 
         1.824      1.67675 
         1.825      1.74039 
         1.826       1.8358 
       1.82675      1.94229 
         1.827      1.98061 
       1.82775       2.1437 
         1.828      2.20237 
        1.8285      2.36723 
         1.829      2.54048 
        1.8295      2.78374 
          1.83       3.0367 
       1.83037      3.27771 
        1.8315      4.02238 
       1.83187      4.27308 
         1.832      4.34848 
       1.83225      4.44814 
        1.8325      4.54781 
         1.833      4.72909 
       1.83323      4.75434 
        1.8333      4.75493 
       1.83383      4.68626 
       1.83394      4.66719 
       1.83399      4.65766 
         1.834      4.65461 
       1.83415      4.60581 
       1.83425      4.56795 
         1.835        4.284 
         1.836      3.84418 
         1.837      3.45392 
         1.838      3.14199 
         1.839      2.90082 
          1.84      2.71504 
         1.841      2.57068 
         1.842      2.45704 
         1.843      2.36631 
         1.844      2.29288 
         1.845      2.23271 
         1.846      2.18286 
        1.8475      2.12338 
         1.848      2.10764 
         1.849      2.07616 
         1.851      2.02884 
         1.852      2.01138 
         1.853      1.99391 
         1.856      1.95802 
         1.858      1.94367 
         1.859      1.93649 
         1.862      1.92602 
         1.864      1.92435 
         1.867      1.92982 
         1.868      1.93442 
          1.87      1.94361 
         1.873      1.96856 
         1.876      2.00425 
         1.878      2.03627 
          1.88      2.07573 
         1.882      2.12382 
         1.884      2.18192 
         1.885      2.21671 
         1.886       2.2515 
         1.888      2.33395 
          1.89      2.43024 
         1.892       2.5404 
         1.894      2.66261 
         1.898      2.92067 
           1.9      3.03568 
         1.902      3.12266 
         1.904       3.1687 
         1.906      3.16687 
         1.908      3.11887 
          1.91      3.03401 
         1.912      2.92542 
         1.917      2.62848 
         1.919      2.51874 
          1.92      2.46639 
         1.922       2.3721 
         1.924      2.28859 
         1.926      2.21517 
         1.928      2.15083 
          1.93      2.09449 
         1.933      2.02325 
         1.936      1.96328 
          1.94      1.89909 
         1.945       1.8368 
          1.95      1.78811 
         1.955      1.74949 
          1.96      1.71797 
         1.965      1.69169 
         1.975      1.64993 
       1.97751      1.64182 
         1.985      1.61764 
             2      1.57966 
          2.02      1.53981 
       2.05439      1.48475 
           2.1      1.41646 
          2.12      1.38652 
          2.15      1.33471 
          2.16      1.31608 
          2.18       1.2726 
           2.2      1.21981 
          2.21      1.18855 
          2.22      1.15303 
          2.23      1.11229 
          2.24      1.06514 
          2.25      1.01016 
          2.26      0.94572 
       2.26251     0.926697 
          2.27     0.870051 
          2.28     0.781531 
          2.29     0.679236 
           2.3     0.563968 
          2.32      0.31588 
          2.33     0.206929 
         2.335      0.16374 
          2.34     0.131047 
         2.345     0.110533 
          2.35     0.103203 
         2.355     0.109216 
       2.35939     0.125577 
          2.36     0.127864 
         2.365     0.157691 
          2.37     0.196729 
          2.38     0.293353 
          2.39     0.400296 
        2.3925     0.427031 
           2.4     0.506034 
          2.41     0.602143 
       2.41125     0.612627 
       2.41973     0.683725 
       2.41978     0.684135 
        2.4198     0.684381 
       2.41982     0.684545 
       2.41984     0.684708 
       2.41986     0.684831 
       2.41987     0.684954 
       2.41988     0.685036 
       2.41989     0.685118 
        2.4199       0.6852 
       2.41991     0.685282 
       2.41992     0.685364 
       2.41993     0.685446 
       2.41994     0.685528 
       2.41995     0.685609 
       2.41996     0.685691 
       2.41997     0.685773 
       2.41998     0.685855 
       2.41999     0.685937 
          2.42     0.686019 
       2.42001     0.686089 
       2.42002     0.686158 
       2.42003     0.686228 
       2.42004     0.686297 
       2.42005     0.686402 
       2.42007     0.686506 
       2.42008     0.686611 
        2.4201      0.68675 
       2.42013     0.686924 
       2.42016     0.687133 
       2.42021     0.687551 
       2.42973     0.755361 
       2.42979     0.755778 
       2.42982     0.756057 
       2.42985     0.756266 
       2.42987     0.756405 
       2.42989     0.756544 
       2.42991     0.756649 
       2.42992     0.756753 
       2.42994     0.756857 
       2.42995     0.756962 
       2.42997     0.757066 
       2.42998     0.757171 
          2.43     0.757275 
          2.43      0.75731 
       2.43001     0.757368 
       2.43002     0.757456 
       2.43004     0.757543 
       2.43005      0.75763 
       2.43007     0.757718 
       2.43009     0.757834 
       2.43011     0.757951 
       2.43014     0.758126 
       2.43019     0.758417 
       2.43043     0.759874 
       2.43386     0.780344 
       2.43979     0.815706 
       2.43984     0.816055 
       2.43987      0.81623 
        2.4399     0.816405 
       2.43992     0.816521 
       2.43994     0.816638 
       2.43996     0.816755 
       2.43998     0.816871 
          2.44     0.816988 
       2.44002     0.817084 
       2.44004     0.817181 
       2.44006     0.817278 
       2.44009     0.817423 
       2.44012     0.817568 
       2.44016     0.817762 
       2.44025     0.818246 
        2.4498     0.865567 
       2.44986     0.865857 
        2.4499      0.86605 
       2.44993     0.866196 
       2.44996     0.866341 
       2.44999     0.866486 
          2.45     0.866534 
       2.45002     0.866614 
       2.45005     0.866734 
       2.45008     0.866854 
       2.45012     0.867014 
       2.45018     0.867254 
       2.45234     0.876137 
       2.45977     0.906547 
       2.45986     0.906947 
        2.4599     0.907107 
       2.45994     0.907267 
       2.45997     0.907387 
          2.46     0.907507 
       2.46003     0.907607 
       2.46006     0.907706 
        2.4601     0.907838 
       2.46016     0.908036 
       2.46047     0.909093 
       2.46977      0.94055 
       2.46986     0.940881 
       2.46992     0.941079 
       2.46996     0.941211 
          2.47     0.941343 
       2.47004     0.941452 
       2.47008     0.941561 
       2.47014     0.941725 
       2.47031     0.942216 
       2.47984     0.968847 
       2.47992     0.969066 
       2.47998     0.969229 
          2.48     0.969284 
       2.48002     0.969329 
       2.48008     0.969464 
       2.48016     0.969645 
       2.48984      0.99201 
       2.48992      0.99219 
       2.48998     0.992325 
          2.49     0.992371 
       2.49004     0.992445 
       2.49008      0.99252 
       2.49016     0.992669 
       2.49984      1.01116 
       2.49994      1.01135 
           2.5      1.01146 
       2.50006      1.01155 
       2.50016      1.01169 
       2.50984      1.02611 
       2.50992      1.02623 
          2.51      1.02635 
       2.51008      1.02646 
       2.51023       1.0267 
         2.515      1.03379 
       2.51988      1.04016 
       2.51996      1.04026 
          2.52      1.04031 
       2.52004      1.04035 
       2.52016      1.04046 
       2.52988      1.05005 
       2.52996      1.05012 
       2.53004       1.0502 
       2.53016      1.05031 
       2.53988       1.0599 
          2.54      1.06001 
       2.54012      1.06009 
       2.54988       1.0666 
          2.55      1.06668 
       2.55012      1.06675 
       2.55988      1.07326 
          2.56      1.07334 
       2.56012      1.07339 
       2.56992       1.0773 
          2.57      1.07734 
       2.57016       1.0774 
       2.57992       1.0813 
          2.58      1.08133 
       2.58016      1.08139 
       2.58992      1.08529 
          2.59      1.08532 
       2.59008      1.08534 
       2.59988      1.08724 
           2.6      1.08726 
       2.60012      1.08729 
       2.61988      1.09112 
          2.62      1.09114 
       2.62016      1.09115 
       2.63992       1.0923 
          2.64       1.0923 
       2.64016      1.09231 
       2.65992      1.09345 
          2.66      1.09346 
       2.66008      1.09346 
       2.67984      1.09298 
          2.68      1.09298 
       2.68031      1.09297 
       2.69875      1.09253 
           2.7       1.0925 
       2.70125      1.09247 
       2.71875      1.09205 
          2.72      1.09202 
       2.72187      1.09198 
       2.73875      1.09157 
          2.74      1.09154 
        2.7425      1.09148 
       2.75875       1.0911 
          2.76      1.09107 
       2.76625      1.09142 
          2.78      1.09221 
       2.79875      1.09328 
           2.8      1.09335 
       2.81975      1.09447 
          2.82      1.09449 
          2.84      1.09943 
          2.85       1.1019 
          2.86      1.10544 
          2.88      1.12708 
         2.883      1.13954 
        2.8845      1.15201 
         2.885      1.15764 
         2.886      1.17575 
       2.88687      1.20619 
         2.887      1.21291 
       2.88725      1.23614 
       2.88781      1.29478 
       2.88791      1.30869 
       2.88797      1.32442 
       2.88803       1.3458 
        2.8881      1.38497 
        2.8882       1.4483 
        2.8886      1.71766 
       2.88867      1.77479 
       2.88873        1.823 
       2.88876      1.86961 
        2.8888      1.92908 
       2.88884      2.00421 
       2.88888      2.09622 
        2.8889      2.16645 
       2.88895      2.32292 
       2.88901      2.52293 
       2.88904      2.59232 
       2.88905      2.62043 
       2.88906      2.64854 
       2.88909      2.68667 
       2.88911      2.70066 
       2.88911      2.70223 
       2.88913        2.697 
       2.88915      2.67627 
       2.88917      2.63977 
       2.88919       2.5879 
       2.88921      2.52168 
       2.88923      2.44276 
       2.88925      2.32152 
       2.88929      2.11769 
        2.8893      2.04773 
       2.88934      1.83782 
       2.88936      1.70656 
       2.88939      1.58616 
       2.88941      1.50433 
       2.88943      1.43028 
       2.88944      1.36413 
       2.88946      1.30573 
       2.88948      1.25471 
        2.8895       1.2106 
       2.88952      1.17282 
       2.88954      1.14074 
       2.88956      1.10578 
       2.88959      1.07842 
       2.88961      1.05731 
       2.88964      1.04119 
       2.88967        1.024 
       2.88972      1.00945 
        2.8898     0.995925 
        2.8899     0.982891 
          2.89     0.974619 
       2.89006     0.972955 
       2.89019     0.975433 
         2.891      1.00702 
         2.892      1.04591 
         2.894      1.07147 
         2.896      1.08323 
         2.897      1.08621 
           2.9      1.09514 
         2.905      1.10321 
          2.91      1.10795 
         2.915      1.11268 
          2.92      1.11741 
         2.925      1.12214 
          2.93      1.12688 
         2.935      1.13161 
          2.94      1.13634 
         2.945      1.14107 
          2.95       1.1458 
         2.955      1.15054 
          2.96      1.15681 
         2.965      1.16309 
          2.97      1.16937 
         2.975      1.17565 
          2.98      1.18411 
         2.985      1.19258 
          2.99      1.20105 
         2.995      1.21264 
             3      1.22993 
        3.0015       1.2399 
        3.0025      1.24656 
         3.003      1.25254 
        3.0035      1.25852 
         3.004      1.26632 
       3.00475      1.28669 
         3.005      1.29572 
       3.00563      1.34437 
       3.00591      1.36914 
       3.00594      1.37389 
         3.006       1.3834 
       3.00606      1.39779 
       3.00609      1.40499 
       3.00631      1.46934 
       3.00641       1.5007 
       3.00644       1.5137 
       3.00647       1.5267 
       3.00653      1.55692 
       3.00655      1.57415 
       3.00658      1.59138 
       3.00662      1.63486 
       3.00668      1.68948 
        3.0067      1.72281 
       3.00671      1.73947 
       3.00675      1.79893 
       3.00677      1.84607 
       3.00679      1.86964 
       3.00682      1.95336 
       3.00685      2.01863 
       3.00686      2.05126 
       3.00689      2.12579 
        3.0069      2.16306 
       3.00691      2.20439 
       3.00694      2.28704 
       3.00695      2.32836 
       3.00696      2.37019 
       3.00698      2.43294 
         3.007      2.49569 
       3.00702      2.55226 
       3.00703      2.57112 
       3.00704      2.60304 
       3.00705      2.63496 
       3.00706      2.64683 
       3.00708      2.68245 
       3.00709      2.70467 
        3.0071      2.70769 
       3.00711      2.71371 
       3.00713      2.70846 
       3.00715      2.68834 
       3.00717      2.65337 
       3.00719      2.60413 
        3.0072      2.56396 
       3.00721      2.51606 
       3.00723      2.46817 
       3.00724      2.41207 
       3.00725      2.35597 
       3.00726      2.30936 
       3.00727      2.26274 
       3.00728      2.21613 
       3.00729      2.16952 
        3.0073      2.12224 
       3.00731      2.07495 
       3.00732      2.02767 
       3.00732      1.98039 
       3.00733      1.93311 
       3.00734      1.91735 
       3.00734      1.88819 
       3.00735      1.84444 
       3.00736      1.82986 
       3.00736       1.8007 
       3.00737      1.77422 
       3.00738      1.72127 
       3.00739      1.69479 
       3.00739      1.67147 
       3.00741      1.62481 
       3.00741      1.60149 
       3.00743      1.56066 
       3.00743      1.54025 
       3.00744       1.5044 
       3.00745      1.48648 
       3.00747      1.43992 
       3.00747      1.42664 
       3.00749       1.4001 
       3.00751      1.36391 
       3.00753      1.33004 
       3.00755      1.30329 
       3.00756      1.29629 
       3.00758      1.28229 
       3.00761      1.26101 
       3.00766      1.23841 
       3.00775       1.2072 
       3.00784      1.18173 
       3.00791      1.16476 
       3.00795      1.15602 
         3.008      1.14728 
       3.00805      1.14314 
       3.00807      1.14108 
       3.00809      1.14059 
       3.00813      1.13995 
       3.00814      1.13963 
       3.00825       1.1422 
       3.00988      1.18037 
          3.01      1.18331 
       3.01006      1.18478 
       3.01016      1.18528 
          3.02      1.23796 
          3.03      1.26668 
          3.04      1.29541 
         3.045      1.30977 
          3.05      1.32621 
          3.06      1.35908 
          3.07       1.3969 
          3.08       1.4391 
          3.09       1.4862 
           3.1      1.53869 
          3.11      1.59708 
          3.12      1.66182 
          3.13      1.73335 
          3.14      1.81195 
          3.15      1.89782 
          3.16      1.99092 
          3.17      2.09104 
          3.18      2.19785 
          3.19      2.31161 
           3.2      2.44147 
         3.201      2.45445 
        3.2015      2.46389 
         3.203      2.49219 
         3.204      2.51106 
        3.2045      2.52049 
         3.205      2.53487 
         3.206      2.56363 
       3.20675      2.59608 
         3.207      2.60689 
       3.20762      2.65024 
       3.20794      2.67192 
         3.208      2.67626 
       3.20806      2.68412 
       3.20863      2.75496 
       3.20875       2.7707 
       3.20887      2.78901 
         3.209      2.80732 
       3.20913      2.83577 
       3.20937      2.89268 
       3.20947       2.9191 
        3.2095      2.92791 
       3.20956      2.95112 
       3.20969      2.99754 
       3.20975      3.02075 
       3.20988      3.07383 
       3.20994      3.10037 
       3.20997       3.1178 
       3.21003      3.15267 
       3.21006      3.17011 
       3.21012      3.21391 
       3.21031      3.34532 
       3.21041      3.41984 
       3.21044      3.44468 
       3.21047      3.47568 
       3.21053      3.53768 
       3.21059      3.61252 
       3.21062      3.64993 
       3.21072      3.77522 
       3.21088      3.98403 
       3.21097       4.1232 
         3.211       4.1696 
       3.21103      4.22311 
       3.21112      4.38368 
       3.21131      4.72301 
       3.21137      4.83612 
       3.21141      4.88403 
       3.21144      4.93193 
       3.21147      4.96859 
        3.2115      5.00525 
       3.21152      5.01686 
       3.21156      5.05167 
       3.21163      5.07561 
       3.21175      5.08743 
       3.21181      5.09333 
       3.21184      5.08966 
       3.21187      5.08598 
       3.21191       5.0823 
       3.21194      5.06749 
       3.21197      5.05267 
       3.21198      5.03829 
       3.21203      4.99512 
       3.21206      4.95238 
       3.21209      4.90963 
       3.21213      4.85578 
       3.21219      4.74807 
       3.21222      4.69009 
       3.21241      4.34223 
       3.21244      4.28425 
        3.2125      4.18155 
       3.21256      4.07886 
       3.21259      4.03413 
       3.21275      3.81052 
       3.21278      3.76841 
       3.21291      3.59999 
       3.21297      3.52702 
         3.213      3.49053 
       3.21303      3.46129 
       3.21309      3.40281 
       3.21319       3.3331 
       3.21331      3.24015 
       3.21338      3.19803 
       3.21344      3.15591 
       3.21347      3.13891 
       3.21353      3.10491 
       3.21356      3.08791 
       3.21362       3.0633 
       3.21381      2.98947 
       3.21394      2.94839 
         3.214      2.92785 
       3.21403      2.92137 
       3.21412      2.90195 
       3.21419      2.88901 
       3.21475      2.79669 
       3.21481      2.78749 
       3.21494       2.7691 
         3.215       2.7599 
       3.21513      2.75128 
        3.2155      2.72542 
       3.21587      2.70402 
         3.216      2.69689 
       3.21606      2.69583 
        3.2175      2.67148 
         3.218      2.66301 
          3.22      2.66663 
       3.22025      2.66708 
          3.23      2.75474 
          3.24      2.85284 
         3.245      2.90189 
       3.25375      2.97871 
         3.255      2.98968 
          3.26      3.03083 
          3.27      3.10065 
          3.28      3.15707 
          3.29      3.19998 
         3.295      3.21499 
           3.3      3.22999 
         3.305      3.23911 
          3.31      3.24823 
         3.315      3.25223 
          3.32      3.25623 
         3.325      3.25443 
         3.335      3.25082 
          3.34      3.24591 
          3.35      3.23608 
          3.36      3.21895 
          3.41      3.13327 
          3.42      3.11614 
         3.426      3.10589 
          3.43      3.10097 
         3.432      3.09854 
       3.43388       3.1012 
         3.434      3.10138 
       3.43425      3.10176 
         3.435      3.10289 
       3.43578      3.10825 
       3.43587       3.1089 
       3.43594      3.10935 
       3.43598      3.10969 
         3.436      3.10981 
       3.43603      3.11206 
       3.43606      3.11431 
       3.43613      3.11884 
       3.43622      3.12564 
       3.43775      3.23682 
       3.43783      3.24251 
       3.43788      3.24594 
       3.43792      3.25554 
       3.43795      3.26196 
       3.43798      3.26842 
         3.438      3.27166 
       3.43801      3.27696 
       3.43804      3.28757 
       3.43806      3.29822 
       3.43809      3.30888 
        3.4381      3.31423 
       3.43811      3.32237 
       3.43814      3.33867 
       3.43816        3.355 
       3.43817      3.36318 
       3.43819      3.37439 
       3.43821      3.39682 
       3.43824      3.41929 
       3.43825      3.43055 
       3.43826      3.44584 
       3.43829      3.47648 
       3.43831      3.50716 
       3.43832      3.52253 
       3.43834      3.54243 
       3.43836      3.58229 
       3.43837      3.60225 
       3.43839       3.6268 
       3.43841      3.67596 
       3.43843      3.70057 
       3.43844      3.73057 
       3.43846      3.79062 
       3.43847      3.82068 
       3.43849      3.85689 
       3.43851      3.92939 
       3.43852      3.96568 
       3.43854      4.00873 
       3.43856       4.0949 
       3.43858      4.13803 
        3.4386      4.23752 
       3.43863       4.3371 
       3.43865      4.44753 
        3.4387      4.66843 
       3.43874      4.83397 
       3.43875      4.88908 
       3.43876      4.93905 
       3.43879      5.03884 
        3.4388      5.08865 
       3.43881      5.13094 
       3.43884      5.21534 
       3.43886      5.28289 
       3.43887      5.31656 
       3.43889      5.34047 
       3.43891      5.38214 
       3.43891      5.38807 
       3.43893      5.40077 
       3.43895      5.42598 
       3.43898      5.43118 
         3.439      5.41598 
       3.43901      5.40828 
       3.43902      5.38914 
       3.43905      5.35069 
       3.43907      5.29285 
       3.43909      5.26386 
       3.43911      5.18916 
       3.43915      5.07698 
        3.4392      4.91532 
       3.43924      4.79419 
       3.43926      4.71351 
       3.43928      4.67321 
       3.43929       4.6383 
       3.43931      4.56855 
       3.43934      4.49887 
       3.43935      4.46407 
       3.43936      4.43446 
       3.43939      4.37531 
        3.4394      4.34577 
       3.43941       4.3216 
       3.43944      4.27333 
       3.43946      4.22512 
       3.43948      4.20105 
       3.43949      4.18269 
       3.43951      4.14604 
       3.43954      4.10944 
       3.43955      4.09116 
       3.43956      4.07748 
       3.43959      4.05017 
       3.43961       4.0229 
       3.43963      4.00928 
       3.43964      3.99934 
       3.43968      3.96958 
        3.4397      3.94978 
       3.43971      3.94322 
       3.43975       3.9236 
       3.43979      3.90402 
        3.4398      3.89751 
       3.43983      3.89079 
       3.43986      3.88075 
        3.4399      3.87074 
       3.43994      3.86747 
       3.43995      3.86639 
       3.43998      3.86896 
       3.44002      3.87316 
       3.44006      3.87803 
       3.44011      3.89309 
       3.44019      3.91822 
       3.44025      3.93834 
       3.44031       3.9653 
       3.44038      3.99227 
       3.44041      4.00577 
       3.44044      4.02717 
       3.44048      4.05928 
        3.4405      4.06999 
       3.44053      4.10131 
       3.44059      4.15615 
       3.44059      4.16399 
       3.44066      4.24251 
       3.44075      4.36032 
       3.44081      4.44664 
       3.44091      4.57612 
       3.44094      4.61929 
       3.44097      4.66885 
         3.441      4.71842 
       3.44103      4.77515 
       3.44112      4.94538 
       3.44131      5.31429 
       3.44134       5.3675 
       3.44141      5.47391 
       3.44145      5.52624 
       3.44147      5.54368 
       3.44151      5.56301 
       3.44151      5.56494 
       3.44152      5.56687 
       3.44153      5.56864 
       3.44156      5.55873 
       3.44159      5.54879 
       3.44163      5.52054 
       3.44169      5.46402 
       3.44172      5.42604 
       3.44187       5.2361 
       3.44191      5.19099 
         3.442      5.05564 
       3.44209      4.88861 
       3.44213      4.83292 
       3.44237      4.34193 
       3.44244      4.23237 
       3.44247       4.1776 
        3.4425      4.13376 
       3.44256       4.0461 
       3.44263      3.97568 
       3.44275      3.85673 
       3.44281      3.79726 
       3.44291        3.717 
       3.44294      3.69026 
         3.443      3.64485 
       3.44309      3.59236 
       3.44313      3.57488 
       3.44325      3.52216 
       3.44338      3.46945 
       3.44344      3.44717 
        3.4435       3.4249 
       3.44356      3.40957 
       3.44375      3.36358 
         3.444      3.31433 
       3.44425      3.28307 
        3.4445      3.25182 
       3.44488      3.22298 
         3.445      3.21337 
         3.446      3.16958 
         3.447      3.14601 
         3.448      3.13497 
        3.4495      3.11843 
          3.45      3.11706 
          3.46      3.08963 
       3.46031      3.08944 
          3.48      3.07758 
           3.5      3.07718 
          3.52       3.0849 
       3.52469      3.08671 
          3.54      3.09263 
          3.56      3.10038 
          3.58      3.10815 
          3.59      3.11205 
           3.6      3.11378 
          3.62      3.10655 
          3.63      3.10296 
         3.633      3.10189 
         3.634      3.10154 
         3.636      3.10085 
       3.63788      3.10026 
         3.638      3.10023 
       3.63825      3.10018 
       3.63987      3.09995 
       3.63997      3.09995 
       3.64006      3.09996 
       3.64019      3.10001 
       3.64037       3.1001 
       3.64047      3.10017 
       3.64053      3.10024 
       3.64062      3.10037 
       3.64075      3.10057 
       3.64084      3.10075 
       3.64089      3.10086 
       3.64094        3.101 
       3.64097      3.10112 
         3.641      3.10126 
       3.64103      3.10142 
       3.64108       3.1017 
       3.64112      3.10202 
       3.64119      3.10248 
       3.64123      3.10286 
       3.64127      3.10314 
        3.6413      3.10345 
       3.64132      3.10373 
       3.64134      3.10407 
       3.64136      3.10434 
       3.64138      3.10464 
       3.64139        3.105 
       3.64141      3.10542 
       3.64142       3.1059 
       3.64144      3.10647 
       3.64145      3.10711 
       3.64147      3.10784 
       3.64148      3.10867 
        3.6415      3.10959 
       3.64152      3.11069 
       3.64153      3.11188 
       3.64155      3.11316 
       3.64156      3.11453 
       3.64158      3.11599 
        3.6416      3.11831 
       3.64162      3.12078 
       3.64166      3.12423 
        3.6417      3.12965 
        3.6418      3.14065 
       3.64183      3.14417 
       3.64186      3.14747 
       3.64189      3.15046 
       3.64191      3.15241 
       3.64194      3.15406 
       3.64196      3.15535 
       3.64198      3.15625 
         3.642      3.15657 
       3.64201      3.15669 
       3.64202      3.15671 
       3.64204      3.15652 
       3.64206      3.15592 
       3.64209      3.15498 
       3.64211      3.15373 
       3.64214      3.15167 
       3.64217       3.1493 
       3.64222      3.14537 
       3.64234      3.13432 
       3.64239      3.13034 
       3.64242      3.12784 
       3.64245       3.1255 
       3.64248      3.12335 
       3.64251      3.12187 
       3.64253      3.12051 
       3.64255      3.11927 
       3.64258      3.11812 
       3.64261      3.11674 
       3.64264      3.11548 
       3.64269      3.11376 
       3.64275      3.11162 
       3.64281      3.10958 
       3.64286      3.10811 
       3.64289      3.10719 
       3.64292      3.10633 
       3.64295      3.10574 
       3.64297       3.1052 
       3.64299      3.10472 
       3.64302      3.10429 
       3.64304      3.10393 
       3.64306      3.10361 
       3.64309      3.10335 
       3.64311      3.10313 
       3.64313        3.103 
       3.64316      3.10279 
       3.64319      3.10261 
       3.64323      3.10238 
       3.64337      3.10178 
       3.64381      3.09998 
       3.64387      3.09974 
       3.64394      3.09951 
       3.64398      3.09936 
       3.64403      3.09923 
       3.64406      3.09916 
       3.64412      3.09903 
       3.64422      3.09888 
       3.64587      3.09637 
         3.646      3.09619 
       3.64619      3.09595 
         3.648      3.09367 
          3.65      3.09123 
       3.66031      3.07879 
          3.68      3.05514 
           3.7       3.0312 
         3.705      3.02523 
          3.71      3.02182 
          3.72      3.02666 
          3.73      3.05908 
          3.74      3.16332 
         3.749      3.43981 
         3.751      3.55544 
         3.752      3.63114 
         3.753      3.70684 
         3.755      3.90467 
         3.757      4.16204 
         3.759      4.49013 
         3.761      4.88746 
         3.762      5.10273 
         3.763        5.318 
         3.765      5.68751 
         3.767      5.85992 
         3.769      5.75052 
         3.771      5.40852 
       3.77125      5.35382 
         3.774      4.75212 
         3.775      4.53864 
         3.777      4.17375 
         3.779      3.88147 
         3.781       3.6527 
         3.782      3.56345 
         3.783      3.47421 
         3.785      3.33401 
         3.787      3.22256 
         3.789      3.13275 
         3.791      3.05928 
         3.793       2.9983 
         3.796      2.92494 
         3.799      2.86551 
          3.81      2.72226 
          3.82      2.64027 
          3.83      2.57867 
          3.84      2.53047 
         3.845      2.50641 
          3.85      2.48701 
          3.86      2.44832 
          3.87      2.41211 
          3.88      2.38306 
          3.89      2.35416 
           3.9      2.33137 
          3.91      2.30879 
          3.92      2.29314 
          3.93      2.27777 
          3.94      2.26272 
          3.95      2.24806 
         3.955      2.24097 
          3.96      2.23389 
          3.97      2.22033 
         3.975      2.21393 
          3.98      2.20319 
         3.985      2.19296 
          3.99      2.18048 
             4       2.1416 
          4.01      2.07908 
          4.02      1.98038 
          4.03      1.83562 
          4.04      1.65375 
          4.05      1.47435 
          4.06      1.34332 
          4.07       1.2717 
          4.08      1.23913 
          4.09      1.22421 
         4.095      1.21828 
           4.1      1.21432 
         4.105      1.21215 
          4.11      1.21102 
          4.12      1.22849 
          4.13      1.28913 
          4.14      1.42388 
          4.15      1.64996 
          4.16      1.92793 
          4.17      2.15695 
          4.18      2.26082 
          4.19      2.24637 
           4.2      2.16132 
          4.21      2.04591 
          4.22      1.92256 
          4.23      1.80189 
         4.235      1.74292 
          4.24      1.68531 
          4.25      1.58038 
          4.26      1.49337 
          4.27      1.44287 
         4.275      1.44379 
          4.28      1.47449 
         4.285      1.54888 
          4.29      1.68335 
         4.295      1.88943 
           4.3      2.15992 
         4.305      2.45865 
          4.31      2.73193 
         4.315      2.93628 
          4.32      3.05475 
         4.325      3.09377 
          4.33      3.07198 
         4.335       3.0105 
          4.34      2.92693 
         4.345      2.83347 
          4.35      2.74125 
         4.355      2.65071 
          4.36      2.56203 
          4.37      2.40875 
          4.38      2.28003 
       4.38146      2.26437 
          4.39      2.17256 
           4.4      2.08285 
         4.405      2.04545 
          4.41      2.00829 
         4.415      1.97781 
          4.42      1.94761 
         4.425      1.92426 
          4.43       1.9014 
         4.435      1.88617 
        4.4375      1.87922 
          4.44      1.87536 
         4.445      1.87027 
          4.45      1.87103 
         4.451      1.87246 
         4.452      1.87203 
         4.453      1.87239 
         4.454      1.86908 
         4.455       1.8669 
         4.456      1.85983 
         4.457      1.84778 
         4.458      1.82879 
         4.459      1.80053 
          4.46      1.76091 
         4.461      1.70887 
         4.462      1.64465 
       4.46275      1.59368 
         4.463      1.57638 
       4.46375      1.52487 
         4.464      1.50738 
       4.46475      1.46157 
         4.465      1.44603 
         4.466      1.39743 
         4.467      1.36319 
         4.468      1.34213 
        4.4685      1.33665 
         4.469       1.3313 
          4.47        1.328 
         4.471       1.3304 
         4.472      1.33405 
         4.473      1.33888 
         4.474      1.34475 
         4.475      1.35151 
         4.476      1.35903 
         4.477      1.36385 
         4.478       1.3692 
         4.479      1.37499 
          4.48      1.37828 
         4.481      1.38189 
         4.482      1.38575 
         4.483      1.38734 
        4.4845      1.39007 
         4.486      1.39312 
         4.487      1.39331 
        4.4895      1.39422 
          4.49      1.39446 
         4.495       1.3901 
           4.5       1.3809 
         4.505      1.36726 
        4.5075       1.3611 
          4.51      1.35518 
         4.515      1.34628 
        4.5155      1.34578 
         4.516      1.34648 
         4.517      1.35107 
        4.5175      1.35371 
         4.518      1.35864 
        4.5185      1.36403 
       4.51875      1.36754 
         4.519      1.37114 
       4.51975      1.38856 
          4.52      1.39449 
       4.52063      1.41924 
       4.52087      1.42921 
         4.521      1.43432 
       4.52125      1.45057 
       4.52175      1.48344 
       4.52187      1.49287 
         4.522      1.50256 
       4.52206      1.50944 
       4.52262      1.57309 
       4.52275      1.58734 
       4.52294       1.6119 
         4.523      1.62031 
       4.52306      1.63169 
       4.52325       1.6665 
       4.52338      1.69171 
       4.52388      1.79295 
         4.524      1.82454 
       4.52406      1.84064 
       4.52419      1.88094 
        4.5245       1.9825 
       4.52488      2.10786 
         4.525      2.15428 
       4.52513      2.20832 
       4.52525      2.26264 
       4.52588      2.54637 
         4.526       2.6024 
       4.52619        2.676 
       4.52681      2.91833 
       4.52694       2.9596 
         4.527      2.97305 
       4.52706      2.98589 
       4.52709      2.98861 
       4.52725      3.00062 
       4.52787      3.02118 
         4.528      3.01484 
       4.52812      2.99276 
       4.52819      2.98134 
         4.529      2.78034 
       4.52981      2.54443 
          4.53      2.49048 
       4.53019      2.44437 
       4.53075      2.30746 
       4.53088      2.27867 
         4.531      2.25019 
       4.53119      2.21585 
       4.53175      2.11398 
       4.53188      2.09278 
         4.532      2.07187 
       4.53206      2.06354 
        4.5325      2.00657 
       4.53288      1.95788 
         4.533      1.94178 
       4.53325      1.91762 
       4.53375      1.86965 
         4.534      1.84577 
        4.5345      1.80941 
         4.535      1.77324 
       4.53575      1.73107 
         4.536      1.71709 
         4.537       1.6726 
         4.538      1.63661 
         4.539      1.60828 
        4.5395       1.5943 
          4.54      1.58347 
         4.541      1.56209 
         4.542      1.54271 
        4.5435      1.52017 
         4.544      1.51273 
         4.545       1.5013 
         4.547      1.47875 
        4.5495      1.45735 
          4.55      1.45314 
         4.555      1.42108 
          4.56      1.39697 
         4.565      1.37776 
          4.57      1.36342 
         4.575      1.35004 
          4.58      1.34296 
       4.58375      1.34652 
         4.585       1.3478 
       4.58575      1.35162 
         4.586      1.35296 
         4.587      1.35916 
       4.58725      1.36103 
       4.58775      1.36657 
         4.588      1.36945 
        4.5885      1.37591 
       4.58875      1.38036 
         4.589      1.38497 
        4.5895      1.39508 
          4.59      1.40754 
        4.5905      1.42725 
         4.591       1.4473 
        4.5915      1.48307 
       4.59188      1.51017 
         4.592      1.52414 
       4.59206      1.53131 
        4.5925      1.60405 
       4.59282      1.66086 
       4.59288      1.66962 
         4.593      1.69673 
        4.5931      1.72604 
       4.59315      1.74076 
        4.5933      1.79851 
        4.5934      1.84493 
        4.5935      1.89893 
        4.5936      1.96212 
        4.5937      2.03651 
        4.5938       2.1245 
       4.59387      2.20112 
       4.59395      2.28833 
       4.59403       2.3875 
        4.5941      2.49994 
       4.59417      2.62668 
       4.59425      2.76812 
        4.5943      2.87029 
        4.5944      3.09049 
       4.59455      3.43652 
       4.59462      3.59724 
       4.59465      3.64446 
       4.59468      3.69152 
       4.59473       3.7709 
       4.59478      3.83189 
        4.5948      3.85166 
       4.59482      3.87124 
       4.59487      3.88684 
       4.59492      3.87794 
       4.59495      3.86144 
       4.59497      3.84477 
       4.59503      3.78896 
       4.59504      3.77007 
       4.59508      3.71317 
       4.59515      3.57004 
       4.59522      3.40137 
       4.59525      3.34501 
        4.5954       2.9912 
       4.59548      2.82552 
       4.59555      2.67342 
        4.5956      2.58216 
       4.59562      2.53649 
        4.5957      2.41484 
       4.59578      2.30774 
       4.59585       2.2139 
        4.5959      2.15921 
       4.59592       2.1318 
         4.596      2.05993 
        4.5961      1.97783 
        4.5962      1.90881 
        4.5963      1.85049 
        4.5964      1.80063 
       4.59655      1.73887 
        4.5967      1.68933 
       4.59685      1.64909 
         4.597       1.6175 
       4.59719      1.58837 
       4.59788       1.4991 
         4.598      1.48582 
       4.59825      1.46951 
       4.59987      1.38846 
           4.6      1.38257 
       4.60006      1.38095 
        4.6005      1.37125 
       4.60187      1.34127 
         4.602      1.33873 
       4.60225      1.33568 
        4.6035      1.32158 
         4.604      1.31607 
         4.605         1.31 
         4.606      1.30414 
        4.6075      1.29751 
         4.608      1.29538 
          4.61      1.29218 
         4.612      1.29059 
         4.613      1.29056 
         4.614       1.2914 
         4.616      1.29816 
        4.6175      1.30495 
         4.618      1.30731 
        4.6185      1.31047 
        4.6195       1.3191 
          4.62       1.3236 
         4.621      1.33823 
       4.62187      1.35123 
         4.622       1.3533 
       4.62225       1.3595 
       4.62388      1.40171 
         4.624      1.40539 
       4.62419      1.41372 
       4.62587      1.49339 
         4.626      1.49989 
       4.62606      1.50389 
       4.62638      1.52587 
       4.62663      1.54445 
         4.627      1.57386 
       4.62738      1.60869 
        4.6275      1.62093 
       4.62762      1.63424 
         4.628      1.67612 
       4.62838      1.72067 
        4.6285      1.73617 
       4.62862      1.75244 
         4.629      1.80309 
          4.63      1.94362 
       4.63037      1.98924 
        4.6305      2.00329 
       4.63062       2.0146 
       4.63088       2.0349 
         4.631        2.044 
       4.63106      2.04766 
       4.63112      2.05015 
       4.63125      2.05397 
       4.63144      2.05795 
        4.6315       2.0582 
       4.63164      2.05507 
       4.63166      2.05457 
       4.63194      2.04395 
         4.632      2.04047 
       4.63212      2.03031 
       4.63237      2.00664 
        4.6325      1.99375 
       4.63275       1.9604 
         4.633      1.92512 
       4.63338      1.86594 
       4.63425      1.72322 
       4.63438      1.70433 
       4.63475      1.64953 
         4.635      1.61397 
       4.63538      1.56825 
       4.63562      1.53907 
       4.63575      1.52513 
         4.636      1.50029 
       4.63637      1.46545 
        4.6365       1.4544 
       4.63662      1.44447 
         4.637      1.41625 
       4.63737      1.39281 
       4.63763      1.37801 
       4.63788       1.3639 
         4.638       1.3572 
       4.63825      1.34742 
       4.63987      1.28686 
          4.64      1.28268 
       4.64016      1.27968 
       4.64484      1.20541 
         4.645      1.20318 
       4.64516      1.20194 
       4.64937      1.17497 
          4.65      1.17106 
        4.6525      1.16188 
         4.655       1.1528 
          4.66      1.13784 
          4.67      1.11525 
          4.68      1.09475 
          4.69      1.07512 
           4.7      1.05597 
          4.71      1.03712 
          4.72      1.01852 
          4.73      1.00167 
          4.74     0.985082 
          4.75     0.971382 
          4.76     0.961995 
          4.77     0.960587 
         4.775     0.964889 
          4.78     0.974295 
         4.785     0.990764 
          4.79      1.01703 
         4.795      1.05679 
           4.8      1.11484 
         4.805      1.19683 
          4.81      1.30801 
         4.815      1.45027 
          4.82       1.6178 
       4.82125      1.65952 
         4.825      1.78745 
          4.83      1.93052 
         4.835      2.01695 
          4.84      2.03635 
         4.845      1.99965 
          4.85       1.9279 
         4.855         1.84 
          4.86      1.75247 
        4.8625      1.70904 
         4.865      1.66672 
          4.87      1.58959 
         4.875      1.52076 
          4.88      1.45982 
         4.885      1.40595 
          4.89      1.35822 
         4.895      1.31574 
           4.9      1.27884 
        4.9025      1.26057 
         4.905      1.24443 
          4.91       1.2125 
         4.915       1.1853 
          4.92      1.15844 
         4.925      1.13544 
          4.93      1.11278 
         4.935      1.09312 
          4.94      1.07383 
         4.945      1.05702 
          4.95      1.04065 
          4.96      1.01304 
          4.97     0.991509 
          4.98     0.977444 
          4.99     0.973335 
             5     0.983044 
          5.01      1.01209 
        5.0125      1.02547 
          5.02      1.06616 
          5.03      1.15072 
          5.04      1.26501 
          5.05      1.39854 
          5.06      1.53127 
        5.0625      1.56143 
          5.07      1.64896 
          5.08      1.74878 
         5.085      1.79986 
          5.09      1.85248 
           5.1      2.03064 
         5.103      2.11947 
         5.105      2.19439 
         5.107       2.2853 
         5.109      2.39555 
         5.111      2.52859 
         5.113      2.68698 
         5.115      2.87074 
         5.117      3.07566 
         5.119      3.28162 
         5.121       3.4658 
         5.123      3.59007 
         5.125      3.62171 
         5.127      3.54927 
         5.129      3.38975 
         5.131      3.17836 
         5.133      2.95117 
         5.135      2.73315 
         5.137      2.53786 
         5.139      2.36936 
         5.141      2.22681 
         5.143      2.10724 
         5.145      2.00707 
         5.147      1.92297 
          5.15      1.82073 
          5.16      1.60559 
          5.17      1.48736 
          5.18      1.41111 
          5.19      1.35593 
           5.2      1.31277 
          5.21      1.27717 
          5.22       1.2476 
         5.225      1.23316 
          5.23      1.21962 
          5.24      1.18906 
       5.24375      1.18436 
          5.25      1.17649 
          5.26      1.15687 
          5.27      1.13745 
          5.28       1.1204 
          5.29      1.10329 
           5.3      1.08576 
         5.301      1.08404 
       5.30188      1.08263 
         5.302      1.08244 
       5.30225      1.08287 
       5.30288      1.08399 
         5.303      1.08425 
       5.30312      1.08453 
        5.3035      1.08548 
       5.30363       1.0864 
       5.30381       1.0878 
       5.30391      1.08853 
         5.304       1.0893 
       5.30409      1.09014 
       5.30419      1.09102 
       5.30425      1.09163 
       5.30463      1.09746 
       5.30475      1.09942 
       5.30478      1.10012 
       5.30484      1.10156 
       5.30491      1.10306 
       5.30495      1.10424 
         5.305      1.10548 
       5.30505      1.10792 
       5.30509      1.11042 
       5.30516      1.11383 
       5.30525      1.11904 
       5.30562      1.14012 
       5.30566      1.14229 
       5.30575      1.14888 
        5.3058      1.15227 
       5.30584       1.1558 
       5.30587      1.15828 
       5.30591      1.16252 
       5.30594      1.16693 
       5.30597      1.17152 
         5.306      1.17821 
       5.30603      1.18511 
       5.30606      1.19221 
       5.30609      1.20145 
       5.30613      1.21084 
       5.30617      1.22517 
       5.30619      1.23002 
       5.30623      1.24643 
       5.30641       1.3072 
       5.30669      1.40692 
       5.30675      1.42934 
       5.30678      1.44198 
       5.30683      1.46136 
       5.30688      1.48128 
       5.30691      1.49769 
       5.30694      1.51453 
       5.30697      1.53481 
         5.307      1.55563 
       5.30703      1.58029 
       5.30706      1.60551 
       5.30711      1.64864 
       5.30713      1.66332 
       5.30716      1.69537 
       5.30723      1.77676 
       5.30725      1.79323 
        5.3075      2.06658 
       5.30772      2.30566 
       5.30775      2.33938 
       5.30778      2.36991 
       5.30784      2.42932 
       5.30789      2.46324 
       5.30791      2.47368 
       5.30794      2.48787 
       5.30795      2.49408 
       5.30797      2.49671 
         5.308      2.50037 
       5.30803      2.49478 
       5.30805      2.49119 
       5.30806      2.48402 
       5.30809       2.4679 
       5.30811       2.4565 
       5.30816       2.4197 
       5.30822      2.35644 
       5.30825      2.32389 
       5.30831       2.2525 
       5.30875      1.74782 
       5.30878      1.71212 
       5.30883      1.66149 
       5.30888      1.61162 
       5.30892      1.56738 
       5.30894      1.55297 
       5.30895      1.54044 
       5.30898        1.516 
         5.309      1.50411 
       5.30902      1.49432 
       5.30905      1.47541 
       5.30906      1.46626 
       5.30908      1.45899 
       5.30911      1.44501 
       5.30912      1.43826 
       5.30914      1.43306 
       5.30919      1.41815 
       5.30922      1.40859 
       5.30925      1.40114 
       5.30937      1.37236 
       5.30975      1.28694 
       5.30978      1.28041 
       5.30988      1.26118 
       5.30994      1.24869 
       5.30998      1.24162 
       5.31003      1.23481 
       5.31006      1.23041 
       5.31012      1.22461 
       5.31019      1.21911 
       5.31025      1.21382 
       5.31031      1.20962 
       5.31081      1.17673 
       5.31091      1.17069 
         5.311      1.16483 
       5.31109       1.1616 
       5.31119      1.15856 
       5.31175      1.14103 
       5.31194      1.13529 
         5.312      1.13345 
       5.31206      1.13228 
       5.31225      1.12899 
       5.31287      1.11831 
         5.313      1.11625 
       5.31306      1.11551 
       5.31337      1.11207 
       5.31388      1.10663 
         5.314       1.1053 
       5.31425       1.1035 
         5.315      1.09825 
        5.3155      1.09495 
         5.316       1.0917 
         5.317      1.08784 
        5.3195      1.07825 
          5.32      1.07636 
        5.3225      1.07062 
          5.33      1.05348 
          5.34      1.03236 
       5.34984       1.0069 
          5.35      1.00652 
       5.35008      1.00622 
       5.35482     0.989678 
         5.355     0.989124 
       5.35516     0.988503 
       5.35984     0.971569 
          5.36     0.971108 
       5.36019     0.970755 
       5.36088     0.969875 
       5.36106     0.969776 
        5.3615     0.969973 
       5.36188     0.971505 
         5.362     0.972129 
       5.36219     0.973311 
       5.36263     0.976422 
       5.36275     0.977538 
       5.36281     0.978213 
       5.36294     0.979683 
         5.363     0.980529 
       5.36306     0.981851 
       5.36325     0.986193 
       5.36381     0.999658 
       5.36394       1.0028 
       5.36406       1.0077 
       5.36425      1.01553 
       5.36431      1.01824 
       5.36444      1.02508 
       5.36456      1.03224 
       5.36462      1.03598 
       5.36475      1.04523 
       5.36494      1.05951 
         5.365      1.06449 
       5.36506      1.07094 
       5.36525      1.09096 
       5.36538      1.10467 
       5.36544      1.11264 
        5.3655      1.12091 
       5.36556      1.13061 
       5.36575      1.16061 
       5.36594      1.19483 
       5.36606      1.22256 
       5.36613      1.23681 
       5.36625      1.26923 
       5.36637      1.30218 
       5.36644       1.3212 
       5.36656      1.36001 
       5.36681      1.45207 
         5.367      1.52882 
       5.36713      1.58683 
       5.36719      1.61597 
       5.36737      1.70984 
        5.3675      1.77168 
       5.36769      1.86847 
       5.36788      1.96361 
       5.36797      2.00764 
         5.368      2.02182 
       5.36806      2.04696 
       5.36819      2.09517 
       5.36825      2.11862 
       5.36831      2.13888 
       5.36837      2.15868 
       5.36844      2.17781 
       5.36847       2.1847 
       5.36856      2.20371 
       5.36869      2.21598 
       5.36875      2.22137 
       5.36888      2.22505 
       5.36894      2.22626 
         5.369      2.22381 
       5.36912      2.21032 
       5.36938      2.16536 
        5.3695      2.13818 
       5.36975       2.0718 
       5.36987       2.0349 
          5.37      1.99861 
       5.37019      1.94545 
       5.37038      1.89319 
        5.3705      1.85896 
       5.37063      1.82741 
       5.37081      1.78101 
       5.37094      1.75048 
         5.371      1.73551 
       5.37106      1.72239 
       5.37119      1.69673 
       5.37138      1.65878 
        5.3715      1.63387 
       5.37162      1.61304 
       5.37181      1.58235 
       5.37194      1.56211 
         5.372      1.55215 
       5.37206      1.54371 
       5.37225      1.51893 
       5.37244      1.49445 
        5.3725      1.48643 
       5.37256      1.47962 
       5.37275      1.45958 
       5.37294      1.43976 
         5.373      1.43327 
       5.37313      1.42222 
       5.37337      1.40051 
        5.3735       1.3898 
       5.37356      1.38538 
       5.37375      1.37235 
         5.374      1.35517 
       5.37425      1.33831 
        5.3745       1.3244 
       5.37475      1.31073 
       5.37494      1.30213 
         5.375      1.29935 
       5.37504      1.29826 
       5.37516      1.29512 
       5.37813      1.21839 
       5.37984        1.174 
       5.37996      1.17103 
          5.38      1.17007 
       5.38008      1.16923 
       5.38023      1.16766 
       5.38484      1.12264 
         5.385      1.12113 
       5.38531       1.1195 
          5.39      1.09538 
         5.395       1.0791 
           5.4      1.06764 
          5.41      1.05225 
          5.42      1.04234 
          5.43      1.03656 
         5.435       1.0337 
          5.44      1.03238 
          5.45      1.02978 
          5.46      1.03079 
         5.465      1.03131 
          5.47      1.03343 
          5.48      1.03769 
          5.49      1.04569 
           5.5      1.05712 
          5.51      1.07264 
          5.52      1.09308 
          5.53       1.1195 
          5.54      1.15318 
          5.55      1.19567 
          5.56      1.24877 
          5.57      1.31441 
          5.58      1.39444 
          5.59      1.49002 
           5.6      1.60145 
         5.602      1.62379 
         5.603      1.63566 
         5.606      1.67133 
         5.608      1.69512 
         5.612      1.74278 
         5.616      1.79052 
          5.62      1.83247 
         5.622      1.85347 
         5.626      1.88712 
          5.63       1.9108 
         5.634      1.92189 
         5.637      1.91967 
         5.638      1.91889 
       5.63954      1.91256 
          5.64      1.91068 
         5.642      1.90239 
         5.644      1.88776 
         5.645       1.8804 
         5.646      1.87305 
         5.647      1.86569 
         5.648      1.85829 
          5.65      1.84349 
         5.652      1.82864 
         5.654      1.81374 
         5.655      1.80852 
         5.656       1.8033 
         5.658      1.79286 
         5.659      1.78767 
          5.66      1.78583 
         5.661        1.784 
         5.662      1.78219 
         5.664      1.78578 
         5.666      1.79785 
         5.668      1.82381 
       5.66988      1.87273 
          5.67      1.87605 
       5.67013      1.88271 
       5.67175      1.97003 
       5.67181      1.97442 
       5.67194      1.98327 
         5.672      1.98776 
       5.67206      1.99547 
       5.67225      2.01884 
        5.6725       2.0501 
       5.67375      2.21866 
       5.67387      2.23566 
       5.67391      2.24222 
         5.674      2.26215 
       5.67406       2.2756 
       5.67409      2.28515 
       5.67425      2.33331 
       5.67438      2.37197 
         5.675      2.57463 
       5.67581      2.83808 
       5.67594      2.86939 
         5.676      2.87711 
       5.67606      2.88463 
       5.67613      2.88585 
       5.67637      2.86912 
        5.6765      2.86068 
       5.67775      2.75806 
       5.67781      2.75282 
       5.67788      2.74427 
       5.67794      2.73549 
       5.67797      2.72822 
       5.67806      2.70593 
       5.67812      2.68425 
       5.67825      2.64052 
       5.67981      2.02867 
       5.67994      1.98596 
       5.68003      1.96204 
       5.68006      1.95415 
       5.68013      1.94434 
       5.68025      1.92496 
       5.68181      1.74335 
       5.68188      1.73613 
       5.68194      1.73126 
       5.68206      1.72169 
       5.68213      1.71699 
       5.68225      1.71236 
       5.68388        1.653 
         5.684      1.64848 
       5.68425      1.64462 
         5.686      1.61808 
         5.688      1.60283 
          5.69      1.59439 
         5.692      1.58618 
         5.694      1.57971 
         5.696      1.57331 
           5.7      1.56066 
         5.705      1.54502 
          5.71      1.52792 
          5.72      1.48639 
         5.725      1.46566 
          5.74      1.40347 
          5.75      1.36207 
         5.755      1.34305 
         5.765      1.30505 
          5.77      1.28608 
         5.775      1.26961 
          5.78      1.25316 
         5.785      1.23675 
          5.79      1.22223 
         5.795      1.20776 
           5.8      1.19329 
          5.81      1.16915 
         5.815      1.15716 
          5.82      1.14717 
          5.83      1.12741 
         5.835      1.12001 
          5.84      1.11261 
          5.85      1.10303 
         5.855      1.10198 
          5.86      1.10121 
         5.865      1.10473 
          5.87      1.11263 
         5.875       1.1267 
          5.88      1.14977 
         5.885      1.18648 
       5.88938      1.23733 
          5.89      1.24465 
       5.89437      1.32606 
         5.895      1.33779 
       5.89687      1.39441 
       5.89937      1.47002 
           5.9      1.48907 
       5.90063      1.51951 
       5.90438      1.70307 
         5.905      1.73386 
       5.90562      1.77935 
          5.91      2.09922 
         5.915      2.49449 
        5.9165      2.56649 
         5.917      2.59014 
        5.9185      2.60753 
         5.919      2.61293 
       5.92088      2.56182 
       5.92116      2.54658 
       5.92125      2.54122 
         5.925      2.27758 
          5.93      1.86447 
       5.93437      1.58857 
         5.935      1.54934 
       5.93687      1.47007 
          5.94      1.33832 
       5.94312      1.24963 
         5.945      1.19655 
          5.95      1.09646 
         5.955        1.021 
          5.96     0.959855 
         5.962     0.938514 
         5.964     0.917411 
         5.966     0.896511 
         5.968     0.877247 
          5.97     0.858141 
         5.972     0.839175 
         5.974     0.820336 
         5.977     0.792291 
         5.978     0.784375 
         5.979      0.77651 
          5.98     0.769388 
         5.982     0.759966 
         5.984     0.760476 
         5.986      0.77992 
       5.98775     0.825701 
         5.988     0.833909 
         5.989     0.887655 
       5.98987      0.93661 
          5.99     0.945947 
       5.99013     0.955228 
        5.9915      1.08339 
         5.992      1.13174 
         5.993      1.25149 
         5.994      1.37194 
        5.9955      1.53131 
       5.99575      1.55789 
         5.996      1.58139 
         5.997      1.63482 
         5.998      1.68228 
       5.99825      1.68449 
         5.999      1.68195 
             6      1.67862 
       6.00175        1.627 
         6.002      1.61964 
       6.00425      1.53618 
         6.006      1.47132 
         6.008      1.40664 
         6.009      1.37897 
          6.01      1.35126 
         6.012      1.30422 
         6.014       1.2642 
         6.016      1.22988 
         6.018      1.20024 
         6.021      1.16297 
         6.024      1.13252 
         6.026      1.11353 
          6.03      1.08256 
         6.034      1.05689 
         6.037      1.04123 
          6.04      1.02567 
         6.042       1.0175 
         6.044      1.00941 
         6.046      1.00142 
         6.048     0.995529 
          6.05     0.989789 
         6.052     0.984241 
         6.054     0.981654 
         6.056     0.979403 
         6.057     0.978511 
         6.058     0.978616 
          6.06     0.981894 
        6.0615     0.988061 
         6.062     0.990173 
        6.0635      1.00264 
         6.064      1.00689 
         6.065      1.02288 
       6.06588      1.03699 
         6.066      1.03912 
       6.06625       1.0467 
        6.0675      1.08546 
       6.06781      1.09631 
         6.068      1.10315 
       6.06819       1.1152 
         6.069      1.16887 
       6.06981      1.22549 
          6.07      1.23898 
       6.07019      1.25878 
       6.07037      1.27902 
        6.0705      1.29518 
       6.07075      1.32813 
         6.071      1.36666 
       6.07113      1.38644 
       6.07125      1.40929 
       6.07144      1.44409 
        6.0715      1.45594 
       6.07163      1.48358 
       6.07188      1.53987 
       6.07206      1.58854 
       6.07212      1.60513 
       6.07231      1.65981 
       6.07237      1.67834 
        6.0725       1.7192 
       6.07263      1.76091 
       6.07269      1.78371 
       6.07288       1.8531 
       6.07294       1.8783 
       6.07312      1.95526 
       6.07338      2.06894 
        6.0735      2.12652 
       6.07363      2.18911 
       6.07438      2.56795 
        6.0745      2.62595 
       6.07456      2.65181 
       6.07475      2.72699 
       6.07481       2.7488 
       6.07494        2.791 
       6.07506      2.81933 
       6.07513      2.83236 
       6.07525      2.84689 
       6.07538      2.85957 
       6.07544      2.86207 
       6.07556      2.85657 
       6.07575      2.82734 
       6.07594      2.78433 
       6.07606      2.74351 
       6.07613      2.72219 
       6.07625      2.67082 
       6.07638      2.61835 
        6.0765      2.56088 
       6.07662      2.50221 
       6.07688      2.37867 
       6.07725      2.19366 
        6.0775      2.07679 
       6.07775      1.97165 
       6.07788      1.91981 
         6.078      1.87275 
       6.07812      1.82667 
       6.07819      1.80561 
       6.07837      1.74341 
       6.07844      1.72449 
       6.07863      1.66897 
       6.07888      1.60466 
         6.079      1.57297 
       6.07925      1.51998 
       6.07937      1.49397 
        6.0795      1.47098 
       6.07963       1.4486 
       6.07975      1.42889 
          6.08      1.39024 
       6.08025      1.35817 
       6.08038      1.34243 
        6.0805      1.32891 
       6.08075      1.30261 
         6.081       1.2797 
       6.08138      1.25146 
        6.0815      1.24229 
       6.08162      1.23508 
       6.08187      1.22107 
         6.082      1.21436 
       6.08213      1.21043 
        6.0835      1.17065 
       6.08388      1.16118 
         6.084      1.15829 
       6.08413       1.1575 
       6.08425      1.15698 
       6.08575      1.15941 
         6.086       1.1599 
         6.088      1.19529 
          6.09      1.24436 
         6.091      1.26713 
        6.0915      1.27791 
         6.092      1.28855 
         6.094      1.31035 
         6.096      1.30701 
        6.0965      1.30169 
         6.098      1.28554 
           6.1      1.25499 
         6.102      1.22262 
         6.104      1.19177 
         6.105      1.17699 
         6.106      1.16377 
         6.108      1.13835 
          6.11        1.117 
         6.112      1.09957 
         6.114       1.0826 
         6.116      1.06954 
         6.118      1.05675 
          6.12      1.04684 
         6.122      1.03714 
         6.123      1.03346 
         6.126      1.02275 
         6.128       1.0157 
         6.129      1.01321 
          6.13      1.01081 
         6.135      0.99881 
          6.14     0.990425 
         6.145     0.984912 
          6.15     0.979525 
        6.1575     0.975313 
        6.1625     0.972277 
         6.165     0.970688 
          6.17     0.968969 
         6.175     0.966792 
          6.18     0.964143 
         6.185     0.961055 
          6.19     0.957598 
         6.195     0.955008 
           6.2     0.952121 
       6.20813     0.947431 
          6.22     0.940354 
          6.23     0.936758 
         6.235     0.935078 
         6.245     0.931719 
         6.255     0.930454 
         6.265     0.931181 
       6.27217     0.931286 
        6.2722     0.931287 
        6.2725     0.931291 
         6.275     0.931843 
          6.28     0.932948 
         6.285     0.933775 
          6.29     0.934455 
         6.295     0.936801 
           6.3     0.939148 
         6.305     0.941863 
         6.308     0.945073 
          6.31     0.947213 
         6.315     0.953313 
        6.3175     0.956828 
         6.318     0.957828 
          6.32     0.961829 
         6.325     0.972115 
         6.328     0.981179 
          6.33     0.987221 
        6.3325     0.995363 
         6.335      1.00524 
         6.336       1.0094 
        6.3375      1.01563 
          6.34      1.02784 
        6.3425      1.04077 
         6.345       1.0547 
          6.35      1.08868 
         6.355      1.12999 
          6.36      1.17984 
         6.362      1.20327 
         6.364      1.22671 
         6.366      1.25334 
         6.368      1.28032 
          6.37      1.31068 
         6.372      1.34178 
         6.374      1.37346 
         6.376      1.40717 
         6.378      1.44166 
          6.38      1.47717 
         6.382      1.51393 
         6.383      1.53303 
         6.384      1.54969 
        6.3855      1.57611 
         6.386      1.58445 
         6.387      1.60189 
         6.389      1.63176 
          6.39      1.64614 
         6.392      1.67024 
         6.394      1.68846 
         6.396      1.69923 
         6.398      1.70138 
         6.399      1.69828 
           6.4      1.69495 
         6.401       1.6876 
         6.402      1.67954 
         6.403       1.6678 
         6.404      1.65563 
         6.406      1.62319 
         6.408      1.58258 
         6.409      1.56098 
          6.41      1.53794 
        6.4115      1.50201 
         6.412      1.48953 
         6.414      1.43774 
         6.415      1.41029 
         6.416      1.38459 
         6.418      1.33045 
          6.42      1.27826 
         6.422      1.22765 
        6.4235      1.19261 
         6.425      1.15722 
          6.43      1.05372 
       6.43088      1.03885 
       6.43375     0.990732 
         6.435     0.969895 
         6.436     0.956236 
       6.43625     0.952821 
          6.44      0.90241 
         6.445     0.849448 
          6.45     0.808033 
       6.45215       0.7942 
         6.455     0.775804 
          6.46     0.750865 
         6.465     0.731751 
         6.468     0.723307 
          6.47     0.717678 
         6.475     0.706757 
          6.48     0.697097 
       6.48031     0.696638 
         6.484     0.692791 
         6.485     0.691748 
          6.49     0.690297 
         6.494     0.691375 
         6.495     0.691644 
           6.5     0.694832 
         6.502     0.697265 
         6.504     0.699699 
         6.506     0.702133 
         6.508     0.704567 
          6.51        0.707 
         6.512     0.709731 
         6.514     0.712461 
       6.51646     0.715821 
          6.52     0.723696 
         6.522     0.728184 
         6.524     0.732673 
         6.525     0.734918 
         6.526     0.736384 
         6.528     0.739325 
          6.53     0.742278 
         6.532     0.746504 
         6.534     0.750739 
         6.536     0.754982 
         6.538     0.759232 
          6.54     0.763488 
         6.542     0.769632 
         6.544      0.77578 
         6.546     0.781931 
         6.548     0.788083 
          6.55     0.794236 
         6.552     0.802709 
         6.554     0.811183 
         6.556     0.819652 
         6.558      0.82812 
          6.56     0.836583 
         6.562      0.84772 
         6.564     0.858851 
         6.566     0.869974 
         6.568      0.88109 
          6.57     0.892196 
         6.572     0.903081 
         6.574     0.913956 
         6.575     0.919389 
         6.576     0.924977 
         6.578     0.936153 
          6.58     0.947329 
         6.582     0.955424 
         6.584     0.963519 
         6.586     0.971614 
         6.588     0.979704 
          6.59     0.987794 
         6.592     0.994385 
         6.594      1.00097 
         6.596      1.00756 
         6.598      1.01414 
           6.6      1.02073 
         6.602      1.02538 
         6.604      1.03003 
         6.608      1.03932 
          6.61      1.04397 
         6.615      1.05096 
         6.616      1.05231 
          6.62      1.05768 
         6.622      1.05867 
         6.624      1.05965 
         6.625      1.06014 
         6.626      1.06068 
         6.628      1.06177 
          6.63      1.06285 
         6.632      1.06283 
         6.634       1.0628 
         6.636      1.06277 
         6.638      1.06274 
          6.64       1.0627 
         6.642       1.0632 
         6.644       1.0637 
         6.646      1.06421 
         6.648      1.06471 
          6.65      1.06521 
         6.652      1.06829 
         6.654      1.07253 
        6.6545      1.07359 
         6.656        1.078 
         6.657      1.08163 
         6.658      1.08702 
         6.659      1.09322 
          6.66      1.10037 
         6.661      1.10864 
         6.662      1.11823 
         6.663      1.12931 
         6.664      1.14209 
         6.665      1.15674 
         6.666      1.17355 
         6.667      1.19218 
         6.668      1.21045 
        6.6685      1.21958 
        6.6695      1.23821 
          6.67      1.24656 
         6.671      1.25914 
        6.6715       1.2638 
         6.672      1.26691 
         6.673      1.26877 
         6.674       1.2647 
         6.675      1.25425 
         6.676      1.23994 
         6.677      1.22262 
         6.678      1.20341 
          6.68      1.16696 
         6.681      1.14874 
         6.682      1.13346 
         6.683      1.11909 
         6.684      1.10566 
         6.685      1.09465 
         6.686      1.08453 
         6.687      1.07526 
         6.688      1.06677 
        6.6895      1.05696 
          6.69      1.05412 
         6.691      1.04844 
         6.692      1.04361 
        6.6925      1.04119 
         6.694      1.03491 
         6.695      1.03128 
         6.696      1.02861 
        6.6975       1.0246 
         6.698      1.02329 
           6.7      1.01806 
          6.71      1.01209 
          6.72      1.01978 
         6.725      1.02769 
          6.73      1.03793 
         6.735      1.04941 
          6.74      1.06229 
          6.75      1.09053 
          6.76      1.12429 
        6.7675      1.15572 
          6.77      1.16625 
         6.775       1.1949 
          6.78      1.22054 
          6.79      1.29997 
           6.8      1.42899 
          6.81      1.61219 
          6.82      1.67601 
       6.82375      1.58015 
         6.825       1.5476 
          6.83      1.41193 
          6.84      1.16008 
       6.84375      1.11555 
          6.85      1.04163 
          6.86     0.975385 
          6.87     0.927187 
         6.875     0.908664 
          6.88     0.890301 
          6.89     0.869703 
           6.9     0.856988 
          6.91     0.846313 
          6.92     0.838322 
         6.925     0.836141 
          6.93     0.836865 
          6.95     0.840321 
          6.96     0.844651 
          6.97     0.852429 
       6.97062     0.853158 
         6.975     0.858976 
          6.98      0.86695 
          6.99       0.8866 
             7     0.908357 
          7.01     0.932637 
          7.02     0.954592 
         7.025     0.964603 
          7.03      0.97466 
          7.04      0.99646 
          7.05      1.01425 
          7.06      1.02526 
          7.07      1.01911 
         7.075      1.01386 
          7.08      1.00963 
           7.1      1.00135 
        7.1125      1.00283 
         7.115      1.00419 
          7.12       1.0061 
         7.125      1.00912 
          7.13      1.01198 
          7.14      1.02101 
         7.145      1.02883 
         7.155      1.05026 
          7.16      1.06742 
         7.165      1.09441 
          7.17       1.1336 
         7.175      1.18793 
          7.18      1.26741 
         7.185       1.3738 
          7.19      1.49621 
       7.19125      1.53236 
         7.195      1.64058 
           7.2      1.74752 
         7.205      1.73713 
          7.21      1.67998 
          7.22      1.56158 
         7.225      1.51303 
          7.23      1.46451 
         7.235      1.41877 
          7.24      1.37673 
         7.245      1.34073 
          7.25      1.31279 
          7.26       1.2883 
        7.2625      1.28514 
          7.27      1.27518 
         7.275      1.26966 
          7.28      1.26541 
          7.29      1.26254 
           7.3      1.27036 
          7.31       1.2518 
          7.32      1.32858 
         7.325      1.35003 
          7.33      1.36964 
          7.34      1.34591 
          7.35      1.31545 
        7.3533      1.30295 
          7.36      1.27606 
        7.3675      1.19745 
          7.37      1.17254 
         7.375      1.23423 
          7.38      1.29562 
          7.41      1.24063 
          7.42      1.22622 
         7.425      1.21949 
          7.43      1.21132 
          7.45      1.18026 
          7.47      1.15369 
         7.475      1.14837 
          7.48      1.14064 
          7.49      1.12561 
           7.5      1.11461 
         7.515      1.12413 
          7.52      1.12657 
         7.525       1.1248 
          7.53      1.12422 
          7.54      1.12424 
          7.55      1.12135 
          7.56      1.11866 
        7.5656      1.11348 
          7.57      1.11475 
         7.575      1.11393 
          7.58       1.1093 
          7.59      1.10324 
           7.6      1.10231 
          7.61      1.10994 
       7.61359      1.11442 
          7.62      1.12242 
         7.625      1.12802 
          7.63      1.13654 
         7.665      1.19156 
          7.67      1.19938 
         7.675       1.2078 
          7.68       1.2161 
          7.69      1.23408 
         7.715      1.27846 
          7.72      1.28728 
         7.725      1.29545 
          7.73      1.30493 
          7.75        1.339 
          7.77      1.36772 
         7.775      1.37343 
          7.78      1.37904 
           7.8      1.40211 
          7.81      1.41628 
          7.82      1.43037 
         7.825       1.4391 
          7.83      1.44125 
          7.85       1.4563 
          7.86      1.45994 
         7.865      1.45559 
          7.87      1.45131 
         7.875      1.43703 
          7.88      1.41847 
          7.89      1.36835 
           7.9      1.31308 
         7.915      1.23476 
          7.92      1.20788 
         7.925      1.17863 
          7.93      1.14892 
         7.935      1.11908 
          7.95      1.02765 
          7.96     0.972949 
          7.97      0.92749 
         7.975     0.908164 
          7.98     0.890032 
          7.99     0.861082 
         7.995     0.850582 
             8     0.840126 
          8.01     0.830429 
          8.02      0.82673 
         8.025     0.826879 
          8.03     0.831188 
          8.04     0.842768 
          8.05     0.857874 
          8.06     0.875541 
          8.07     0.894651 
         8.075      0.90429 
          8.08     0.918035 
           8.1     0.973342 
          8.12      1.03252 
         8.125      1.04746 
       8.13125      1.06975 
         8.135      1.08325 
          8.15      1.13335 
          8.16       1.1615 
         8.165      1.17415 
          8.17      1.18681 
         8.175      1.19821 
         8.185      1.21963 
          8.19      1.23024 
           8.2      1.24983 
         8.215      1.27661 
         8.225      1.29423 
          8.24      1.31391 
          8.25       1.3227 
          8.26      1.32784 
          8.27      1.33017 
         8.275      1.33026 
          8.28      1.32869 
          8.29      1.32581 
           8.3      1.32046 
          8.31      1.31607 
          8.32      1.30875 
         8.325      1.30385 
          8.35      1.27422 
          8.37      1.25076 
         8.375      1.24591 
          8.38      1.23691 
          8.39      1.22211 
         8.395       1.2159 
           8.4      1.20962 
          8.41      1.20001 
          8.42      1.19017 
         8.425      1.18503 
          8.43       1.1809 
          8.45      1.16335 
          8.47      1.14278 
         8.475      1.13773 
          8.48      1.13216 
          8.49      1.12131 
           8.5      1.11068 
         8.505      1.10557 
          8.51      1.10102 
          8.52      1.09524 
         8.525      1.09287 
          8.53      1.08983 
          8.54      1.08607 
          8.55      1.08455 
        8.5625      1.08377 
         8.575      1.08619 
         8.585      1.09273 
          8.59       1.0964 
           8.6       1.1066 
          8.61      1.12006 
         8.615      1.12787 
          8.62      1.13559 
         8.625      1.14426 
          8.63      1.15273 
         8.635      1.16093 
          8.64      1.17006 
          8.65       1.1879 
          8.66      1.20783 
          8.67      1.22743 
         8.675      1.23803 
          8.68      1.24905 
           8.7       1.2919 
          8.71      1.31276 
          8.72      1.33037 
         8.725      1.33725 
          8.73      1.34464 
          8.74      1.35496 
         8.745      1.35799 
          8.75      1.36055 
          8.76      1.36042 
          8.77       1.3553 
         8.775      1.34954 
          8.78      1.34377 
          8.79      1.32709 
           8.8       1.3073 
         8.815      1.27513 
          8.82      1.26451 
         8.825      1.25502 
          8.83       1.2442 
         8.845      1.21212 
          8.85      1.20151 
          8.86       1.1802 
          8.87      1.15909 
         8.875      1.14791 
          8.89      1.11963 
           8.9      1.10038 
          8.91      1.08378 
          8.92      1.07504 
         8.925       1.0752 
          8.95       1.0866 
          8.96      1.11416 
         8.975      1.12032 
          8.98      1.12194 
          8.99      1.13319 
             9      1.15319 
        9.0125      1.17505 
          9.02      1.18821 
         9.025      1.20605 
          9.04      1.27384 
          9.05      1.30377 
       9.06349        1.264 
         9.075      1.23004 
       9.07969      1.21353 
           9.1      1.18803 
         9.125      1.15219 
          9.14      1.12915 
         9.175      1.08174 
          9.18       1.0755 
           9.2      1.05359 
         9.225      1.03988 
         9.248      1.03372 
         9.274      1.03362 
         9.275      1.03397 
           9.3      1.04275 
         9.325      1.07011 
          9.35      1.10228 
         9.375      1.12801 
           9.4      1.14658 
       9.42362      1.13421 
         9.425      1.13399 
       9.43138      1.13188 
        9.4315      1.13181 
         9.475      1.13255 
           9.5       1.1303 
         9.525      1.12834 
         9.575      1.13031 
       9.58125      1.13008 
           9.6      1.13155 
         9.625      1.14297 
          9.65      1.15516 
         9.675      1.16894 
           9.7       1.1866 
         9.725      1.20094 
        9.7625      1.21547 
         9.775      1.21906 
           9.8      1.22714 
         9.825      1.22337 
       9.83887       1.2172 
        9.8625      1.20668 
         9.875      1.20054 
           9.9       1.1889 
         9.925      1.18259 
          9.95      1.18825 
         9.975      1.20425 
            10      1.22028 
         10.05      1.25357 
          10.1      1.28489 
        10.122      1.29663 
       10.1411      1.30418 
         10.15       1.3077 
       10.1895      1.31547 
         10.19      1.31557 
        10.202      1.31659 
       10.2445      1.30499 
        10.247      1.30431 
         10.25      1.30262 
       10.2842      1.28265 
          10.3      1.27338 
         10.35      1.23253 
        10.372      1.21277 
       10.3722      1.21262 
          10.4      1.18943 
       10.4292       1.1759 
         10.45       1.1663 
        10.465      1.16231 
          10.5      1.15546 
       10.5275      1.15203 
        10.528      1.15197 
         10.55      1.14729 
       10.5602       1.1435 
        10.563      1.14259 
          10.6      1.12416 
       10.6481       1.1172 
         10.65      1.11693 
        10.667      1.11726 
       10.6671      1.11727 
         10.68      1.11958 
         10.69      1.12503 
          10.7      1.13669 
         10.71      1.13984 
         10.72      1.11467 
         10.73      1.05936 
         10.75      1.11013 
         10.76      1.13102 
         10.77      1.15015 
         10.78      1.16715 
       10.7984      1.19385 
         10.82      1.22531 
         10.83      1.23866 
         10.84      1.24759 
         10.85      1.25251 
         10.86      1.25301 
         10.87      1.25124 
         10.88       1.2511 
          10.9      1.25771 
         10.92      1.26873 
         10.93      1.28238 
         10.94      1.31325 
         10.95        1.355 
       10.9507      1.35829 
         10.96      1.40156 
         10.97      1.43127 
         10.99      1.43853 
            11      1.44448 
        11.009      1.45544 
         11.05      1.51355 
          11.1      1.58538 
         11.15      1.63372 
       11.1552       1.6329 
          11.2      1.62583 
         11.25      1.59514 
          11.3       1.5647 
       11.3126      1.55938 
         11.35      1.54353 
          11.4      1.53577 
         11.45      1.56897 
       11.4722       1.5874 
          11.5      1.61053 
         11.52       1.6252 
         11.55      1.64234 
          11.6      1.65172 
        11.643      1.64075 
        11.648      1.63847 
         11.65       1.6377 
       11.6622      1.63152 
          11.7      1.61248 
         11.75      1.59544 
       11.7787      1.63265 
        11.779      1.63304 
        11.797      1.63814 
          11.8      1.63757 
       11.8144      1.62864 
       11.8268      1.62092 
         11.85      1.60648 
          11.9      1.57304 
         11.95       1.5635 
         11.97      1.56771 
       11.9936      1.55375 
            12      1.54998 
         12.05      1.50022 
         12.11      1.44236 
         12.15      1.40854 
        12.161      1.39931 
       12.1693      1.39775 
          12.2      1.39201 
         12.25       1.4146 
          12.3      1.43107 
        12.333      1.43869 
        12.341      1.43986 
         12.35       1.4412 
         12.45       1.4516 
          12.5      1.46002 
         12.55      1.46721 
          12.6      1.46768 
       12.6256      1.46531 
         12.65      1.46305 
       12.6764      1.46217 
          12.7      1.46138 
         12.75      1.48092 
       12.8285      1.54744 
         12.85       1.5657 
       12.8552      1.56827 
       12.8924      1.58664 
          12.9      1.58635 
         12.95      1.56028 
            13      1.51377 
       13.0313      1.49644 
         13.05      1.48608 
          13.1       1.4893 
         13.15      1.50195 
       13.1834      1.50596 
          13.2      1.50796 
       13.2247      1.50646 
       13.2341      1.50615 
         13.25      1.50562 
          13.3      1.50262 
         13.35      1.50902 
       13.3694       1.5126 
          13.4      1.51826 
       13.4208      1.52309 
         13.45      1.52985 
          13.5      1.54067 
         13.55      1.54326 
         13.62      1.54874 
         13.65      1.55684 
       13.6743      1.56494 
       13.6905      1.56992 
         13.73      1.58216 
         13.74      1.58324 
         13.75      1.57889 
         13.76      1.57203 
         13.77      1.56809 
        13.785       1.5725 
          13.8      1.58087 
         13.81      1.58397 
         13.83      1.57885 
         13.85      1.57183 
       13.8836      1.56355 
         13.95      1.54719 
            14      1.53148 
         14.05      1.52232 
          14.1      1.53059 
         14.15      1.54074 
       14.1975      1.54535 
         14.25      1.55043 
       14.3496      1.56049 
         14.35      1.56052 
       14.3978      1.56688 
          14.4      1.56717 
         14.45      1.57689 
          14.5      1.58745 
         14.55      1.60086 
         14.65      1.63354 
       14.7046      1.65072 
         14.75      1.66502 
         14.85      1.69416 
        14.912      1.69777 
         14.95      1.69997 
            15      1.70207 
         15.02      1.70204 
         15.05      1.69179 
          15.1      1.66433 
         15.15      1.63149 
          15.2      1.59601 
       15.2116      1.59001 
         15.25      1.57022 
        15.255      1.56753 
         15.35      1.53543 
       15.3921      1.52504 
          15.4      1.52513 
       15.4262      1.52864 
         15.45      1.53183 
          15.5      1.54165 
         15.55      1.55142 
          15.6      1.56204 
         15.65      1.56963 
          15.7      1.57242 
       15.7187      1.57216 
         15.75      1.57173 
          15.8      1.56593 
         15.85      1.55642 
          15.9      1.54606 
       15.9404       1.5297 
         15.95      1.52583 
            16       1.5048 
          16.1      1.49924 
         16.13      1.50298 
        16.161      1.50684 
          16.2      1.51383 
        16.205      1.51504 
        16.212      1.51654 
       16.2257      1.52009 
          16.3      1.53929 
          16.4      1.54797 
         16.41      1.54743 
       16.4546      1.53858 
          16.5      1.52959 
        16.531       1.5198 
          16.6      1.50673 
        16.615      1.50412 
       16.6516      1.50209 
          16.7      1.50481 
       16.7328      1.51077 
          16.8      1.52299 
         16.82      1.52664 
          16.9      1.54762 
       16.9689      1.56822 
            17      1.57754 
        17.025      1.58574 
          17.1      1.61272 
        17.169      1.62723 
          17.2      1.63202 
         17.23      1.63429 
       17.2398      1.63504 
       17.2502      1.63583 
          17.3      1.63584 
          17.4       1.6337 
        17.435      1.63225 
       17.4831        1.629 
        17.488      1.62866 
          17.5       1.6278 
          17.6      1.62027 
         17.64      1.61802 
          17.7      1.61454 
       17.7469      1.61293 
          17.8      1.61112 
        17.807      1.61088 
        17.845      1.60856 
       17.8507      1.60798 
          17.9      1.60299 
       17.9973      1.59477 
            18      1.59454 
         18.05      1.58622 
          18.1      1.57778 
       18.1338       1.5737 
          18.2      1.56584 
       18.2539      1.56327 
        18.255      1.56322 
        18.289      1.56145 
          18.3      1.56088 
          18.4      1.56437 
         18.46      1.56869 
          18.5      1.57307 
       18.5718      1.57978 
          18.6      1.58231 
        18.665      1.59787 
          18.7      1.60603 
        18.761      1.62092 
          18.8      1.63044 
         18.87      1.64988 
          18.9      1.65791 
            19      1.66791 
        19.075      1.66229 
          19.1       1.6606 
          19.2      1.65471 
       19.2681      1.64787 
         19.28      1.64667 
          19.3      1.64549 
       19.3645      1.63562 
          19.4      1.63021 
        19.401      1.63021 
        19.485      1.61676 
          19.5      1.61421 
       19.5399      1.61167 
       19.5891      1.60853 
          19.6      1.60769 
       19.6394      1.60804 
         19.69      1.60846 
          19.7      1.60802 
       19.7751      1.61211 
          19.8      1.61346 
       19.8156      1.61414 
        19.895      1.61757 
          19.9      1.61769 
            20      1.62121 
          20.1      1.63142 
       20.1482      1.63847 
       20.1808      1.64437 
       20.2562      1.65803 
       20.2597      1.65867 
       20.2822      1.66272 
       20.3342      1.67211 
         20.35      1.67426 
         20.42      1.67926 
       20.4655      1.68031 
          20.5       1.6811 
       20.5683      1.68203 
       20.6171       1.6827 
         20.65      1.68362 
       20.7892      1.67963 
         20.82      1.67875 
       20.8585       1.6776 
        20.903      1.67628 
         20.95      1.67494 
       20.9763      1.67446 
       20.9945      1.67413 
            21      1.67398 
       21.0816      1.67194 
       21.1528      1.67022 
       21.2325      1.66831 
       21.2456        1.668 
         21.25      1.66789 
       21.2963      1.66681 
       21.4424      1.66341 
       21.4512      1.66321 
          21.5      1.66213 
       21.5498      1.66105 
         21.55      1.66105 
       21.5942      1.66113 
       21.5967      1.66109 
       21.6362      1.66043 
        21.725      1.65894 
       21.7538      1.65842 
         21.85      1.65668 
        21.895      1.65492 
       21.9014      1.65477 
       21.9868      1.65276 
            22      1.65245 
        22.044      1.65218 
         22.15      1.65078 
       22.2448      1.64963 
       22.3104      1.64884 
         22.45      1.64716 
          22.5      1.64647 
       22.6251      1.64472 
         22.75      1.64296 
       22.8174      1.64229 
       22.8644      1.64182 
       22.9443      1.64101 
            23      1.64044 
         23.05       1.6396 
        23.268       1.6365 
       23.3245      1.63569 
         23.35      1.63533 
          23.5       1.6325 
       23.5963      1.63176 
         23.65      1.63135 
       23.6536      1.63128 
       23.7435      1.62943 
       23.9292      1.62776 
         23.95      1.62757 
       23.9873        1.627 
            24       1.6268 
         24.25      1.62361 
       24.3257      1.62239 
       24.3386      1.62218 
       24.4088      1.62105 
          24.5       1.6198 
         24.55      1.61949 
       24.5771      1.61934 
       24.6689      1.61855 
        24.682      1.61844 
         24.85        1.617 
       24.9238      1.61717 
            25      1.61735 
       25.0302      1.61751 
         25.15      1.61812 
       25.3833      1.61918 
         25.45      1.61949 
          25.5      1.62019 
       25.7414      1.62081 
         25.75      1.62084 
            26      1.62195 
         26.05      1.62123 
         26.35      1.61468 
       26.3668      1.61434 
          26.5      1.61167 
         26.65      1.60964 
       26.7218      1.60803 
       26.7388      1.60765 
         26.95      1.60291 
            27       1.6018 
        27.116      1.59904 
         27.25      1.59585 
       27.3809      1.59354 
       27.4986      1.59145 
          27.5      1.59143 
         27.55      1.59042 
         27.85      1.58437 
       27.8866      1.58388 
            28      1.58236 
         28.15      1.57875 
       28.2429      1.57663 
        28.395      1.57317 
         28.45      1.57193 
          28.5      1.57105 
       28.5471       1.5701 
         28.75      1.56601 
       28.7956      1.56541 
       28.9021      1.56401 
            29      1.56272 
         29.05      1.56235 
       29.2019       1.5617 
         29.35      1.56106 
          29.5      1.56076 
       29.6139      1.56043 
         29.65      1.56033 
         29.95      1.56018 
            30      1.55999 
            30      1.56654 
       30.3725      1.56294 
       30.4233      1.56245 
       30.7079       1.5597 
       30.8525      1.55721 
       31.1412      1.55223 
       31.2877       1.5497 
       31.5805      1.54464 
       31.7292      1.54208 
            32      1.53741 
       32.1768      1.53362 
       32.4515      1.52775 
       32.6308      1.52391 
       32.9093      1.51796 
       33.0911      1.51407 
        33.263      1.51039 
       33.3736      1.50826 
        33.558      1.50471 
       33.8444      1.49919 
       34.0314      1.49559 
       34.1482      1.49334 
       34.3219      1.49061 
       34.3888      1.48955 
       34.5115      1.48738 
       34.8739      1.48098 
       34.9984      1.47878 
            35      1.47876 
       35.3659      1.47307 
       35.4922       1.4711 
       35.8649       1.4653 
       35.9929      1.46331 
       36.3709      1.45744 
       36.5007      1.45542 
        36.884      1.44945 
       37.0157      1.44741 
       37.4044      1.44136 
       37.5379      1.43928 
       37.9321      1.43315 
       38.0675      1.43105 
       38.4672      1.42483 
       38.6046      1.42269 
       39.0099      1.41639 
       39.1296      1.41453 
       39.1492      1.41425 
       39.5603      1.40847 
       39.7015      1.40648 
            40      1.40228 
       40.2617      1.39802 
       40.5643       1.3931 
       40.8297      1.38879 
            41      1.38602 
       41.4057      1.37866 
       41.5784      1.37553 
       41.9899      1.36807 
        42.165       1.3649 
       42.5823      1.35733 
       42.7599      1.35411 
            43      1.34976 
        43.183      1.34601 
       43.6067      1.33733 
       43.7923      1.33352 
            44      1.32927 
       44.2219      1.32487 
       44.4101      1.32113 
       44.8458      1.31249 
       45.0366      1.30871 
       45.4784      1.29994 
        45.672       1.2961 
       46.1201      1.28722 
       46.3164      1.28332 
       46.7707      1.27431 
       46.9698      1.27036 
       47.4306      1.26122 
       47.6325      1.25722 
            48      1.24993 
       48.0997        1.248 
       48.3045      1.24406 
       48.7783      1.23492 
        48.986      1.23091 
       49.4665      1.22165 
       49.6771      1.21759 
            50      1.21136 
       50.3779      1.20465 
       50.7054      1.19883 
       51.0887      1.19202 
       51.4208      1.18613 
       51.8094      1.17922 
            52      1.17584 
       52.1462      1.17333 
       52.5404      1.16656 
       52.8819       1.1607 
            53      1.15867 
       53.2816       1.1542 
       53.7477      1.14679 
       54.0333      1.14225 
        54.506      1.13475 
       54.7956      1.13014 
        55.275      1.12253 
       55.5687      1.11786 
       56.0548      1.11014 
       56.3527      1.10541 
       56.8457      1.09758 
            57      1.09513 
       57.1477      1.09292 
       57.8042      1.08312 
        57.954      1.08089 
       58.6197      1.07095 
       58.7716      1.06868 
       59.4467      1.05861 
       59.6008      1.05631 
            60      1.05035 
       60.2854      1.04589 
       60.4416      1.04345 
            61      1.03474 
       61.2943       1.0305 
       61.8606      1.02233 
       62.1591      1.01803 
       62.7333      1.00975 
       63.0361      1.00539 
       63.6184     0.996989 
       63.9254     0.992563 
            64     0.991487 
       64.5159     0.984029 
       64.8272     0.979529 
            65     0.977032 
       65.7418     0.967122 
        65.917     0.964782 
       66.6693     0.954733 
        66.847      0.95236 
       67.6099     0.942169 
       67.7901     0.939762 
            68     0.936959 
       68.5638     0.929824 
       68.7465     0.927511 
            69     0.924303 
       69.5311     0.918043 
       69.9735     0.912828 
       70.5121      0.90648 
       70.9607     0.901192 
            71     0.900728 
       71.5069     0.894965 
       71.9618     0.889793 
       72.5157     0.883495 
       72.9771      0.87825 
            73     0.877989 
       73.5387     0.872321 
       74.0299     0.867153 
       74.5762     0.861405 
       75.0743     0.856164 
       75.6284     0.850335 
       76.1335      0.84502 
       76.6954     0.839109 
            77     0.835904 
       77.7774     0.828325 
            78     0.826155 
       78.0863      0.82533 
       78.8747     0.817796 
        79.188     0.814802 
       79.9875     0.807161 
            80     0.807041 
        81.116     0.797517 
       81.1287     0.797409 
            82     0.789973 
       82.2604     0.787904 
       83.1569     0.780779 
       83.4209     0.778681 
       84.3301     0.771456 
       84.5978     0.769328 
       85.5198     0.762001 
       85.7913     0.759844 
            86     0.758185 
            87     0.749272 
       87.0017     0.749258 
       87.2133     0.747456 
            88     0.740755 
       88.2291     0.738491 
       89.2415     0.728492 
       89.4739     0.726196 
            90        0.721 
       90.7362     0.713838 
       91.2697     0.708647 
            92     0.701543 
       92.0163     0.701394 
       92.5574     0.696475 
       93.3145     0.689591 
       93.8632     0.684603 
            94     0.683359 
        94.631     0.678101 
            95     0.675026 
       95.3262     0.672398 
       95.9661     0.667244 
            96      0.66697 
       96.6711     0.661603 
            97     0.658972 
         97.32     0.656644 
            98     0.651696 
       98.3685     0.648971 
        98.693     0.646572 
       99.7563     0.638709 
           100     0.636907 
       100.085     0.636319 
       101.411     0.627188 
       101.497     0.626591 
           102     0.623129 
       102.929     0.617035 
       103.439     0.613693 
           104     0.610014 
       104.382     0.607666 
       105.467     0.600984 
       105.854     0.598603 
           106     0.597706 
       107.348     0.590023 
       107.495     0.589179 
           108     0.586303 
       108.862     0.581806 
       109.524     0.578354 
           110     0.575869 
       110.398     0.573958 
       111.552     0.568415 
       111.955     0.566477 
           112     0.566263 
       113.535     0.559528 
        113.58      0.55933 
       115.137       0.5525 
       115.183     0.552299 
           116     0.548712 
       116.761      0.54569 
       117.637     0.542214 
           118     0.540771 
       118.408     0.539192 
       119.296     0.535758 
           120     0.533036 
       120.079     0.532758 
       121.693     0.527059 
       121.773     0.526776 
        123.41     0.520997 
       123.491      0.52071 
           124     0.518913 
       125.233     0.514945 
       125.749     0.513284 
           127      0.50926 
       127.524     0.507575 
           128     0.506042 
       128.792     0.503712 
       129.806     0.500727 
       130.609     0.498365 
       131.637     0.495338 
       132.451     0.492942 
       133.494     0.489873 
        134.32     0.487443 
       135.378      0.48433 
       136.215     0.481866 
       137.288     0.478709 
           138     0.476613 
       138.137      0.47623 
       139.947     0.471159 
       140.086     0.470771 
       141.921     0.465629 
       142.062     0.465235 
       143.924      0.46002 
       144.066     0.459621 
       145.954     0.454333 
       146.099     0.453928 
       148.013     0.448565 
        148.16     0.448154 
           150        0.443 
//
#-------------------------------------------------------------------------------
