#ZVView-data-copy:  10-Jul-2025 09:28:23
#=======================================
#
#name:   ENDF/B-VIII.1: XE-128(N,G)XE-129
#X.axis: Incident Energy
#Y.axis: Cross Section
#wdata:  2
#ldata:  4846
#data...
#            X            Y
#          MeV        barns
         1e-11      261.521 
   1.10304e-11      249.007 
   1.21669e-11      237.092 
   1.34206e-11      225.747 
   1.48034e-11      214.945 
   1.63287e-11       204.66 
   1.80111e-11      194.866 
   1.98669e-11      185.542 
   2.19139e-11      176.663 
   2.41719e-11       168.21 
   2.66625e-11      160.161 
   2.94097e-11      152.497 
     3.244e-11        145.2 
   3.57825e-11      138.252 
   3.94694e-11      131.636 
   4.35362e-11      125.337 
   4.80221e-11       119.34 
   5.29701e-11      113.629 
    5.8428e-11      108.192 
   6.44483e-11      103.015 
   7.10888e-11      98.0855 
   7.84136e-11       93.392 
   8.64931e-11      88.9231 
   9.54051e-11       84.668 
   1.05235e-10      80.6165 
   1.16078e-10      76.7589 
   1.28039e-10      73.0858 
   1.41231e-10      69.5886 
   1.55784e-10      66.2586 
   1.71835e-10       63.088 
    1.8954e-10      60.0691 
    2.0907e-10      57.1947 
   2.30612e-10      54.4578 
   2.54374e-10      51.8519 
   2.80584e-10      49.3706 
   3.09494e-10      47.0081 
   3.41383e-10      44.7587 
   3.76558e-10      42.6168 
   4.15358e-10      40.5775 
   4.58155e-10      38.6357 
   5.05362e-10      36.7868 
   5.57433e-10      35.0264 
   6.14869e-10      33.3503 
   6.78223e-10      31.7543 
   7.48105e-10      30.2347 
   8.25188e-10      28.7878 
   9.10213e-10      27.4101 
      1.004e-9      26.0984 
    1.10745e-9      24.8494 
    1.22155e-9      23.6601 
    1.34742e-9      22.5278 
    1.48625e-9      21.4496 
    1.63939e-9       20.423 
    1.80831e-9      19.4456 
    1.99463e-9      18.5148 
    2.20016e-9      17.6287 
    2.42685e-9      16.7849 
    2.67691e-9      15.9814 
    2.95273e-9      15.2164 
    3.25697e-9       14.488 
    3.59256e-9      13.7945 
    3.96272e-9      13.1341 
    4.37103e-9      12.5053 
    4.82141e-9      11.9066 
    5.31819e-9      11.3365 
    5.86616e-9      10.7938 
    6.47059e-9       10.277 
     7.1373e-9      9.78502 
    7.87271e-9      9.31656 
    8.68389e-9      8.87048 
    9.57865e-9      8.44569 
    1.05656e-8      8.04113 
    1.16543e-8      7.65587 
    1.28551e-8        7.289 
    1.41796e-8      6.93963 
    1.56406e-8      6.60694 
    1.72522e-8      6.29013 
    1.90298e-8      5.98845 
    2.09906e-8      5.70117 
    2.31534e-8      5.42759 
    2.52419e-8       5.1975 
       2.53e-8       5.1915 
    2.79068e-8      4.94227 
    3.07823e-8      4.70492 
     3.3954e-8      4.47887 
    3.74525e-8      4.26359 
    4.13115e-8      4.05857 
    4.55681e-8       3.8633 
    5.02633e-8      3.67732 
    5.54423e-8      3.50019 
    6.11549e-8      3.33148 
    6.74561e-8      3.17078 
    7.44066e-8       3.0177 
    8.20732e-8      2.87188 
    9.05297e-8      2.73297 
    9.98577e-8      2.60063 
    1.10147e-7      2.47455 
    1.21496e-7      2.35442 
    1.34014e-7      2.23996 
    1.47823e-7      2.13088 
    1.63054e-7      2.02693 
    1.79855e-7      1.92786 
    1.98386e-7      1.83343 
    2.18827e-7      1.74342 
    2.41375e-7       1.6576 
    2.66245e-7      1.57577 
    2.93678e-7      1.49774 
    3.23938e-7      1.42332 
    3.57316e-7      1.35233 
    3.94132e-7       1.2846 
    4.34743e-7      1.21997 
    4.79537e-7       1.1583 
    5.28947e-7      1.09942 
    5.83448e-7      1.04321 
    6.43565e-7     0.989524 
    7.09876e-7     0.938246 
     7.8302e-7     0.889253 
      8.637e-7      0.84243 
    9.52693e-7     0.797672 
    1.05086e-6     0.754874 
    1.15107e-6     0.716791 
    1.26078e-6     0.680262 
    1.38101e-6     0.645179 
    1.51264e-6     0.611516 
    1.65689e-6     0.579173 
    1.81481e-6     0.548127 
    1.98787e-6     0.518288 
    2.17734e-6     0.489634 
    2.38498e-6     0.462087 
    2.61229e-6     0.435631 
    2.86141e-6     0.410199 
    3.11233e-6     0.387617 
    3.38526e-6     0.365887 
    3.68212e-6     0.344955 
    4.00501e-6     0.324772 
    4.35622e-6     0.305341 
    4.73822e-6     0.286683 
    5.11762e-6     0.270232 
    5.52767e-6      0.25432 
    5.97029e-6     0.239074 
    6.44866e-6     0.224352 
    6.91657e-6     0.211476 
     7.4704e-6      0.19787 
    8.01245e-6     0.185967 
    8.59383e-6     0.174548 
    9.15328e-6     0.164651 
    9.81744e-6     0.154054 
     1.0456e-5     0.144972 
    1.10587e-5     0.137161 
    1.16961e-5     0.129598 
    1.25448e-5     0.120595 
    1.32678e-5     0.113746 
    1.40326e-5     0.107099 
    1.49461e-5    0.0999885 
    1.58075e-5    0.0939554 
    1.67187e-5    0.0882009 
    1.76823e-5    0.0827022 
    1.87015e-5    0.0774701 
    1.97794e-5    0.0724969 
    2.09195e-5    0.0677714 
    2.21252e-5    0.0632995 
    2.34005e-5    0.0590687 
    2.45759e-5    0.0555627 
    2.58116e-5    0.0522296 
    2.71081e-5    0.0490745 
    2.84711e-5     0.046085 
    2.99012e-5    0.0432646 
    3.14047e-5    0.0406019 
    3.29822e-5    0.0380995 
    3.46406e-5    0.0357455 
    3.63806e-5    0.0335432 
    3.82098e-5    0.0314816 
    4.01291e-5    0.0295616 
    4.18516e-5    0.0280201 
     4.3956e-5    0.0263463 
    4.61639e-5    0.0248036 
    4.81454e-5    0.0235814 
    5.05663e-5    0.0222749 
    5.27368e-5    0.0212545 
    5.50005e-5    0.0203286 
    5.73614e-5    0.0195002 
    5.94045e-5    0.0188909 
    6.15235e-5    0.0183492 
    6.37149e-5     0.017904 
    6.59876e-5    0.0175475 
    6.78627e-5    0.0173503 
     6.9791e-5    0.0172331 
    7.10162e-5    0.0172147 
    7.25262e-5     0.017258 
    7.40646e-5    0.0173862 
    7.56393e-5    0.0176207 
    7.72437e-5     0.017989 
    7.83335e-5    0.0183304 
    7.94387e-5    0.0187698 
    8.05594e-5    0.0193281 
    8.14118e-5    0.0198456 
    8.22722e-5    0.0204606 
    8.31407e-5    0.0212029 
    8.40174e-5    0.0220986 
      8.461e-5    0.0227994 
    8.52027e-5    0.0235975 
    8.58037e-5    0.0245198 
    8.64048e-5    0.0255759 
    8.70143e-5    0.0268058 
    8.76238e-5    0.0282289 
    8.80873e-5    0.0294638 
    8.85509e-5    0.0308483 
    8.90167e-5    0.0324299 
    8.94868e-5    0.0342487 
    8.99569e-5    0.0363232 
    9.02726e-5    0.0378839 
    9.05904e-5    0.0396207 
    9.09082e-5    0.0415424 
    9.12261e-5    0.0436748 
    9.15461e-5    0.0460687 
    9.18685e-5    0.0487683 
    9.21908e-5    0.0518016 
    9.25131e-5    0.0552245 
    9.28059e-5    0.0587269 
    9.30691e-5     0.062258 
    9.33323e-5     0.066209 
    9.35955e-5    0.0706452 
     9.3844e-5    0.0753541 
    9.40779e-5    0.0803237 
    9.43117e-5    0.0859022 
    9.44871e-5    0.0905471 
    9.46625e-5    0.0956442 
    9.48647e-5      0.10216 
    9.50163e-5     0.107559 
    9.51679e-5     0.113458 
    9.53196e-5     0.119922 
    9.54712e-5     0.127026 
     9.5607e-5     0.134002 
    9.57428e-5     0.141633 
    9.58786e-5     0.150004 
    9.60144e-5     0.159214 
    9.61502e-5     0.169379 
    9.62655e-5     0.178866 
    9.64057e-5     0.191601 
    9.65109e-5     0.202137 
     9.6616e-5     0.213633 
    9.67211e-5     0.226208 
    9.68199e-5     0.239134 
    9.69156e-5     0.252798 
    9.70112e-5     0.267738 
    9.71069e-5     0.284121 
    9.72025e-5     0.302139 
    9.72934e-5     0.320985 
    9.73748e-5     0.339478 
    9.74562e-5     0.359695 
    9.75377e-5     0.381856 
    9.76191e-5     0.406223 
    9.77005e-5     0.433099 
    9.77672e-5     0.457241 
    9.78339e-5      0.48354 
    9.79006e-5     0.512265 
    9.79673e-5     0.543725 
     9.8034e-5     0.578284 
    9.80963e-5     0.613768 
    9.81565e-5     0.651317 
    9.82167e-5     0.692541 
    9.82769e-5     0.737945 
    9.83371e-5     0.788121 
    9.83935e-5     0.840093 
    9.84423e-5     0.889486 
    9.84911e-5     0.943519 
    9.85399e-5       1.0028 
    9.85887e-5      1.06806 
    9.86375e-5      1.14014 
    9.86797e-5      1.20872 
    9.87219e-5      1.28392 
    9.87641e-5      1.36665 
    9.88063e-5      1.45798 
    9.88485e-5       1.5592 
    9.88877e-5      1.66358 
    9.89255e-5      1.77479 
    9.89633e-5      1.89813 
    9.90011e-5      2.03557 
    9.90389e-5      2.18948 
    9.90738e-5      2.34906 
    9.91031e-5      2.49763 
    9.91323e-5       2.6621 
    9.91616e-5      2.84518 
    9.91908e-5      3.05032 
    9.92104e-5       3.2015 
     9.9229e-5      3.35835 
    9.92467e-5      3.52078 
    9.92645e-5      3.69775 
    9.92822e-5      3.89149 
    9.92999e-5      4.10474 
    9.93177e-5      4.34082 
    9.93354e-5      4.60381 
    9.93532e-5      4.89875 
    9.93696e-5      5.20552 
    9.93847e-5       5.5215 
    9.93998e-5      5.87567 
    9.94149e-5      6.27465 
    9.94262e-5      6.60794 
    9.94375e-5       6.9746 
    9.94489e-5      7.37896 
    9.94602e-5      7.82585 
    9.94715e-5      8.32074 
    9.94828e-5      8.86973 
    9.94921e-5      9.36474 
    9.95014e-5      9.90482 
    9.95107e-5      10.4945 
      9.952e-5      11.1386 
    9.95292e-5      11.8426 
    9.95385e-5      12.6121 
    9.95478e-5      13.4534 
    9.95571e-5      14.3732 
    9.95664e-5      15.3786 
    9.95756e-5      16.4773 
    9.95846e-5      17.6347 
    9.95929e-5       18.802 
    9.96013e-5      20.0643 
    9.96096e-5      21.4286 
    9.96179e-5      22.9019 
    9.96263e-5      24.4919 
    9.96346e-5      26.2064 
    9.96429e-5      28.0533 
    9.96513e-5       30.041 
    9.96596e-5      32.1779 
    9.96679e-5      34.4728 
    9.96751e-5      36.5783 
    9.96838e-5      39.3322 
    9.96926e-5      42.2898 
    9.97014e-5      45.4614 
    9.97101e-5      48.8573 
    9.97189e-5      52.4877 
    9.97277e-5      56.3625 
    9.97364e-5      60.4913 
    9.97451e-5      64.8088 
    9.97578e-5      71.6582 
    9.97705e-5      79.1019 
    9.97832e-5      87.1589 
    9.97959e-5      95.8441 
    9.98087e-5      105.167 
    9.98219e-5      115.567 
    9.98352e-5      126.657 
    9.98484e-5      138.424 
    9.98659e-5      154.851 
    9.98824e-5       171.46 
    9.99056e-5      196.096 
     9.9933e-5      226.722 
    9.99976e-5      301.091 
   0.000100024      329.889 
   0.000100044      349.835 
   0.000100064       367.85 
   0.000100084      383.497 
   0.000100104      396.383 
   0.000100124      406.177 
   0.000100143      412.618 
   0.000100159       415.24 
    0.00010017      415.711 
   0.000100188      414.176 
   0.000100202      410.787 
   0.000100222      403.169 
   0.000100242      392.283 
   0.000100261      379.176 
   0.000100278      365.416 
   0.000100298      347.119 
   0.000100318      326.963 
   0.000100344      297.998 
   0.000100418       213.79 
   0.000100442      187.405 
   0.000100464      164.187 
   0.000100479      149.587 
   0.000100495      135.024 
   0.000100507      124.179 
    0.00010052      113.929 
   0.000100532      104.285 
   0.000100545      95.2485 
   0.000100558      86.1329 
   0.000100568      79.5878 
   0.000100579      73.4503 
   0.000100589      67.7103 
     0.0001006      62.3558 
    0.00010061      57.3734 
    0.00010062      52.7485 
   0.000100631      48.4654 
   0.000100642      44.3219 
    0.00010065      41.3075 
   0.000100659      38.4924 
   0.000100667      35.8668 
   0.000100676      33.4213 
   0.000100684      31.1462 
   0.000100693      29.0324 
   0.000100702      27.0704 
    0.00010071      25.2514 
   0.000100719      23.5665 
   0.000100727      22.0073 
   0.000100737       20.437 
   0.000100746      18.9969 
   0.000100755      17.6773 
   0.000100765      16.4689 
   0.000100774      15.3629 
   0.000100783      14.3511 
   0.000100793      13.4258 
   0.000100802      12.5797 
   0.000100811       11.806 
   0.000100821      11.0985 
   0.000100831      10.4214 
   0.000100841      9.75009 
   0.000100852       9.1432 
   0.000100863      8.59401 
   0.000100873      8.09644 
   0.000100884      7.64502 
   0.000100895      7.23479 
   0.000100906      6.86134 
   0.000100913      6.63082 
   0.000100927      6.20932 
   0.000100941      5.83429 
   0.000100953      5.54864 
   0.000100965      5.28811 
   0.000100981      4.97472 
   0.000100998      4.69473 
   0.000101014      4.44314 
    0.00010103      4.21582 
   0.000101046      4.00933 
   0.000101062       3.8208 
    0.00010108      3.62625 
     0.0001011      3.42926 
   0.000101121      3.25045 
   0.000101141      3.08726 
   0.000101161      2.93761 
   0.000101192       2.7349 
   0.000101222      2.55435 
   0.000101255       2.3807 
   0.000101289      2.22006 
   0.000101323      2.07605 
   0.000101357      1.94631 
   0.000101391      1.82891 
   0.000101414       1.7567 
   0.000101452       1.6444 
   0.000101491      1.54292 
   0.000101529      1.45085 
   0.000101567      1.36704 
   0.000101606       1.2905 
   0.000101644       1.2204 
   0.000101682        1.156 
    0.00010172       1.0967 
   0.000101772      1.02339 
   0.000101825     0.957361 
   0.000101877     0.897668 
   0.000101929     0.843513 
   0.000101981     0.794224 
   0.000102038     0.745063 
   0.000102097     0.698546 
   0.000102157     0.656347 
   0.000102217     0.617942 
   0.000102276     0.582885 
   0.000102338     0.549493 
   0.000102405     0.516583 
   0.000102473      0.48661 
    0.00010254     0.459233 
   0.000102607     0.434158 
   0.000102674     0.411133 
   0.000102759     0.384658 
   0.000102844     0.360726 
   0.000102929      0.33902 
   0.000103014     0.319271 
   0.000103098     0.301249 
    0.00010319     0.283579 
   0.000103284     0.266934 
   0.000103378     0.251764 
   0.000103473     0.237899 
   0.000103567     0.225192 
   0.000103667      0.21282 
   0.000103779      0.20021 
   0.000103892     0.188738 
   0.000104004     0.178272 
   0.000104116     0.168697 
   0.000104228     0.159915 
   0.000104363     0.150273 
   0.000104498      0.14153 
   0.000104633     0.133576 
   0.000104768     0.126319 
   0.000104903      0.11968 
   0.000105047     0.113188 
   0.000105196     0.107069 
   0.000105345     0.101477 
   0.000105543    0.0947393 
   0.000105742    0.0887162 
   0.000105929    0.0836103 
   0.000106116    0.0789818 
   0.000106303    0.0747735 
    0.00010649    0.0709361 
    0.00010674    0.0663247 
   0.000106954    0.0627652 
   0.000107168    0.0595309 
   0.000107311     0.057536 
   0.000107597     0.053888 
   0.000107882      0.05064 
   0.000108148    0.0479298 
   0.000108413    0.0454794 
   0.000108679     0.043257 
   0.000108945     0.041237 
   0.000109299    0.0388144 
   0.000109673     0.036541 
   0.000110047    0.0345252 
   0.000110422    0.0327284 
   0.000110796    0.0311212 
   0.000111187    0.0296196 
   0.000111577    0.0282673 
   0.000111968    0.0270461 
   0.000112359    0.0259421 
   0.000112953    0.0244584 
   0.000113548    0.0231754 
   0.000114145    0.0220459 
   0.000114748    0.0210462 
   0.000115351    0.0201668 
   0.000115959    0.0193825 
   0.000116774    0.0184665 
   0.000117568    0.0176993 
   0.000118341    0.0170517 
   0.000119145    0.0164636 
   0.000119983    0.0159323 
   0.000121194    0.0152804 
   0.000122417    0.0147382 
   0.000123708    0.0142665 
   0.000125017    0.0138739 
   0.000126338    0.0135496 
    0.00012807    0.0132128 
   0.000129752    0.0129639 
   0.000131425     0.012779 
   0.000133194    0.0126408 
   0.000135073    0.0125473 
   0.000138058    0.0124933 
   0.000141139    0.0125436 
   0.000144085    0.0126772 
   0.000147149    0.0128978 
   0.000150262    0.0132042 
   0.000153456    0.0136052 
   0.000156712    0.0141097 
   0.000160044     0.014729 
   0.000163438    0.0154837 
   0.000166253    0.0162192 
   0.000169012    0.0170409 
   0.000171397    0.0178538 
   0.000173815    0.0187812 
   0.000176267    0.0198386 
   0.000178818    0.0210935 
   0.000180704    0.0221379 
   0.000182662    0.0233419 
   0.000184595    0.0246666 
   0.000186546    0.0261615 
   0.000188437    0.0277848 
   0.000190191    0.0294688 
   0.000191942    0.0313466 
   0.000193594     0.033322 
   0.000195195    0.0354655 
   0.000196797    0.0378572 
   0.000198398    0.0405511 
   0.000199467     0.042523 
   0.000200537    0.0446798 
   0.000201608    0.0470312 
   0.000202681    0.0496012 
   0.000203753    0.0524147 
   0.000204825    0.0555033 
   0.000205897    0.0589043 
    0.00020697    0.0626611 
   0.000208085    0.0670026 
   0.000208954    0.0707308 
   0.000209823    0.0748099 
   0.000210861    0.0801997 
   0.000211639    0.0846633 
   0.000212418    0.0895374 
   0.000213196    0.0948741 
   0.000213974     0.100734 
   0.000214842     0.107973 
    0.00021571     0.116064 
   0.000216289     0.122005 
   0.000216878     0.128553 
   0.000217467     0.135669 
   0.000218055     0.143418 
   0.000218644     0.151879 
   0.000219198     0.160576 
   0.000219752     0.170073 
   0.000220306     0.180468 
    0.00022086     0.191882 
    0.00022142     0.204599 
   0.000221979     0.218666 
   0.000222539     0.234282 
   0.000223099     0.251685 
   0.000223513     0.265863 
   0.000223927     0.281305 
   0.000224341      0.29816 
   0.000224755     0.316614 
   0.000225169     0.336886 
   0.000225548     0.357233 
   0.000225909     0.378442 
    0.00022627     0.401637 
   0.000226631     0.427074 
   0.000226993     0.455051 
   0.000227379     0.488155 
   0.000227669     0.515546 
    0.00022796     0.545346 
   0.000228251     0.577851 
   0.000228573     0.617507 
   0.000228839      0.65339 
   0.000229105     0.692537 
   0.000229384     0.737726 
   0.000229627     0.780615 
    0.00022986     0.825468 
   0.000230135     0.883656 
   0.000230417     0.950082 
    0.00023068      1.01906 
    0.00023091      1.08613 
    0.00023112      1.15286 
   0.000231315      1.22074 
   0.000231531      1.30352 
   0.000231707      1.37725 
   0.000231915      1.47267 
   0.000232131      1.58273 
   0.000232298      1.67714 
   0.000232466      1.78035 
   0.000232634      1.89348 
   0.000232802      2.01786 
   0.000232988      2.17093 
   0.000233136      2.30612 
   0.000233285      2.45447 
   0.000233433      2.61773 
   0.000233594       2.8137 
   0.000233724      2.98854 
   0.000233854      3.18034 
   0.000233984      3.39141 
   0.000234113      3.62442 
   0.000234234      3.86219 
   0.000234334      4.07997 
   0.000234435      4.31692 
   0.000234535      4.57536 
   0.000234636      4.85802 
   0.000234736      5.16802 
   0.000234827      5.47342 
   0.000234917      5.80706 
   0.000235008      6.17261 
   0.000235098       6.5743 
   0.000235188      7.01714 
   0.000235269      7.45001 
   0.000235344      7.89387 
    0.00023542      8.37933 
   0.000235495      8.91186 
    0.00023557      9.49786 
   0.000235645       10.135 
   0.000235717      10.8179 
   0.000235789      11.5741 
   0.000235861      12.4145 
   0.000235933      13.3525 
   0.000236005      14.4043 
   0.000236053      15.1692 
     0.0002361      15.9988 
   0.000236148       16.901 
   0.000236195      17.8848 
   0.000236242      18.9608 
    0.00023629      20.1415 
   0.000236337      21.4418 
   0.000236385      22.8794 
   0.000236421      24.0603 
   0.000236456      25.3409 
   0.000236492      26.7336 
   0.000236527      28.2527 
   0.000236563       29.915 
   0.000236599      31.7402 
   0.000236634      33.7518 
    0.00023667      35.9772 
   0.000236707      38.5535 
   0.000236744      41.4399 
   0.000236769      43.5616 
   0.000236794      45.8618 
   0.000236818      48.3603 
   0.000236843      51.0792 
   0.000236868      54.0434 
   0.000236896      57.8047 
   0.000236925      61.9765 
   0.000236953      66.6121 
   0.000236982      71.7701 
    0.00023701      77.5158 
   0.000237039      83.9202 
   0.000237067      91.0605 
   0.000237086        96.27 
   0.000237105      101.869 
   0.000237124      107.884 
   0.000237143      114.341 
   0.000237162      121.269 
   0.000237181      128.695 
     0.0002372      136.647 
   0.000237219      145.152 
   0.000237248      159.003 
   0.000237276       174.24 
   0.000237305      190.936 
   0.000237332      208.518 
   0.000237358      226.197 
   0.000237383      245.153 
   0.000237409      265.386 
   0.000237443      294.307 
   0.000237472      320.028 
   0.000237506      352.677 
   0.000237552      398.783 
   0.000237628      479.797 
   0.000237704      560.941 
   0.000237742      599.338 
    0.00023778      634.984 
   0.000237818        666.9 
   0.000237856      694.159 
   0.000237882      710.022 
   0.000237909      722.951 
   0.000237935      732.746 
   0.000237971      740.655 
      0.000238      742.643 
   0.000238027      740.736 
   0.000238062       733.21 
   0.000238099      718.958 
   0.000238136      698.758 
   0.000238167      677.465 
   0.000238205      647.168 
   0.000238243      612.799 
   0.000238281      575.324 
   0.000238338      515.439 
   0.000238433       413.53 
   0.000238479      366.704 
   0.000238519      327.964 
   0.000238545      303.546 
   0.000238578      275.578 
   0.000238606       252.52 
   0.000238635      231.026 
   0.000238663      211.106 
   0.000238692      192.745 
    0.00023872      175.903 
   0.000238749      160.523 
   0.000238777      146.534 
   0.000238796      137.941 
   0.000238815      129.903 
   0.000238834      122.394 
   0.000238853      115.387 
   0.000238872      108.854 
   0.000238891      102.768 
    0.00023891      97.1009 
   0.000238929      91.8271 
   0.000238958      84.5974 
   0.000238986      78.1116 
   0.000239015      72.2924 
   0.000239035      68.4705 
   0.000239056      64.9329 
   0.000239086      60.1089 
   0.000239117       55.801 
   0.000239148      51.9456 
   0.000239179      48.4866 
   0.000239204      45.9552 
   0.000239229      43.6261 
   0.000239253       41.479 
   0.000239291      38.5605 
   0.000239328      35.9578 
   0.000239365      33.6264 
   0.000239398      31.7783 
   0.000239438      29.7061 
   0.000239478      27.8425 
   0.000239519      26.1589 
   0.000239559      24.6319 
     0.0002396      23.2416 
    0.00023964      21.9714 
    0.00023968      20.8071 
   0.000239724      19.6466 
   0.000239772      18.5019 
   0.000239819       17.458 
   0.000239867      16.5027 
   0.000239914      15.6261 
   0.000239962      14.8194 
   0.000240009      14.0752 
   0.000240081      13.0622 
   0.000240135      12.3625 
   0.000240189      11.7187 
   0.000240244      11.1248 
   0.000240325      10.3166 
   0.000240407      9.59475 
   0.000240488      8.94714 
    0.00024058      8.29417 
   0.000240645      7.87688 
   0.000240742      7.30824 
   0.000240839      6.79961 
   0.000240936      6.34276 
   0.000241033      5.93082 
   0.000241138      5.52847 
   0.000241243      5.16599 
   0.000241348      4.83825 
   0.000241454      4.54092 
   0.000241559      4.27032 
   0.000241669      4.01098 
   0.000241783      3.76905 
   0.000241896      3.54846 
    0.00024201      3.34676 
   0.000242123      3.16185 
   0.000242245      2.97996 
   0.000242383      2.79169 
   0.000242522      2.62074 
    0.00024266      2.46506 
   0.000242799      2.32288 
   0.000242937      2.19267 
   0.000243075      2.07319 
   0.000243214      1.96323 
   0.000243398      1.82975 
   0.000243582      1.70947 
    0.00024375       1.6102 
   0.000243901      1.52814 
   0.000244127      1.41635 
   0.000244353      1.31638 
   0.000244579      1.22658 
   0.000244805      1.14564 
   0.000245035      1.07149 
   0.000245265      1.00388 
   0.000245496     0.942479 
   0.000245727     0.886552 
   0.000245958     0.835462 
     0.0002462     0.786493 
   0.000246465     0.737755 
   0.000246729      0.69342 
   0.000246994     0.652967 
   0.000247258      0.61595 
   0.000247523     0.581991 
   0.000247821     0.546973 
   0.000248119     0.515026 
   0.000248417     0.485801 
   0.000248715        0.459 
   0.000249014     0.434363 
   0.000249364     0.407879 
    0.00024974     0.382037 
   0.000250117     0.358575 
   0.000250493     0.337214 
    0.00025087     0.317713 
    0.00025126     0.299222 
   0.000251679     0.281139 
   0.000252098     0.264655 
   0.000252517     0.249592 
   0.000252936     0.235789 
   0.000253354     0.223102 
   0.000253802     0.210648 
    0.00025425     0.199216 
   0.000254847      0.18538 
   0.000255444      0.17295 
   0.000256046     0.161646 
   0.000256654     0.151343 
   0.000257262     0.142011 
    0.00025787     0.133525 
   0.000258473      0.12584 
   0.000259073      0.11886 
   0.000259673     0.112457 
   0.000260272     0.106569 
   0.000260891     0.100977 
   0.000261529    0.0956717 
   0.000262167     0.090788 
   0.000263124    0.0841579 
   0.000264069     0.078327 
   0.000265013    0.0731063 
   0.000265933    0.0685286 
   0.000266806    0.0645942 
   0.000267678    0.0610082 
   0.000268604    0.0575412 
   0.000269556    0.0542978 
   0.000270509     0.051341 
    0.00027158    0.0483168 
   0.000272652    0.0455777 
   0.000273724      0.04309 
   0.000274796     0.040825 
   0.000275868    0.0387582 
   0.000277063    0.0366611 
    0.00027832    0.0346668 
   0.000279577    0.0328656 
   0.000281174    0.0308119 
   0.000282771      0.02899 
   0.000284187    0.0275491 
   0.000285603     0.026251 
   0.000287019    0.0250819 
   0.000288434    0.0240272 
   0.000290386    0.0227425 
   0.000291928     0.021855 
   0.000293713    0.0209514 
    0.00029526    0.0202645 
   0.000297225    0.0195108 
   0.000299015    0.0189404 
   0.000300804    0.0184699 
   0.000302593    0.0181002 
   0.000304382    0.0178279 
   0.000305839    0.0176801 
   0.000307791    0.0175953 
   0.000308288    0.0175945 
   0.000309779    0.0176486 
   0.000311269    0.0177919 
    0.00031276    0.0180369 
   0.000314251    0.0183958 
   0.000315405    0.0187657 
   0.000316559    0.0192294 
   0.000317713    0.0198013 
   0.000318868    0.0205003 
   0.000320022    0.0213511 
   0.000320779    0.0220041 
   0.000321524    0.0227359 
   0.000322268    0.0235677 
   0.000323013    0.0245147 
   0.000323734    0.0255568 
    0.00032443    0.0266992 
   0.000325127    0.0280051 
   0.000325823    0.0295003 
   0.000326508    0.0311834 
   0.000327013    0.0325814 
   0.000327518    0.0341365 
   0.000328022     0.035876 
   0.000328527    0.0378274 
   0.000328863    0.0392633 
   0.000329399    0.0418002 
   0.000329801    0.0439331 
   0.000330202    0.0463005 
   0.000330604    0.0489377 
   0.000331006     0.051885 
   0.000331426    0.0553573 
   0.000331742    0.0582615 
   0.000332057    0.0614594 
   0.000332372    0.0649935 
   0.000332688    0.0689156 
   0.000333026    0.0736144 
   0.000333279    0.0775257 
   0.000333532    0.0818164 
   0.000333786    0.0865372 
   0.000334039    0.0917481 
   0.000334307    0.0978627 
   0.000334575     0.104703 
   0.000334775     0.110382 
   0.000334976     0.116595 
    0.00033511     0.121068 
   0.000335347      0.12974 
   0.000335525     0.136938 
   0.000335703     0.144816 
   0.000335881     0.153462 
    0.00033606     0.162981 
   0.000336215     0.172098 
    0.00033637     0.182067 
   0.000336526        0.193 
   0.000336681     0.205025 
   0.000336837     0.218294 
   0.000336971     0.230906 
   0.000337095      0.24359 
   0.000337219     0.257417 
   0.000337342      0.27253 
   0.000337466     0.289095 
   0.000337586     0.306708 
   0.000337698      0.32476 
   0.000337811     0.344542 
   0.000337923     0.366285 
   0.000338035     0.390261 
   0.000338147     0.416793 
    0.00033824      0.44104 
   0.000338333      0.46757 
   0.000338427     0.496685 
    0.00033852      0.52874 
   0.000338613     0.564152 
   0.000338696     0.599087 
   0.000338775     0.635162 
   0.000338853     0.674758 
   0.000338932     0.718363 
    0.00033901     0.766557 
   0.000339086     0.818133 
   0.000339156     0.871192 
   0.000339227     0.929888 
   0.000339297     0.995094 
   0.000339368      1.06787 
   0.000339438      1.14953 
   0.000339494      1.22158 
    0.00033955      1.30124 
   0.000339606      1.38978 
   0.000339662      1.48881 
   0.000339718      1.60039 
   0.000339753      1.67823 
   0.000339802      1.80004 
   0.000339835      1.89045 
   0.000339868      1.98961 
   0.000339901        2.099 
   0.000339935      2.22047 
   0.000339968      2.35633 
   0.000340001      2.50943 
   0.000340029      2.65993 
   0.000340058      2.82919 
    0.00034008      2.97052 
   0.000340102      3.12611 
   0.000340123      3.29796 
   0.000340145      3.48836 
   0.000340166      3.69995 
   0.000340188      3.93573 
    0.00034021       4.1991 
   0.000340231      4.49394 
   0.000340249      4.75425 
   0.000340266      5.03976 
   0.000340283      5.35317 
     0.0003403      5.69745 
   0.000340317      6.07583 
   0.000340335      6.49181 
   0.000340352      6.94923 
   0.000340369      7.45221 
   0.000340386      8.00523 
   0.000340404      8.61307 
   0.000340415      9.05128 
   0.000340432      9.76748 
    0.00034045      10.5541 
   0.000340467      11.4173 
   0.000340484      12.3638 
   0.000340502      13.4005 
   0.000340519      14.5347 
   0.000340536       15.774 
   0.000340554      17.1265 
   0.000340571      18.5944 
   0.000340588       20.191 
   0.000340606      21.9249 
   0.000340623       23.805 
   0.000340637        25.42 
   0.000340651      27.1387 
   0.000340671      29.9209 
   0.000340687      32.1763 
   0.000340704      34.8601 
   0.000340725       38.339 
   0.000340746      42.1125 
   0.000340762      45.2297 
   0.000340782      49.4597 
   0.000340801      53.8011 
   0.000340821      58.4345 
   0.000340844      64.3867 
    0.00034087       71.507 
   0.000340896      79.1604 
   0.000340927      88.8966 
   0.000340949      96.4809 
   0.000340974       105.16 
    0.00034101      118.919 
   0.000341047       133.44 
   0.000341108      158.836 
   0.000341207      200.269 
   0.000341251      217.988 
   0.000341291      232.387 
    0.00034133       245.28 
   0.000341367      255.802 
   0.000341396      262.523 
   0.000341426       268.32 
   0.000341455      272.469 
   0.000341487      275.227 
    0.00034152      276.212 
   0.000341549        275.4 
   0.000341582      272.704 
   0.000341611       268.66 
   0.000341641      263.173 
   0.000341672      255.836 
   0.000341701      247.688 
   0.000341731      238.451 
    0.00034177      224.697 
   0.000341813      208.187 
   0.000341873      183.446 
   0.000341967      143.965 
   0.000342015      124.427 
   0.000342052      110.375 
   0.000342084      98.8425 
   0.000342113      88.7268 
   0.000342136      81.5762 
   0.000342158       74.813 
   0.000342181       68.444 
   0.000342204      62.2433 
   0.000342229      56.0464 
   0.000342245      52.1861 
   0.000342262      48.5387 
   0.000342279      45.0997 
   0.000342296      41.8639 
   0.000342312      38.8255 
   0.000342329      35.9781 
   0.000342347      33.0466 
   0.000342366        30.33 
   0.000342384      27.8183 
   0.000342403      25.5009 
   0.000342421      23.3673 
   0.000342439      21.4069 
   0.000342458      19.6091 
   0.000342476      17.9633 
   0.000342492      16.6948 
   0.000342507      15.5198 
   0.000342523      14.4327 
   0.000342538       13.428 
   0.000342553      12.5003 
   0.000342569      11.6445 
   0.000342584      10.8556 
     0.0003426       10.129 
   0.000342615      9.46014 
   0.000342631      8.84486 
   0.000342647      8.25088 
   0.000342665      7.65603 
   0.000342683      7.11666 
     0.0003427       6.6277 
   0.000342718      6.18445 
   0.000342736       5.7826 
   0.000342754      5.41815 
   0.000342772      5.08747 
    0.00034279      4.78724 
   0.000342807       4.5144 
   0.000342825      4.26621 
   0.000342846      4.00686 
   0.000342868      3.75879 
    0.00034289      3.53673 
   0.000342912      3.33743 
   0.000342934      3.15801 
   0.000342956      2.99598 
   0.000342978      2.84916 
   0.000343007      2.67383 
   0.000343037      2.51841 
   0.000343066      2.37975 
   0.000343099      2.24253 
   0.000343131      2.11987 
   0.000343164      2.00945 
   0.000343196       1.9094 
   0.000343229      1.81821 
   0.000343277      1.69541 
   0.000343326       1.5866 
   0.000343366      1.50669 
   0.000343406      1.43339 
   0.000343465      1.33409 
   0.000343525      1.24565 
   0.000343584      1.16637 
   0.000343644      1.09492 
   0.000343714      1.01954 
   0.000343784     0.952103 
   0.000343854     0.891473 
   0.000343924     0.836729 
   0.000343994     0.787107 
   0.000344068     0.739124 
   0.000344145     0.694301 
   0.000344222     0.653607 
   0.000344299     0.616539 
   0.000344376     0.582669 
    0.00034446     0.548756 
   0.000344559     0.512652 
   0.000344659     0.480147 
   0.000344758     0.450773 
   0.000344857     0.424135 
   0.000344957     0.399899 
   0.000345068      0.37533 
   0.000345179     0.353071 
   0.000345289     0.332837 
     0.0003454      0.31439 
   0.000345511     0.297524 
   0.000345634     0.280522 
   0.000345762     0.264332 
    0.00034589     0.249599 
   0.000346019     0.236154 
   0.000346147     0.223851 
   0.000346285     0.211726 
   0.000346443     0.199128 
   0.000346602     0.187727 
    0.00034676     0.177376 
   0.000346918     0.167952 
   0.000347076     0.159349 
   0.000347258     0.150342 
    0.00034744     0.142184 
   0.000347622     0.134773 
   0.000347805     0.128022 
   0.000348047      0.11992 
   0.000348262     0.113505 
   0.000348477     0.107705 
   0.000348692     0.102448 
   0.000348906     0.097671 
   0.000349193    0.0919564 
   0.000349492    0.0866744 
   0.000349791    0.0820014 
    0.00035009     0.077859 
   0.000350389    0.0741801 
   0.000350689    0.0709073 
   0.000351077     0.067187 
   0.000351366    0.0647623 
   0.000351799    0.0615945 
   0.000352232    0.0589156 
   0.000352665     0.056664 
   0.000353098    0.0547893 
   0.000353555     0.053177 
   0.000354011     0.051902 
   0.000354468    0.0509347 
   0.000354924    0.0502535 
   0.000355381    0.0498427 
   0.000355922    0.0496932 
   0.000356446    0.0498949 
    0.00035697    0.0504384 
   0.000357495    0.0513363 
   0.000358019    0.0526119 
   0.000358508    0.0541731 
   0.000358997    0.0561305 
   0.000359487    0.0585303 
   0.000359976    0.0614318 
   0.000360302     0.063682 
   0.000360629    0.0662191 
   0.000361003    0.0695285 
   0.000361376    0.0733286 
   0.000361657    0.0765452 
   0.000361937    0.0801181 
   0.000362232     0.084305 
   0.000362555    0.0894777 
   0.000362877     0.095357 
   0.000363093    0.0997271 
   0.000363308     0.104506 
   0.000363523     0.109742 
   0.000363738     0.115491 
   0.000363974     0.122467 
   0.000364167      0.12875 
    0.00036436     0.135634 
   0.000364553     0.143196 
   0.000364745     0.151524 
    0.00036493     0.160312 
   0.000365098     0.169101 
   0.000365266     0.178735 
   0.000365434     0.189323 
   0.000365602     0.200995 
    0.00036577     0.213903 
   0.000365949     0.229173 
   0.000366083     0.241828 
   0.000366217     0.255656 
   0.000366351     0.270805 
   0.000366485     0.287449 
   0.000366606     0.303988 
   0.000366727     0.322097 
   0.000366849     0.341985 
    0.00036697     0.363894 
   0.000367091     0.388109 
   0.000367199     0.411789 
     0.0003673     0.436094 
     0.0003674     0.462735 
   0.000367501     0.492028 
   0.000367602     0.524341 
   0.000367698     0.558136 
   0.000367782     0.591136 
   0.000367867     0.627303 
   0.000367952     0.667064 
   0.000368037     0.710926 
   0.000368122      0.75949 
   0.000368198     0.807748 
   0.000368274     0.861011 
   0.000368351     0.920027 
   0.000368427     0.985698 
   0.000368503      1.05912 
   0.000368569       1.1296 
   0.000368629      1.20129 
    0.00036869      1.28059 
    0.00036875      1.36877 
    0.00036881       1.4674 
   0.000368869      1.57408 
   0.000368922      1.68472 
   0.000368958      1.76624 
   0.000368994      1.85504 
   0.000369029      1.95225 
   0.000369065      2.05926 
   0.000369101      2.17782 
   0.000369137       2.3101 
   0.000369168      2.43888 
   0.000369199      2.58241 
    0.00036923       2.7434 
   0.000369261      2.92515 
   0.000369285      3.07747 
   0.000369308      3.24573 
   0.000369331      3.43222 
   0.000369355      3.63961 
   0.000369378      3.87094 
   0.000369398      4.09289 
   0.000369417      4.31777 
   0.000369436      4.56445 
   0.000369454      4.83537 
   0.000369473      5.13326 
   0.000369492      5.46109 
    0.00036951      5.82214 
   0.000369529         6.22 
   0.000369548      6.65858 
   0.000369566      7.14214 
   0.000369585      7.67529 
     0.0003696      8.16639 
   0.000369616      8.69938 
   0.000369632      9.27767 
   0.000369648      9.90487 
   0.000369663      10.5848 
   0.000369679      11.3214 
   0.000369695      12.1189 
    0.00036971      12.9817 
   0.000369725      13.8368 
   0.000369739      14.7547 
   0.000369749      15.4034 
   0.000369768      16.7946 
   0.000369787      18.3186 
   0.000369806      19.8941 
   0.000369824      21.6065 
   0.000369836      22.8285 
   0.000369855       24.841 
   0.000369873      27.0226 
    0.00036989      29.1387 
   0.000369905      31.1468 
   0.000369921      33.4862 
   0.000369942      36.6482 
   0.000369962      39.9058 
   0.000369982      43.4927 
   0.000370001      47.2513 
   0.000370022      51.5668 
   0.000370043      56.1884 
   0.000370067      61.6328 
   0.000370094      68.5606 
   0.000370122      76.1364 
   0.000370149      84.2582 
   0.000370176      92.5172 
   0.000370202       101.24 
   0.000370242      115.125 
   0.000370282      129.842 
   0.000370335      150.428 
   0.000370441      192.816 
    0.00037049      211.161 
   0.000370532      226.156 
   0.000370572      239.012 
    0.00037061      249.621 
   0.000370642      257.095 
   0.000370676      263.537 
   0.000370708      268.024 
    0.00037074      270.921 
   0.000370774      272.206 
    0.00037078      272.229 
    0.00037081      271.481 
   0.000370845      268.752 
   0.000370876      264.587 
   0.000370908      258.899 
    0.00037094      251.793 
   0.000370972      243.398 
   0.000371004      233.863 
   0.000371046      219.662 
   0.000371092      202.841 
   0.000371156      177.655 
   0.000371253      139.273 
   0.000371291      124.643 
   0.000371331      110.214 
   0.000371358      101.078 
   0.000371387      91.6098 
   0.000371418      81.9815 
   0.000371441      75.2061 
   0.000371465      68.8221 
   0.000371488      62.8327 
   0.000371514      56.6874 
   0.000371532      52.6806 
    0.00037155      48.8998 
   0.000371568      45.3405 
   0.000371586       41.997 
   0.000371604      38.8633 
   0.000371622      35.9324 
    0.00037164      33.1968 
    0.00037166      30.4181 
    0.00037168       27.853 
     0.0003717      25.4906 
   0.000371719      23.3194 
   0.000371739      21.3283 
   0.000371759      19.5059 
   0.000371774      18.2432 
   0.000371789      17.0645 
   0.000371804      15.9308 
    0.00037182      14.8131 
   0.000371836      13.7801 
   0.000371853      12.8263 
   0.000371869      11.9464 
   0.000371885      11.1354 
   0.000371901      10.3885 
   0.000371918      9.70112 
   0.000371934      9.06879 
    0.00037195      8.48745 
   0.000371966      7.95317 
   0.000371985      7.40383 
   0.000372004      6.87819 
   0.000372023      6.40303 
   0.000372043      5.97345 
   0.000372062      5.58495 
   0.000372081      5.23344 
   0.000372101      4.91516 
    0.00037212      4.62671 
   0.000372139      4.36501 
   0.000372158      4.12727 
   0.000372178      3.91097 
   0.000372201      3.67579 
   0.000372224      3.46492 
   0.000372247      3.27529 
   0.000372271      3.10421 
   0.000372294      2.94935 
   0.000372317      2.80868 
   0.000372348      2.64019 
   0.000372379      2.49031 
    0.00037241      2.35613 
   0.000372443       2.2293 
   0.000372477      2.10957 
   0.000372511      2.00142 
   0.000372545      1.90313 
    0.00037258      1.81331 
   0.000372631        1.692 
   0.000372682       1.5842 
   0.000372721      1.51067 
   0.000372764      1.43534 
   0.000372828      1.33345 
   0.000372893      1.24286 
   0.000372957       1.1618 
   0.000373021      1.08889 
   0.000373092      1.01691 
   0.000373166     0.949458 
    0.00037324      0.88879 
   0.000373313     0.833988 
   0.000373387     0.784295 
   0.000373464     0.737248 
   0.000373547     0.691145 
    0.00037363     0.649378 
   0.000373714     0.611406 
   0.000373797     0.576775 
    0.00037388     0.545095 
   0.000373985     0.508804 
    0.00037409     0.476125 
   0.000374195     0.446588 
     0.0003743     0.419796 
   0.000374405     0.395416 
   0.000374518     0.371571 
   0.000374635     0.349162 
   0.000374752     0.328782 
   0.000374868     0.310191 
   0.000374985     0.293182 
   0.000375109     0.276648 
   0.000375248     0.259824 
   0.000375387     0.244541 
   0.000375526     0.230614 
   0.000375664     0.217888 
   0.000375803     0.206226 
    0.00037597     0.193434 
   0.000376137     0.181845 
   0.000376304      0.17131 
   0.000376471     0.161705 
   0.000376638     0.152922 
   0.000376817     0.144338 
   0.000377001      0.13625 
   0.000377186     0.128859 
    0.00037737     0.122087 
   0.000377555     0.115866 
   0.000377755     0.109673 
   0.000377986     0.103147 
   0.000378218    0.0972241 
   0.000378449    0.0918324 
   0.000378681    0.0869098 
   0.000378912    0.0824032 
   0.000379177    0.0776918 
   0.000379442    0.0734078 
   0.000379708    0.0695004 
   0.000379973     0.065926 
   0.000380327    0.0616146 
   0.000380626    0.0583249 
   0.000380925    0.0553208 
   0.000381323    0.0517044 
   0.000381722    0.0484744 
   0.000382047    0.0460889 
   0.000382424    0.0435649 
   0.000382802    0.0412724 
   0.000383179    0.0391836 
   0.000383682    0.0366755 
   0.000384129    0.0346789 
   0.000384715    0.0323441 
   0.000385301    0.0302845 
   0.000385887    0.0284533 
   0.000386473    0.0268182 
   0.000387059    0.0253522 
   0.000387605    0.0241178 
   0.000388152    0.0229964 
    0.00038888     0.021653 
   0.000389609    0.0204589 
    0.00039036    0.0193619 
   0.000391133    0.0183536 
   0.000391905    0.0174511 
   0.000392678    0.0166419 
   0.000393433    0.0159257 
   0.000394538    0.0149925 
   0.000395644    0.0141756 
   0.000396456    0.0136407 
   0.000397787    0.0128652 
   0.000399118    0.0121904 
   0.000400513    0.0115747 
   0.000401941    0.0110264 
   0.000403369    0.0105473 
   0.000405088    0.0100455 
   0.000406807   0.00961216 
   0.000408526   0.00923673 
   0.000410245    0.0089091 
    0.00041209   0.00860334 
   0.000413935   0.00833658 
   0.000416052    0.0080726 
   0.000419012   0.00776571 
   0.000421543   0.00754908 
   0.000424243   0.00735932 
   0.000427054   0.00719681 
   0.000430877   0.00702708 
     0.0004347   0.00690586 
    0.00043904   0.00681726 
   0.000443673   0.00677295 
   0.000445878   0.00676781 
   0.000450287   0.00678635 
   0.000454696   0.00684142 
   0.000459808   0.00695128 
   0.000464415   0.00708925 
   0.000469022   0.00727139 
   0.000473201   0.00747303 
   0.000477166   0.00770557 
   0.000481131   0.00797887 
   0.000485197   0.00831452 
   0.000488728    0.0086548 
   0.000490903   0.00889136 
   0.000494073   0.00928449 
   0.000497102   0.00972115 
   0.000499813    0.0101767 
   0.000502412    0.0106863 
   0.000504205    0.0110937 
   0.000505938    0.0115455 
   0.000507611    0.0120577 
   0.000508853    0.0125098 
   0.000509664    0.0128536 
   0.000510475    0.0132535 
   0.000511286    0.0137364 
   0.000511691    0.0140226 
   0.000512263    0.0145005 
   0.000512692    0.0149385 
    0.00051312    0.0154767 
   0.000513406    0.0159142 
   0.000513692    0.0164398 
   0.000513906    0.0169108 
   0.000514094    0.0173947 
   0.000514269    0.0179207 
   0.000514443    0.0185411 
   0.000514618    0.0192845 
   0.000514734    0.0198681 
   0.000514851    0.0205413 
   0.000514952    0.0212162 
   0.000515037    0.0218706 
   0.000515123    0.0226198 
   0.000515209    0.0234907 
   0.000515294    0.0245247 
   0.000515358    0.0254462 
   0.000515423    0.0265399 
   0.000515465    0.0273954 
   0.000515508    0.0283819 
   0.000515551     0.029534 
   0.000515594    0.0308964 
   0.000515622    0.0319461 
   0.000515651     0.033135 
   0.000515679    0.0344878 
   0.000515708    0.0360337 
   0.000515736    0.0378069 
   0.000515765    0.0398472 
   0.000515786    0.0415803 
   0.000515807    0.0435119 
   0.000515829    0.0456668 
    0.00051585    0.0480725 
   0.000515871    0.0507595 
   0.000515893    0.0537616 
   0.000515914    0.0571159 
   0.000515935    0.0608632 
   0.000515957    0.0650484 
   0.000515978    0.0697202 
   0.000515999    0.0749318 
   0.000516021    0.0807409 
   0.000516042    0.0872098 
   0.000516057     0.092358 
   0.000516074    0.0983902 
   0.000516091     0.104939 
   0.000516108     0.112043 
   0.000516125     0.119743 
   0.000516141     0.128079 
   0.000516158     0.137097 
   0.000516175     0.146842 
   0.000516192     0.157362 
   0.000516208     0.168706 
   0.000516225     0.180924 
   0.000516242     0.194069 
   0.000516259     0.208194 
   0.000516275     0.223354 
   0.000516292     0.239605 
   0.000516309     0.257002 
   0.000516329     0.279455 
   0.000516347     0.300586 
   0.000516364     0.323182 
   0.000516382     0.347306 
   0.000516399     0.373024 
   0.000516423       0.4099 
   0.000516446     0.449861 
    0.00051647      0.49304 
   0.000516493      0.53956 
   0.000516514     0.583297 
    0.00051654      0.64393 
   0.000516567     0.709237 
   0.000516594     0.779292 
    0.00051662     0.854127 
   0.000516647     0.933725 
   0.000516675      1.02172 
   0.000516712      1.14673 
   0.000516749      1.28004 
   0.000516795      1.45715 
   0.000516848       1.6731 
   0.000516938      2.05312 
   0.000517021      2.40573 
   0.000517082      2.65046 
   0.000517128      2.81701 
   0.000517166      2.94276 
   0.000517204      3.05588 
   0.000517244       3.1555 
    0.00051728      3.22843 
   0.000517321      3.28908 
   0.000517359      3.32288 
     0.0005174      3.33554 
   0.000517438      3.32423 
   0.000517475      3.29239 
   0.000517516      3.23447 
   0.000517552      3.16325 
   0.000517592      3.06578 
   0.000517627      2.96405 
   0.000517677      2.79862 
   0.000517707      2.68812 
   0.000517768      2.44963 
    0.00051785      2.10263 
   0.000517947      1.68998 
   0.000518004      1.45955 
   0.000518041      1.31807 
   0.000518083      1.16503 
   0.000518111      1.06883 
   0.000518139     0.977576 
   0.000518165     0.897095 
   0.000518191      0.82117 
   0.000518218     0.749843 
   0.000518244     0.683105 
    0.00051827     0.620911 
   0.000518291     0.574111 
   0.000518316     0.522879 
    0.00051834     0.475416 
   0.000518365     0.431588 
   0.000518383     0.401013 
   0.000518402     0.372333 
    0.00051842     0.345477 
   0.000518439     0.320372 
   0.000518457     0.296943 
   0.000518476     0.275116 
   0.000518493     0.256241 
    0.00051851     0.238617 
   0.000518527     0.222183 
   0.000518545     0.206878 
   0.000518562     0.192643 
   0.000518579     0.179421 
   0.000518596     0.167155 
   0.000518613     0.155789 
    0.00051863      0.14527 
   0.000518647     0.135546 
   0.000518665     0.126565 
   0.000518682     0.118282 
   0.000518699     0.110648 
   0.000518716      0.10362 
   0.000518733    0.0971558 
    0.00051875    0.0912154 
   0.000518771    0.0846516 
   0.000518792    0.0787401 
   0.000518813    0.0734216 
   0.000518834    0.0686406 
   0.000518854     0.064346 
   0.000518875    0.0604908 
   0.000518896    0.0570314 
   0.000518917    0.0539283 
   0.000518938     0.051145 
   0.000518959    0.0486485 
   0.000518979    0.0464086 
      0.000519    0.0443982 
   0.000519028    0.0420322 
   0.000519056    0.0399786 
   0.000519084    0.0381926 
   0.000519111    0.0366352 
   0.000519139     0.035273 
   0.000519167    0.0340772 
   0.000519205    0.0326469 
   0.000519238    0.0316163 
   0.000519281    0.0304395 
   0.000519324    0.0294434 
   0.000519368    0.0285897 
   0.000519433    0.0275141 
   0.000519497    0.0266236 
   0.000519584    0.0256436 
   0.000519671    0.0248361 
   0.000519757     0.024156 
   0.000519887    0.0233146 
   0.000520005    0.0226918 
   0.000520182    0.0219457 
   0.000520358     0.021369 
   0.000520535     0.020919 
   0.000520712    0.0205661 
    0.00052099    0.0201587 
   0.000521311     0.019852 
   0.000521631    0.0196687 
   0.000522112    0.0195549 
   0.000522253    0.0195494 
    0.00052279    0.0196146 
   0.000523469    0.0198436 
   0.000523921    0.0200639 
   0.000524826    0.0206281 
    0.00052573    0.0213298 
   0.000526631    0.0221484 
   0.000527533    0.0230797 
   0.000528434    0.0241321 
   0.000529335    0.0253149 
   0.000530208    0.0265984 
   0.000531082    0.0280341 
   0.000531955    0.0296432 
   0.000532829    0.0314503 
   0.000533496    0.0329849 
   0.000534164    0.0346718 
   0.000534831    0.0365311 
   0.000535499    0.0385852 
   0.000536166    0.0408658 
   0.000536797     0.043263 
    0.00053741    0.0458474 
   0.000538024    0.0487215 
   0.000538637    0.0519313 
    0.00053925    0.0555326 
   0.000539828    0.0593463 
   0.000540336    0.0630875 
   0.000540844    0.0672507 
   0.000541353    0.0719006 
   0.000541861    0.0771153 
     0.0005422    0.0809543 
   0.000542593    0.0858316 
   0.000543041    0.0920108 
   0.000543377    0.0971425 
   0.000543714      0.10276 
    0.00054405     0.108928 
   0.000544351     0.114972 
   0.000544634     0.121173 
   0.000544917     0.127931 
     0.0005452     0.135316 
   0.000545483     0.143411 
   0.000545756     0.151986 
    0.00054601     0.160703 
   0.000546264     0.170242 
   0.000546517      0.18071 
   0.000546771     0.192233 
   0.000547025     0.204961 
   0.000547282     0.219264 
   0.000547539     0.235197 
   0.000547796     0.253016 
   0.000547968     0.266092 
   0.000548139     0.280252 
   0.000548311     0.295619 
     0.0005485     0.314149 
   0.000548707     0.336564 
   0.000548913     0.361567 
   0.000549068     0.382266 
   0.000549224     0.404861 
   0.000549376     0.429166 
   0.000549529     0.455804 
   0.000549681     0.485086 
   0.000549834     0.517379 
   0.000549986     0.553116 
   0.000550114     0.585963 
   0.000550267     0.629581 
   0.000550381     0.665677 
   0.000550496     0.705072 
   0.000550611     0.748189 
   0.000550738     0.800772 
   0.000550871      0.86225 
   0.000550959     0.907396 
   0.000551066     0.966794 
    0.00055116      1.02401 
   0.000551253      1.08667 
   0.000551356      1.16275 
   0.000551446       1.2367 
   0.000551534      1.31531 
   0.000551631      1.41186 
   0.000551724      1.51634 
   0.000551807      1.61935 
   0.000551879      1.71887 
   0.000551928      1.79074 
   0.000552005       1.9162 
   0.000552077      2.04723 
    0.00055215      2.19352 
   0.000552221        2.355 
    0.00055229      2.53086 
   0.000552336      2.66091 
   0.000552381      2.80294 
   0.000552441      3.00749 
    0.00055248       3.1591 
    0.00055252      3.32496 
   0.000552558      3.50199 
   0.000552596      3.69115 
   0.000552633      3.89982 
    0.00055267      4.13106 
   0.000552708      4.38852 
   0.000552745       4.6765 
   0.000552783      5.00009 
   0.000552811      5.26972 
   0.000552839      5.56561 
   0.000552863      5.84576 
   0.000552887      6.15043 
   0.000552912      6.48222 
   0.000552936        6.844 
    0.00055296      7.23889 
   0.000552985      7.67033 
   0.000553009      8.14205 
   0.000553033      8.65812 
   0.000553061      9.31443 
   0.000553089       10.043 
    0.00055311      10.6417 
   0.000553131      11.2892 
   0.000553152      11.9892 
   0.000553173       12.746 
   0.000553194      13.5637 
   0.000553215      14.4467 
   0.000553236      15.3998 
   0.000553257      16.4278 
   0.000553284      17.8381 
    0.00055331      19.3857 
   0.000553337      21.0815 
   0.000553363      22.9364 
    0.00055339      24.9618 
   0.000553416      27.1688 
   0.000553443      29.5685 
   0.000553469      32.1721 
   0.000553496      34.9899 
   0.000553522      38.0321 
   0.000553549      41.3081 
   0.000553575      44.8261 
   0.000553602      48.5934 
   0.000553628      52.6158 
   0.000553655      56.8977 
    0.00055369      62.9748 
   0.000553716      67.7405 
    0.00055375      74.4777 
   0.000553785      81.6413 
   0.000553819      89.2114 
   0.000553859      98.4141 
   0.000553912      111.366 
   0.000553989       131.17 
   0.000554116      164.712 
    0.00055418      180.705 
   0.000554237       193.99 
   0.000554277      202.459 
    0.00055432      210.406 
   0.000554362      217.205 
   0.000554404      222.717 
   0.000554451      227.159 
   0.000554489      229.452 
   0.000554533      230.541 
   0.000554539      230.559 
    0.00055457      230.163 
   0.000554614      228.136 
   0.000554661      224.224 
   0.000554703      219.161 
   0.000554746      212.772 
   0.000554788      205.188 
   0.000554828      197.016 
   0.000554886      184.065 
   0.000554949      168.319 
    0.00055514      118.317 
   0.000555192      105.166 
   0.000555245      92.7016 
   0.000555289      82.9507 
   0.000555332      73.8461 
   0.000555373      65.9188 
   0.000555409      59.5228 
   0.000555445      53.6039 
   0.000555469      49.9212 
   0.000555493      46.4461 
   0.000555517      43.1747 
    0.00055554      40.1022 
   0.000555566      37.0685 
   0.000555592      34.0996 
   0.000555619      31.3516 
   0.000555645      28.8142 
   0.000555672      26.4767 
   0.000555698      24.3281 
   0.000555725      22.3573 
   0.000555751       20.553 
   0.000555773      19.2007 
   0.000555797      17.7583 
   0.000555822      16.4364 
   0.000555847      15.2266 
   0.000555872      14.1205 
   0.000555897      13.1101 
   0.000555922      12.1879 
   0.000555947      11.3467 
   0.000555972      10.5798 
   0.000555997      9.88071 
   0.000556022      9.24358 
   0.000556048      8.62675 
   0.000556076      8.05146 
   0.000556103       7.5314 
    0.00055613      7.06088 
   0.000556158      6.63476 
   0.000556185      6.24837 
   0.000556212      5.89748 
    0.00055624       5.5783 
   0.000556267      5.28743 
   0.000556285      5.10773 
   0.000556322      4.77876 
   0.000556352        4.536 
   0.000556382       4.3145 
   0.000556421      4.04804 
   0.000556461      3.81007 
   0.000556501      3.59643 
   0.000556541      3.40363 
   0.000556581      3.22877 
   0.000556621      3.06942 
   0.000556663      2.91343 
   0.000556709      2.76165 
   0.000556755      2.62313 
   0.000556801      2.49613 
   0.000556869       2.3242 
   0.000556937      2.17118 
   0.000557006      2.03408 
   0.000557083       1.8957 
    0.00055716      1.77188 
   0.000557238       1.6605 
   0.000557315      1.55984 
   0.000557392       1.4685 
   0.000557483       1.3715 
    0.00055758      1.27803 
   0.000557678      1.19415 
   0.000557775      1.11855 
   0.000557873      1.05013 
   0.000557974     0.985787 
   0.000558082     0.923338 
   0.000558191     0.866809 
   0.000558299     0.815462 
   0.000558408      0.76867 
   0.000558516     0.725901 
   0.000558645      0.67971 
   0.000558774     0.637906 
   0.000558902     0.599944 
   0.000559031     0.565361 
    0.00055916     0.533765 
   0.000559306     0.501064 
   0.000559461     0.469668 
   0.000559617     0.441215 
   0.000559772     0.415345 
   0.000559927     0.391753 
   0.000560087     0.369461 
   0.000560258     0.347777 
    0.00056043     0.328011 
   0.000560601     0.309941 
   0.000560715     0.298743 
   0.000560943      0.27816 
   0.000561158     0.260744 
   0.000561373      0.24498 
   0.000561588     0.230665 
   0.000561803     0.217627 
   0.000562017     0.205718 
   0.000562253     0.193801 
   0.000562499     0.182491 
   0.000562746       0.1722 
   0.000562992     0.162811 
   0.000563238      0.15422 
   0.000563495     0.146019 
   0.000563772     0.137922 
    0.00056405     0.130533 
   0.000564327     0.123774 
   0.000564697     0.115623 
   0.000564999     0.109615 
   0.000565349     0.103273 
     0.0005657    0.0975273 
    0.00056605    0.0923058 
     0.0005664    0.0875476 
    0.00056675    0.0831999 
    0.00056714    0.0787903 
    0.00056753    0.0747794 
    0.00056779     0.072304 
   0.000568309    0.0677763 
   0.000568829    0.0637437 
   0.000569292    0.0605125 
   0.000569755    0.0575792 
   0.000570372    0.0540726 
   0.000570989    0.0509664 
   0.000571504    0.0486436 
   0.000572121    0.0461287 
   0.000572738    0.0438731 
   0.000573355    0.0418477 
   0.000573767    0.0406105 
    0.00057459    0.0383747 
     0.0005753    0.0366728 
    0.00057601    0.0351486 
   0.000576957    0.0333505 
   0.000577903    0.0317861 
    0.00057884     0.030438 
   0.000579767    0.0292728 
   0.000580693    0.0282468 
    0.00058162     0.027341 
   0.000582628     0.026477 
   0.000583717    0.0256666 
   0.000584806    0.0249692 
    0.00058644    0.0240992 
    0.00058789    0.0234783 
    0.00058934    0.0229775 
   0.000590892    0.0225557 
   0.000592647    0.0222028 
   0.000594402     0.021959 
   0.000596705    0.0217828 
   0.000598422    0.0217448 
   0.000600826     0.021809 
    0.00060323    0.0219942 
   0.000606314    0.0223935 
   0.000609399    0.0229596 
   0.000612544    0.0236998 
   0.000615811    0.0246415 
   0.000618741    0.0256432 
    0.00062201    0.0269284 
   0.000624301    0.0279508 
   0.000626593    0.0290783 
   0.000630032    0.0309789 
   0.000632323    0.0324066 
   0.000635329    0.0344933 
   0.000638301     0.036825 
   0.000640526     0.038769 
   0.000642751    0.0409043 
   0.000644976     0.043254 
   0.000647201    0.0458446 
   0.000649425    0.0487078 
    0.00065165    0.0518807 
   0.000653875    0.0554072 
   0.000655962    0.0590799 
   0.000657911    0.0628747 
   0.000659899    0.0671693 
   0.000661927    0.0720483 
   0.000663669     0.076701 
   0.000665127    0.0809684 
   0.000667022     0.087096 
   0.000668188    0.0912331 
   0.000669771    0.0973589 
   0.000671397     0.104336 
   0.000673017     0.112091 
   0.000674397     0.119424 
   0.000675606     0.126467 
   0.000677023      0.13557 
    0.00067844     0.145716 
   0.000679273     0.152238 
   0.000680519     0.162846 
   0.000681764     0.174623 
   0.000682732     0.184703 
     0.0006837     0.195696 
   0.000684668     0.207716 
   0.000685637     0.220896 
   0.000686605     0.235389 
   0.000687629     0.252358 
   0.000688682     0.271802 
   0.000689384     0.286053 
   0.000690352     0.307641 
   0.000691277     0.330681 
   0.000692203     0.356436 
   0.000692901     0.377919 
   0.000693599     0.401427 
   0.000694297     0.427222 
   0.000694995     0.455592 
   0.000695681     0.486342 
   0.000696367     0.520332 
   0.000697054     0.558032 
    0.00069774     0.600003 
   0.000698426     0.646912 
   0.000699044     0.694016 
   0.000699627     0.743405 
   0.000700211     0.798268 
   0.000700794     0.859415 
   0.000701377     0.927829 
   0.000701766     0.978095 
   0.000702224      1.04268 
   0.000702681       1.1139 
   0.000703138      1.19267 
   0.000703596      1.28009 
   0.000703939      1.35211 
   0.000704282      1.43037 
   0.000704625       1.5156 
   0.000704969      1.60862 
   0.000705312      1.71042 
   0.000705609      1.80664 
   0.000705975      1.93659 
   0.000706341        2.081 
   0.000706615       2.2001 
    0.00070689      2.32965 
   0.000707164      2.47087 
   0.000707439       2.6252 
   0.000707713      2.79428 
   0.000707988      2.98004 
   0.000708262       3.1847 
   0.000708537      3.41087 
   0.000708812       3.6616 
   0.000709086      3.94051 
    0.00070936      4.25187 
   0.000709544      4.47995 
   0.000709726      4.72643 
     0.0007099      4.97944 
   0.000710147      5.37439 
   0.000710312      5.66355 
   0.000710477      5.97589 
   0.000710641      6.31383 
   0.000710806      6.68012 
   0.000710971      7.07785 
   0.000711136      7.51056 
   0.000711319      8.03722 
   0.000711502      8.61821 
   0.000711685      9.26068 
   0.000711868      9.97282 
   0.000712005      10.5582 
   0.000712142      11.1925 
   0.000712279      11.8806 
   0.000712417      12.6279 
   0.000712554      13.4402 
   0.000712691       14.324 
   0.000712828      15.2862 
   0.000712966      16.3341 
   0.000713103      17.4756 
    0.00071324      18.7185 
   0.000713377      20.0707 
   0.000713515      21.5398 
   0.000713652      23.1325 
   0.000713789       24.854 
   0.000713926      26.7074 
   0.000714064      28.6925 
   0.000714228      31.2417 
   0.000714448      34.8909 
   0.000715052       45.534 
   0.000715217      48.2289 
   0.000715381      50.6402 
   0.000715546      52.6568 
   0.000715656      53.7308 
   0.000715766      54.5577 
   0.000715871      55.1002 
   0.000715972      55.3764 
   0.000716036      55.4246 
   0.000716124      55.3307 
   0.000716259      54.8314 
   0.000716393      53.9201 
   0.000716528      52.6312 
   0.000716662      51.0111 
   0.000716827      48.6581 
   0.000716992      46.0022 
   0.000717211      42.1807 
   0.000717541      36.3146 
   0.000717724      33.1786 
   0.000717907      30.2175 
    0.00071809      27.4698 
   0.000718227      25.5605 
   0.000718364      23.7837 
   0.000718501      22.1374 
   0.000718639      20.6173 
   0.000718776      19.2172 
   0.000718913      17.9297 
    0.00071905      16.7471 
   0.000719188      15.6613 
   0.000719325      14.6646 
   0.000719462      13.7493 
   0.000719599      12.9084 
   0.000719737      12.1353 
   0.000719874      11.4238 
   0.000720011      10.7682 
   0.000720103      10.3598 
   0.000720286      9.60521 
   0.000720469      8.92548 
   0.000720606      8.45941 
   0.000720812      7.82267 
   0.000721018      7.25213 
   0.000721223      6.73934 
   0.000721429      6.27708 
   0.000721567      5.99391 
    0.00072175      5.64424 
   0.000721933      5.32336 
   0.000722116      5.02833 
   0.000722299      4.75652 
   0.000722482      4.50563 
   0.000722665      4.27363 
   0.000722939      3.95715 
   0.000723214      3.67391 
   0.000723488      3.41949 
   0.000723763      3.19019 
   0.000724037      2.98285 
   0.000724312      2.79479 
   0.000724586      2.62374 
   0.000724861      2.46772 
   0.000725135      2.32505 
    0.00072541      2.19427 
   0.000725684      2.07409 
   0.000725959      1.96343 
   0.000726278      1.84546 
   0.000726597      1.73773 
   0.000726916       1.6391 
   0.000727235      1.54856 
   0.000727661      1.43895 
   0.000728004      1.35871 
   0.000728347      1.28495 
   0.000728804      1.19554 
   0.000729262      1.11511 
   0.000729674      1.04945 
   0.000730039     0.995828 
   0.000730589     0.922712 
   0.000731138     0.857281 
   0.000731687     0.798516 
   0.000732235     0.745555 
   0.000732647     0.709198 
   0.000733105     0.671818 
   0.000733562     0.637301 
   0.000734248     0.590283 
   0.000734935     0.548258 
   0.000735621     0.510544 
    0.00073634      0.47502 
   0.000737126     0.440282 
   0.000737912     0.409211 
   0.000738697     0.381316 
   0.000739483     0.356152 
   0.000740268     0.333381 
   0.000741016     0.313668 
   0.000741764     0.295645 
   0.000742511     0.279124 
   0.000743259     0.263944 
   0.000744256     0.245549 
   0.000745043     0.232349 
   0.000745829     0.220181 
   0.000746879     0.205385 
   0.000747928     0.192023 
   0.000749003     0.179629 
   0.000750104     0.168133 
   0.000751205     0.157701 
   0.000752306     0.148206 
   0.000753399     0.139605 
   0.000754483     0.131788 
   0.000755566     0.124611 
    0.00075665     0.117998 
   0.000757725     0.111941 
   0.000759325     0.103753 
   0.000760925    0.0964262 
   0.000762524    0.0898453 
   0.000764124    0.0839123 
   0.000765724    0.0785455 
   0.000767367    0.0735503 
   0.000769011    0.0690106 
   0.000770681     0.064814 
   0.000772403    0.0608734 
   0.000774125    0.0572796 
   0.000775846    0.0539932 
   0.000777568    0.0509801 
   0.000779289    0.0482109 
   0.000781393     0.045123 
   0.000783497    0.0423196 
   0.000785869    0.0394594 
   0.000788241     0.036878 
   0.000790612    0.0345404 
   0.000792984    0.0324171 
   0.000795356    0.0304825 
   0.000797728    0.0287152 
   0.000800445    0.0268732 
   0.000803163    0.0252008 
    0.00080546    0.0239051 
   0.000808907    0.0221399 
   0.000812353    0.0205622 
   0.000815799    0.0191466 
   0.000819246    0.0178718 
   0.000822804    0.0166839 
   0.000826585     0.015547 
   0.000829553    0.0147338 
    0.00083252    0.0139816 
   0.000836972    0.0129574 
   0.000841423    0.0120414 
   0.000845875    0.0112186 
   0.000850327    0.0104772 
   0.000854778   0.00980709 
   0.000858454   0.00930099 
   0.000862838   0.00874695 
   0.000867221   0.00824101 
   0.000871605   0.00777781 
   0.000876715   0.00728592 
   0.000882552     0.006779 
   0.000888389   0.00632347 
   0.000894226   0.00591268 
   0.000900444   0.00551804 
   0.000907044   0.00514128 
   0.000913644   0.00480234 
   0.000920244    0.0044964 
   0.000926844   0.00421937 
   0.000933444   0.00396777 
   0.000940043   0.00373865 
   0.000946643   0.00352945 
   0.000954285   0.00330937 
   0.000962967   0.00308438 
   0.000971649   0.00288275 
   0.000980332   0.00270149 
   0.000988856   0.00254088 
   0.000997222   0.00239801 
    0.00100559    0.0022681 
    0.00101395   0.00214974 
    0.00102469   0.00201296 
    0.00103451   0.00190118 
    0.00104434   0.00179963 
    0.00105416   0.00170873 
    0.00106399   0.00162606 
      0.001075   0.00154392 
    0.00108392   0.00148355 
    0.00109285   0.00142874 
    0.00110177   0.00137911 
    0.00111392   0.00131886 
    0.00112546   0.00127024 
      0.001137   0.00122831 
    0.00114987   0.00119025 
    0.00116273   0.00116106 
    0.00117238   0.00114536 
    0.00118204   0.00113472 
    0.00119142   0.00113018 
    0.00119438   0.00112993 
    0.00120423   0.00113406 
    0.00121211   0.00114309 
     0.0012201   0.00115828 
    0.00122816   0.00118076 
    0.00123603   0.00121093 
    0.00124182   0.00123942 
     0.0012476    0.0012738 
    0.00125339    0.0013158 
    0.00125874   0.00136193 
    0.00126365   0.00141222 
    0.00126813   0.00146555 
    0.00127261   0.00152772 
    0.00127709    0.0015998 
     0.0012814   0.00168106 
    0.00128537   0.00176744 
    0.00128884   0.00185448 
    0.00129231   0.00195384 
     0.0012952   0.00204802 
    0.00129809   0.00215362 
    0.00130072   0.00226232 
    0.00130335   0.00238489 
    0.00130603   0.00252632 
    0.00130872   0.00268704 
    0.00131073   0.00282267 
    0.00131275   0.00297377 
    0.00131483   0.00314887 
    0.00131706   0.00336104 
    0.00131855   0.00351857 
    0.00132004   0.00369069 
    0.00132142   0.00386637 
    0.00132281    0.0040592 
     0.0013242   0.00427103 
    0.00132558   0.00450451 
      0.001327    0.0047698 
    0.00132842   0.00506491 
    0.00132984   0.00539368 
    0.00133126   0.00576372 
     0.0013323   0.00606435 
    0.00133334   0.00639386 
    0.00133438   0.00675622 
    0.00133542    0.0071563 
    0.00133645   0.00759868 
    0.00133732   0.00800425 
    0.00133836    0.0085429 
     0.0013394   0.00914656 
    0.00134017   0.00964847 
    0.00134095    0.0101986 
    0.00134183    0.0108818 
     0.0013427    0.0116448 
    0.00134336    0.0122776 
    0.00134401    0.0129696 
    0.00134465    0.0137016 
    0.00134524    0.0144457 
    0.00134583    0.0152584 
    0.00134642    0.0161484 
    0.00134701    0.0171261 
     0.0013476    0.0182036 
    0.00134822     0.019466 
    0.00134884    0.0208762 
    0.00134931    0.0220451 
    0.00134978    0.0233226 
    0.00135022    0.0246678 
    0.00135064    0.0260209 
    0.00135105    0.0274962 
    0.00135147    0.0291089 
    0.00135188    0.0308772 
     0.0013523     0.032822 
    0.00135266    0.0346827 
    0.00135302    0.0367155 
    0.00135338    0.0389424 
    0.00135374    0.0413893 
     0.0013541    0.0440863 
    0.00135442    0.0466472 
     0.0013547      0.04922 
    0.00135499     0.052022 
    0.00135528    0.0550814 
    0.00135557    0.0584312 
    0.00135585    0.0619887 
    0.00135611    0.0656307 
    0.00135637    0.0696166 
    0.00135663    0.0739918 
    0.00135689    0.0788095 
    0.00135715    0.0841323 
    0.00135737    0.0889894 
    0.00135759    0.0942956 
     0.0013578     0.100109 
    0.00135802     0.106497 
    0.00135824      0.11354 
    0.00135843     0.120473 
    0.00135861     0.127617 
     0.0013588      0.13544 
    0.00135898     0.144032 
    0.00135916       0.1535 
    0.00135934       0.1636 
     0.0013595     0.173954 
    0.00135967     0.185364 
    0.00135983     0.197984 
    0.00135999     0.211997 
    0.00136016     0.227624 
    0.00136029     0.241322 
    0.00136042      0.25636 
    0.00136055     0.272929 
    0.00136068     0.291255 
    0.00136081     0.311617 
    0.00136093     0.332553 
    0.00136104     0.354852 
    0.00136116     0.379691 
    0.00136127     0.407533 
    0.00136135     0.428051 
    0.00136143     0.450389 
     0.0013615     0.473199 
    0.00136157     0.496352 
    0.00136163     0.521607 
     0.0013617     0.549293 
    0.00136177     0.579817 
    0.00136183     0.613677 
     0.0013619     0.651492 
    0.00136197     0.694027 
    0.00136203      0.73704 
    0.00136208     0.779686 
    0.00136214     0.827292 
    0.00136219     0.880693 
    0.00136223      0.92513 
    0.00136227     0.973853 
    0.00136231       1.0274 
    0.00136235      1.08637 
    0.00136239      1.15145 
    0.00136243       1.2234 
    0.00136247      1.29521 
     0.0013625      1.37405 
    0.00136254      1.46069 
    0.00136257      1.55596 
    0.00136261      1.66079 
    0.00136265      1.77618 
    0.00136268      1.90323 
    0.00136272       2.0431 
    0.00136276      2.19708 
    0.00136279      2.36653 
    0.00136282      2.48881 
    0.00136285      2.67519 
    0.00136288      2.87887 
    0.00136292      3.10127 
    0.00136295      3.34392 
    0.00136299      3.60839 
    0.00136302      3.89635 
    0.00136306      4.20953 
    0.00136309      4.54969 
    0.00136312      4.86532 
    0.00136315      5.20347 
    0.00136317      5.44202 
    0.00136321      5.95222 
    0.00136325      6.50897 
    0.00136328      7.06662 
    0.00136332      7.66868 
    0.00136336      8.37357 
    0.00136339      8.95477 
    0.00136343      9.73083 
    0.00136346       10.564 
     0.0013635      11.5304 
    0.00136355      12.6475 
    0.00136359      13.8061 
    0.00136363      15.0248 
    0.00136367      16.3606 
    0.00136372      17.7796 
    0.00136377         19.8 
    0.00136383      21.9637 
    0.00136389      24.1458 
    0.00136394      26.4429 
    0.00136403      30.2761 
    0.00136411      34.3098 
    0.00136437      46.7371 
    0.00136446       50.942 
    0.00136455      54.8029 
    0.00136462      57.3891 
    0.00136468       59.368 
    0.00136474      61.0687 
     0.0013648      62.6481 
    0.00136487      63.7828 
    0.00136492      64.3166 
    0.00136499      64.6249 
      0.001365      64.6281 
    0.00136507      64.3627 
    0.00136514      63.5461 
    0.00136521      62.2992 
    0.00136528      60.5527 
    0.00136535      58.5346 
    0.00136541      56.2739 
    0.00136548      53.5605 
    0.00136557      49.5704 
    0.00136569      43.8647 
    0.00136591      33.2569 
    0.00136599      29.7258 
    0.00136607      25.9281 
    0.00136614      22.9637 
     0.0013662      20.7402 
    0.00136626      18.6573 
     0.0013663      17.1904 
    0.00136634      15.8065 
    0.00136639      14.5056 
    0.00136642      13.3961 
    0.00136646      12.3539 
     0.0013665      11.3775 
    0.00136654      10.4655 
    0.00136658      9.61583 
    0.00136662      8.82635 
    0.00136666      8.09462 
     0.0013667      7.41814 
    0.00136674      6.76917 
    0.00136677      6.31798 
     0.0013668      5.89578 
    0.00136683       5.5012 
    0.00136686      5.13292 
    0.00136689      4.78957 
    0.00136692      4.46985 
    0.00136695      4.17244 
    0.00136698       3.8961 
    0.00136701      3.63957 
    0.00136704      3.39245 
    0.00136707      3.15994 
     0.0013671      2.94565 
    0.00136714      2.74831 
    0.00136717      2.56672 
     0.0013672      2.39971 
    0.00136723      2.24619 
    0.00136727      2.10512 
     0.0013673      1.97553 
    0.00136733      1.85652 
    0.00136736      1.74722 
     0.0013674      1.62464 
    0.00136744      1.51423 
    0.00136748      1.41473 
    0.00136752        1.325 
    0.00136756        1.244 
     0.0013676      1.17078 
    0.00136764      1.10451 
    0.00136768      1.04442 
    0.00136772     0.989844 
    0.00136776     0.940162 
     0.0013678      0.89328 
    0.00136784      0.84771 
    0.00136789     0.806311 
    0.00136793     0.768583 
    0.00136799     0.723241 
    0.00136805     0.682769 
    0.00136811     0.646433 
    0.00136817     0.613625 
    0.00136822     0.583841 
    0.00136829      0.55381 
    0.00136836     0.523947 
    0.00136843     0.496893 
     0.0013685     0.472241 
    0.00136858     0.449664 
    0.00136868     0.419113 
    0.00136879     0.391924 
    0.00136891     0.364875 
    0.00136904     0.339575 
    0.00136916     0.317004 
    0.00136929     0.296755 
    0.00136941     0.278498 
    0.00136954     0.261447 
    0.00136968     0.245057 
    0.00136982     0.230236 
    0.00136996     0.216784 
     0.0013701     0.204533 
    0.00137024      0.19334 
     0.0013704     0.181545 
    0.00137056     0.170847 
    0.00137072     0.161111 
    0.00137088     0.152223 
    0.00137104     0.144085 
    0.00137124     0.134905 
    0.00137146     0.125857 
    0.00137167     0.117736 
    0.00137189     0.110419 
    0.00137211     0.103803 
    0.00137233    0.0976895 
    0.00137256    0.0919341 
     0.0013728    0.0867082 
    0.00137303     0.081949 
    0.00137326    0.0776029 
    0.00137349    0.0736238 
    0.00137377    0.0691634 
    0.00137406     0.065137 
    0.00137434     0.061491 
    0.00137463    0.0581797 
    0.00137491    0.0551642 
    0.00137522    0.0522549 
    0.00137553    0.0495357 
    0.00137584    0.0470608 
    0.00137625    0.0440947 
    0.00137666     0.041461 
    0.00137702    0.0394137 
    0.00137738    0.0375576 
    0.00137786    0.0353444 
    0.00137834    0.0333924 
    0.00137875    0.0318742 
    0.00137929    0.0301488 
    0.00137982    0.0286405 
    0.00138036    0.0273224 
    0.00138089    0.0261719 
    0.00138143    0.0251701 
    0.00138198     0.024285 
    0.00138252    0.0235244 
    0.00138288    0.0230809 
    0.00138361    0.0223342 
    0.00138434    0.0217587 
    0.00138494    0.0214004 
    0.00138555    0.0211435 
    0.00138615    0.0209845 
    0.00138675    0.0209216 
    0.00138754     0.020984 
    0.00138834     0.021213 
    0.00138913     0.021615 
    0.00138992    0.0222016 
    0.00139045    0.0227033 
    0.00139098     0.023301 
    0.00139166    0.0242183 
    0.00139216    0.0250314 
    0.00139267    0.0259645 
    0.00139318    0.0270311 
    0.00139368    0.0282472 
    0.00139412    0.0294354 
    0.00139456    0.0307647 
      0.001395    0.0322524 
    0.00139544     0.033919 
    0.00139588    0.0357896 
    0.00139626    0.0376369 
    0.00139663    0.0395495 
    0.00139699    0.0416655 
    0.00139735    0.0440118 
    0.00139771    0.0466202 
    0.00139796    0.0485232 
    0.00139832    0.0517094 
    0.00139869    0.0552891 
    0.00139897    0.0582705 
    0.00139925    0.0615416 
    0.00139951    0.0650265 
    0.00139977    0.0686105 
    0.00140002    0.0725391 
    0.00140027    0.0768574 
    0.00140052    0.0816181 
    0.00140077    0.0868833 
    0.00140098    0.0918165 
     0.0014012    0.0972215 
    0.00140141      0.10316 
    0.00140163     0.109706 
    0.00140184     0.116945 
    0.00140203     0.123967 
     0.0014022     0.131134 
    0.00140238     0.138985 
    0.00140255     0.147609 
    0.00140273     0.157115 
     0.0014029      0.16727 
    0.00140306     0.177711 
    0.00140321     0.189224 
    0.00140337     0.201964 
    0.00140353     0.216119 
    0.00140369     0.231916 
    0.00140382     0.246116 
    0.00140395     0.261754 
    0.00140407     0.279044 
     0.0014042     0.298244 
    0.00140433     0.319674 
    0.00140445     0.341443 
    0.00140456     0.364496 
    0.00140467     0.390276 
    0.00140478     0.419324 
    0.00140485      0.44085 
    0.00140493     0.464412 
      0.001405     0.488928 
    0.00140506     0.514369 
    0.00140513     0.542391 
     0.0014052     0.573445 
    0.00140526     0.608083 
    0.00140533     0.646991 
    0.00140538     0.679473 
    0.00140543     0.715254 
    0.00140548     0.754834 
    0.00140552     0.790797 
    0.00140557     0.838127 
    0.00140562      0.89098 
    0.00140567     0.950203 
     0.0014057     0.999383 
    0.00140574      1.05316 
    0.00140578      1.11206 
    0.00140581      1.17664 
    0.00140585      1.24753 
    0.00140589      1.32544 
    0.00140592      1.40392 
    0.00140595      1.48961 
    0.00140599      1.58322 
    0.00140602       1.6855 
    0.00140605      1.79726 
    0.00140609      1.91938 
    0.00140612      2.05281 
    0.00140616      2.19853 
    0.00140619      2.35764 
    0.00140622      2.53126 
    0.00140626      2.71285 
    0.00140628      2.89334 
    0.00140631      3.08793 
    0.00140634      3.29757 
    0.00140637      3.52323 
     0.0014064      3.76595 
    0.00140643      4.02678 
    0.00140646      4.30681 
    0.00140649      4.60714 
    0.00140652       4.9289 
    0.00140655      5.27325 
    0.00140658        5.635 
    0.00140662      6.15034 
    0.00140666      6.71032 
     0.0014067      7.31745 
    0.00140673       7.8958 
    0.00140678      8.71119 
    0.00140682      9.59894 
    0.00140685      10.2978 
    0.00140689      11.1079 
    0.00140694      12.2676 
    0.00140698      13.4393 
    0.00140703      14.6943 
    0.00140708      16.1524 
    0.00140713      17.7812 
    0.00140717        19.22 
    0.00140723      21.3553 
     0.0014073      24.0713 
    0.00140737      27.1367 
    0.00140744      30.2391 
    0.00140756      35.3193 
    0.00140776      44.5274 
    0.00140785      48.3953 
    0.00140794      51.9947 
      0.001408      54.4195 
    0.00140807      56.5546 
    0.00140813      58.1362 
     0.0014082      59.6164 
    0.00140826      60.6968 
    0.00140831      61.1828 
    0.00140837      61.5252 
     0.0014084      61.5722 
    0.00140846        61.39 
    0.00140853      60.7142 
     0.0014086      59.6423 
    0.00140867      58.1702 
    0.00140873      56.5293 
    0.00140879      54.6185 
    0.00140886      52.2178 
    0.00140895      48.6441 
    0.00140904      44.7564 
    0.00140932       31.713 
     0.0014094      28.3729 
    0.00140947      25.1852 
    0.00140954      22.4012 
     0.0014096      20.3051 
    0.00140966      18.3342 
     0.0014097      16.9413 
    0.00140975      15.3009 
    0.00140981      13.7785 
    0.00140984      12.8287 
    0.00140988      11.9304 
    0.00140991      11.0828 
    0.00140995      10.2848 
    0.00140998      9.53518 
    0.00141002      8.76606 
    0.00141006      8.05146 
     0.0014101       7.3891 
    0.00141014      6.77663 
    0.00141017      6.21156 
    0.00141021      5.69139 
    0.00141025      5.21353 
    0.00141029      4.77545 
    0.00141032      4.44414 
    0.00141035      4.13649 
    0.00141039      3.85112 
    0.00141042      3.58672 
    0.00141045      3.34199 
    0.00141048       3.1157 
    0.00141051      2.90663 
    0.00141054      2.71365 
    0.00141058      2.53563 
    0.00141061      2.37153 
    0.00141064      2.21333 
    0.00141068      2.05541 
    0.00141071       1.9118 
    0.00141075      1.78124 
    0.00141079      1.66257 
    0.00141082       1.5547 
    0.00141086      1.45663 
     0.0014109      1.36745 
    0.00141093       1.2863 
    0.00141097      1.21242 
    0.00141101       1.1451 
    0.00141104      1.07873 
    0.00141109      1.01635 
    0.00141113     0.959917 
    0.00141117     0.908775 
    0.00141121     0.862326 
    0.00141124     0.833702 
    0.00141129     0.781444 
    0.00141135      0.73502 
     0.0014114     0.693578 
    0.00141145     0.656399 
    0.00141151     0.624576 
    0.00141156     0.595596 
    0.00141163     0.560747 
     0.0014117     0.529577 
    0.00141176     0.501503 
    0.00141183     0.476056 
     0.0014119     0.452859 
    0.00141197     0.431604 
    0.00141204     0.410982 
    0.00141212     0.391034 
    0.00141224     0.364033 
    0.00141235     0.340001 
    0.00141247     0.318466 
    0.00141258     0.299058 
    0.00141271       0.2794 
    0.00141285     0.260795 
    0.00141298     0.244079 
    0.00141312     0.228994 
    0.00141326     0.215324 
     0.0014134     0.202088 
    0.00141357     0.188632 
    0.00141373     0.176524 
     0.0014139     0.165585 
    0.00141406     0.155667 
    0.00141423     0.146642 
    0.00141441      0.13759 
    0.00141459     0.129377 
    0.00141477       0.1219 
    0.00141495     0.115073 
    0.00141514     0.108821 
    0.00141535     0.102151 
    0.00141558    0.0956756 
     0.0014158    0.0898154 
    0.00141603    0.0844936 
    0.00141626    0.0796456 
     0.0014165    0.0750108 
    0.00141676    0.0704089 
    0.00141702    0.0662314 
    0.00141728    0.0624271 
    0.00141754    0.0589525 
    0.00141781      0.05577 
     0.0014181    0.0524931 
    0.00141839    0.0495071 
    0.00141869    0.0467785 
    0.00141898    0.0442782 
    0.00141938    0.0412571 
    0.00141975    0.0386847 
    0.00142012    0.0363559 
    0.00142049    0.0342405 
    0.00142086     0.032313 
    0.00142124    0.0305517 
    0.00142164    0.0288222 
    0.00142205    0.0271907 
    0.00142246    0.0257015 
    0.00142288    0.0243385 
    0.00142329    0.0230875 
    0.00142373    0.0218675 
    0.00142422     0.020622 
    0.00142471     0.019487 
     0.0014252    0.0184496 
    0.00142553    0.0178069 
    0.00142619    0.0166256 
    0.00142678    0.0156647 
    0.00142737    0.0147916 
    0.00142796    0.0139957 
    0.00142855    0.0132679 
    0.00142934    0.0123907 
    0.00142999    0.0117349 
    0.00143065    0.0111353 
    0.00143152    0.0104123 
    0.00143239    0.0097654 
     0.0014331   0.00928786 
    0.00143392   0.00878339 
    0.00143474   0.00832426 
    0.00143556   0.00790521 
    0.00143665     0.007401 
    0.00143754   0.00703107 
    0.00143857   0.00664278 
    0.00143959   0.00629088 
    0.00144062   0.00597099 
    0.00144131   0.00577393 
    0.00144268   0.00541393 
    0.00144405   0.00509307 
    0.00144543   0.00480707 
     0.0014468   0.00455003 
    0.00144818   0.00431807 
     0.0014497    0.0040883 
    0.00145121   0.00388241 
    0.00145273   0.00369706 
    0.00145424   0.00353007 
    0.00145643   0.00331629 
    0.00145862   0.00312963 
    0.00146078   0.00296758 
     0.0014629   0.00282821 
    0.00146502   0.00270517 
    0.00146714   0.00259662 
    0.00146996   0.00247004 
    0.00147291   0.00235768 
    0.00147599   0.00225871 
    0.00147932   0.00217061 
     0.0014811   0.00212987 
    0.00148468   0.00206107 
     0.0014884   0.00200607 
    0.00149212   0.00196572 
    0.00149566   0.00194009 
    0.00149919   0.00192596 
    0.00150148   0.00192278 
    0.00150492   0.00192671 
    0.00150836   0.00194094 
    0.00151151    0.0019633 
    0.00151465   0.00199462 
    0.00151813   0.00204104 
    0.00152162   0.00210053 
    0.00152445   0.00215929 
    0.00152729    0.0022284 
    0.00153012   0.00230905 
    0.00153295   0.00240254 
    0.00153601   0.00252034 
    0.00153907   0.00265726 
    0.00154146   0.00277943 
    0.00154384   0.00291768 
    0.00154622   0.00307395 
     0.0015486   0.00325096 
    0.00155099   0.00345197 
    0.00155327   0.00367156 
    0.00155551   0.00391462 
    0.00155701    0.0040955 
    0.00155855   0.00429978 
    0.00156013   0.00453144 
    0.00156172   0.00478725 
    0.00156331    0.0050705 
    0.00156484   0.00537249 
    0.00156631   0.00569376 
    0.00156778   0.00605007 
    0.00156925   0.00644642 
    0.00157074   0.00689643 
    0.00157187   0.00727593 
    0.00157301    0.0076915 
    0.00157415   0.00814775 
    0.00157528   0.00864993 
    0.00157604   0.00901347 
    0.00157727   0.00965845 
    0.00157819    0.0101926 
    0.00157911    0.0107759 
    0.00158004    0.0114143 
    0.00158096    0.0121152 
    0.00158175    0.0127777 
    0.00158255    0.0134992 
    0.00158335    0.0142868 
    0.00158414    0.0151493 
    0.00158494    0.0160963 
    0.00158568    0.0170632 
     0.0015864    0.0180821 
    0.00158711    0.0191988 
    0.00158782    0.0204262 
    0.00158854    0.0217791 
    0.00158901    0.0227595 
    0.00158975    0.0244178 
     0.0015903    0.0257873 
    0.00159085    0.0272787 
    0.00159141    0.0289068 
    0.00159196    0.0306889 
    0.00159248    0.0325204 
      0.001593    0.0345245 
    0.00159352    0.0367236 
    0.00159404    0.0391435 
    0.00159455    0.0418151 
    0.00159498    0.0442339 
    0.00159549    0.0474061 
      0.001596    0.0509388 
    0.00159638    0.0538585 
    0.00159677    0.0570405 
    0.00159723    0.0612831 
    0.00159758    0.0647883 
    0.00159792    0.0686077 
    0.00159827    0.0727801 
    0.00159862    0.0773507 
    0.00159894    0.0820262 
    0.00159926    0.0871448 
    0.00159959    0.0927646 
    0.00159991    0.0989537 
    0.00160023     0.105792 
    0.00160051     0.112276 
    0.00160077     0.118786 
    0.00160103     0.125888 
    0.00160128     0.133656 
    0.00160154     0.142178 
    0.00160179     0.151184 
    0.00160201      0.16028 
    0.00160224     0.170237 
    0.00160247     0.181167 
     0.0016027     0.193205 
    0.00160292     0.206507 
    0.00160312     0.219298 
    0.00160332      0.23334 
    0.00160352     0.248808 
    0.00160372     0.265903 
    0.00160392      0.28487 
    0.00160409     0.302996 
    0.00160425     0.321321 
     0.0016044     0.341415 
    0.00160456     0.363518 
    0.00160472     0.387919 
    0.00160487      0.41407 
    0.00160502     0.441102 
    0.00160516     0.470998 
     0.0016053     0.504205 
    0.00160545     0.541267 
    0.00160559     0.582855 
     0.0016057     0.618744 
    0.00160581     0.658345 
    0.00160592     0.702258 
    0.00160603     0.751227 
    0.00160615     0.807229 
    0.00160622     0.848622 
     0.0016063     0.893787 
    0.00160637     0.943272 
    0.00160645     0.997737 
    0.00160652      1.05134 
    0.00160658        1.103 
    0.00160665      1.17122 
    0.00160672      1.24728 
    0.00160677      1.30843 
    0.00160684      1.39518 
     0.0016069       1.4856 
    0.00160696       1.5815 
      0.001607      1.64963 
    0.00160706      1.76446 
     0.0016071      1.85947 
    0.00160714      1.94752 
    0.00160719      2.06431 
    0.00160724      2.20625 
    0.00160728      2.33406 
    0.00160732      2.47319 
    0.00160737      2.62472 
    0.00160741      2.78981 
    0.00160745      2.96659 
    0.00160749      3.15215 
    0.00160753      3.35346 
    0.00160757      3.57181 
    0.00160761      3.80855 
    0.00160765      4.06508 
    0.00160769      4.35813 
    0.00160773      4.67656 
    0.00160778      5.02222 
    0.00160782      5.39701 
    0.00160786      5.80291 
     0.0016079      6.24187 
    0.00160795      6.71591 
    0.00160799      7.22698 
    0.00160803      7.77707 
    0.00160807      8.36807 
    0.00160811      9.00181 
    0.00160816      9.68001 
     0.0016082      10.4043 
    0.00160824       11.176 
     0.0016083       12.281 
    0.00160835      13.4996 
    0.00160841      14.8388 
    0.00160847       16.276 
    0.00160853      17.8103 
     0.0016086      19.8933 
    0.00160867      21.9115 
    0.00160876      24.7688 
    0.00160887      28.5592 
    0.00160918        39.34 
    0.00160926       42.075 
    0.00160937      45.4713 
    0.00160946      47.9956 
    0.00160955      50.1638 
    0.00160962      51.5168 
    0.00160968       52.609 
    0.00160976      53.5073 
    0.00160982      53.9622 
     0.0016099      54.1574 
    0.00160997      54.0011 
    0.00161003      53.6184 
    0.00161011      52.7203 
    0.00161017      51.6606 
    0.00161024      50.3377 
    0.00161031      48.7748 
     0.0016104      46.3641 
    0.00161048      43.9992 
    0.00161058      40.6935 
    0.00161071      35.9992 
    0.00161092      28.8451 
    0.00161103      25.0416 
    0.00161112      22.1695 
     0.0016112      19.8192 
    0.00161125      18.3405 
     0.0016113      16.9365 
    0.00161136      15.5608 
    0.00161141      14.2239 
    0.00161147      12.9775 
    0.00161153      11.8208 
    0.00161158      10.8034 
    0.00161163      9.91072 
    0.00161168      9.08499 
    0.00161173      8.32349 
    0.00161178      7.62327 
    0.00161183      6.98113 
    0.00161188      6.39376 
    0.00161192      5.98713 
    0.00161196      5.60795 
      0.001612      5.21706 
    0.00161204      4.85631 
    0.00161209      4.52375 
    0.00161213      4.21753 
    0.00161217      3.93579 
    0.00161221      3.67679 
    0.00161225      3.43884 
     0.0016123      3.22035 
    0.00161234      3.01978 
    0.00161238       2.8357 
    0.00161243      2.65703 
    0.00161248      2.47623 
    0.00161252      2.31277 
    0.00161257      2.16487 
    0.00161262      2.03093 
    0.00161267       1.9095 
    0.00161272      1.79925 
    0.00161277      1.69899 
    0.00161282      1.60766 
    0.00161287      1.52429 
    0.00161294      1.42406 
      0.001613       1.3462 
    0.00161306      1.27548 
    0.00161309      1.23187 
    0.00161317      1.15214 
    0.00161325       1.0811 
    0.00161332      1.01745 
     0.0016134     0.960114 
    0.00161348     0.908193 
    0.00161355     0.860952 
    0.00161364     0.813901 
    0.00161372     0.771057 
     0.0016138     0.731871 
    0.00161389      0.69589 
    0.00161401     0.647111 
    0.00161414     0.603662 
    0.00161427     0.563524 
    0.00161441     0.525333 
    0.00161455     0.491085 
    0.00161468     0.460226 
    0.00161482     0.432302 
    0.00161496     0.406934 
    0.00161512     0.379701 
    0.00161529     0.355194 
    0.00161545     0.333048 
    0.00161562     0.312963 
    0.00161578     0.294684 
    0.00161597     0.275837 
    0.00161616     0.257809 
    0.00161636     0.241524 
    0.00161656     0.226762 
    0.00161675     0.213334 
    0.00161696     0.200678 
    0.00161718     0.188396 
    0.00161739     0.177223 
    0.00161761     0.167027 
    0.00161783     0.157698 
    0.00161805     0.149139 
    0.00161832     0.139359 
    0.00161859     0.130521 
    0.00161887     0.122506 
    0.00161914     0.115214 
    0.00161942     0.108561 
    0.00161972     0.101909 
    0.00162003    0.0956001 
    0.00162034    0.0898646 
    0.00162065    0.0846346 
    0.00162097    0.0798519 
    0.00162129    0.0752888 
    0.00162165    0.0707843 
      0.001622    0.0666756 
    0.00162235    0.0629174 
    0.00162271    0.0594711 
    0.00162306    0.0563028 
    0.00162351     0.052655 
    0.00162395    0.0493534 
     0.0016244    0.0463553 
    0.00162484    0.0436246 
    0.00162529    0.0411304 
    0.00162577    0.0386825 
    0.00162626    0.0363747 
    0.00162676    0.0342696 
    0.00162726    0.0323442 
    0.00162775    0.0305783 
    0.00162828    0.0288575 
    0.00162887    0.0271024 
    0.00162946    0.0255045 
    0.00163005    0.0240457 
    0.00163064    0.0227102 
    0.00163122    0.0214847 
    0.00163193    0.0201384 
    0.00163264    0.0189168 
    0.00163335    0.0178048 
    0.00163406    0.0167896 
    0.00163477    0.0158602 
    0.00163553     0.014951 
    0.00163631    0.0140936 
    0.00163709    0.0133094 
    0.00163788    0.0125905 
    0.00163866    0.0119298 
    0.00163951    0.0112715 
    0.00164049    0.0105774 
    0.00164148   0.00994722 
    0.00164246   0.00937329 
    0.00164344   0.00884916 
    0.00164442   0.00836922 
    0.00164555   0.00786736 
    0.00164667   0.00741106 
     0.0016478   0.00699494 
    0.00164893   0.00661417 
    0.00165005   0.00626493 
    0.00165119   0.00594087 
    0.00165271    0.0055465 
    0.00165424   0.00519205 
    0.00165576   0.00487229 
    0.00165735   0.00457147 
      0.001659   0.00428912 
    0.00166064   0.00403364 
    0.00166229   0.00380183 
    0.00166388   0.00359819 
    0.00166541   0.00341845 
    0.00166771   0.00317503 
    0.00166999   0.00296004 
    0.00167224   0.00277038 
     0.0016745   0.00260003 
    0.00167694   0.00243414 
    0.00167948   0.00227982 
    0.00168202   0.00214138 
    0.00168456   0.00201671 
     0.0016871   0.00190402 
    0.00168879   0.00183479 
    0.00169198   0.00171582 
    0.00169517   0.00160972 
    0.00169865   0.00150664 
    0.00170213   0.00141484 
    0.00170525   0.00134073 
    0.00170838   0.00127335 
    0.00171211   0.00120087 
    0.00171538   0.00114304 
     0.0017189   0.00108667 
    0.00172267     0.001032 
    0.00172643  0.000982432 
     0.0017302  0.000937346 
    0.00173585  0.000877123 
    0.00174117  0.000827208 
    0.00174582   0.00078791 
    0.00175129   0.00074661 
    0.00175555  0.000717576 
    0.00176284  0.000673303 
    0.00176771  0.000647008 
    0.00177501  0.000611875 
     0.0017823  0.000580833 
    0.00178863  0.000557011 
    0.00179495  0.000535636 
    0.00180128  0.000516365 
    0.00181072  0.000491042 
    0.00182008  0.000469171 
    0.00182945  0.000450399 
    0.00184068  0.000430994 
     0.0018488  0.000418953 
    0.00186097   0.00040363 
    0.00187314   0.00039089 
    0.00188531  0.000380796 
    0.00189749  0.000372759 
      0.001911  0.000366447 
    0.00192411  0.000362467 
    0.00193722   0.00036091 
    0.00194159  0.000360782 
     0.0019547  0.000362322 
    0.00196781  0.000366168 
    0.00197795  0.000371155 
    0.00198641  0.000376592 
    0.00199656  0.000385079 
    0.00200671  0.000395903 
    0.00201686  0.000409461 
    0.00202456  0.000421932 
    0.00203241  0.000436781 
    0.00204027  0.000454399 
    0.00204813  0.000474982 
    0.00205533  0.000497122 
    0.00206123  0.000518026 
    0.00206803  0.000545835 
    0.00207352  0.000571606 
    0.00207836  0.000597265 
     0.0020832   0.00062604 
    0.00208803  0.000658573 
    0.00209297  0.000696165 
     0.0020963  0.000724428 
    0.00210101   0.00076923 
    0.00210454  0.000806945 
    0.00210768  0.000843706 
    0.00211161  0.000895164 
    0.00211553  0.000953393 
    0.00211848   0.00100223 
    0.00212142   0.00105628 
    0.00212416   0.00111154 
    0.00212689   0.00117252 
    0.00212963   0.00124013 
    0.00213237   0.00131525 
     0.0021351   0.00139904 
     0.0021377   0.00148791 
    0.00214023   0.00158447 
    0.00214276   0.00169249 
    0.00214523   0.00181103 
     0.0021477   0.00194453 
    0.00214935   0.00204312 
      0.002151   0.00215043 
    0.00215264   0.00226753 
    0.00215429   0.00239565 
    0.00215594   0.00253614 
    0.00215776   0.00270799 
    0.00215958   0.00289983 
    0.00216095    0.0030587 
    0.00216232   0.00323216 
    0.00216364   0.00341609 
    0.00216488   0.00360441 
    0.00216613   0.00380991 
    0.00216737   0.00403468 
    0.00216861   0.00428126 
    0.00216986   0.00455272 
    0.00217092   0.00480592 
    0.00217197   0.00508203 
    0.00217303   0.00538393 
    0.00217409   0.00571492 
    0.00217515   0.00607886 
    0.00217608   0.00642973 
    0.00217695   0.00678575 
    0.00217781   0.00717344 
    0.00217868    0.0075967 
    0.00217955   0.00805997 
    0.00218039   0.00855109 
    0.00218117   0.00905206 
    0.00218195   0.00959975 
    0.00218273    0.0102001 
    0.00218352    0.0108601 
     0.0021843     0.011588 
    0.00218493    0.0122347 
    0.00218557    0.0129386 
     0.0021862    0.0137064 
    0.00218683    0.0145461 
    0.00218747    0.0154671 
    0.00218805    0.0163846 
    0.00218859    0.0173357 
    0.00218914    0.0183737 
    0.00218969    0.0195094 
    0.00219024    0.0207558 
    0.00219077    0.0220776 
    0.00219126    0.0234222 
    0.00219175    0.0248955 
    0.00219224    0.0265143 
    0.00219273    0.0282986 
    0.00219322    0.0302719 
    0.00219373    0.0325367 
    0.00219411    0.0344089 
    0.00219449    0.0364497 
    0.00219487    0.0386803 
    0.00219525    0.0411249 
     0.0021956    0.0435587 
    0.00219594    0.0462181 
    0.00219629    0.0491321 
    0.00219664    0.0523347 
    0.00219698    0.0558656 
    0.00219729     0.059366 
    0.00219759    0.0629898 
    0.00219788     0.066961 
    0.00219818    0.0713261 
    0.00219847    0.0761395 
    0.00219875    0.0811292 
    0.00219899    0.0858978 
    0.00219923    0.0911077 
    0.00219947    0.0968158 
    0.00219971     0.103089 
    0.00219996     0.110006 
    0.00220017     0.116876 
    0.00220039     0.124427 
    0.00220061     0.132753 
    0.00220083     0.141968 
    0.00220104     0.152207 
    0.00220123     0.162121 
    0.00220141     0.172244 
    0.00220159     0.183382 
    0.00220176     0.195683 
    0.00220194     0.209323 
    0.00220211      0.22379 
    0.00220226     0.238295 
    0.00220241     0.254349 
    0.00220257     0.272201 
    0.00220272      0.29216 
    0.00220282     0.306828 
    0.00220296     0.329423 
     0.0022031     0.353927 
    0.00220319      0.37204 
    0.00220328     0.391809 
    0.00220337      0.41349 
    0.00220346     0.437387 
    0.00220355     0.463877 
    0.00220364     0.489922 
    0.00220371     0.514926 
    0.00220378     0.542372 
    0.00220385     0.572627 
    0.00220392     0.606122 
    0.00220399     0.643365 
    0.00220406     0.684952 
    0.00220413     0.731579 
    0.00220419     0.777148 
    0.00220424     0.820245 
     0.0022043     0.867538 
    0.00220435     0.919524 
     0.0022044     0.976752 
    0.00220446      1.03984 
    0.00220451      1.10945 
    0.00220456      1.18633 
    0.00220461      1.27128 
    0.00220467       1.3652 
    0.00220472      1.46905 
    0.00220477      1.58388 
    0.00220482      1.69096 
    0.00220487      1.83642 
    0.00220493      1.99784 
    0.00220497      2.14129 
    0.00220501      2.27812 
    0.00220505      2.42521 
     0.0022051      2.59966 
    0.00220514      2.77638 
    0.00220518      2.96458 
    0.00220523      3.21739 
    0.00220528      3.51179 
    0.00220534      3.82592 
    0.00220538      4.15105 
    0.00220543      4.50297 
    0.00220548      4.82421 
    0.00220553      5.25041 
    0.00220558      5.68777 
    0.00220563      6.15702 
    0.00220568      6.65925 
    0.00220573       7.1954 
    0.00220578      7.82525 
    0.00220584      8.49782 
    0.00220589      9.14669 
    0.00220597       10.187 
    0.00220604      11.3066 
    0.00220612      12.5031 
    0.00220619      13.7721 
    0.00220628       15.419 
    0.00220641      17.8083 
    0.00220661      21.7928 
    0.00220681      25.7605 
    0.00220692      27.9201 
    0.00220703      29.7595 
    0.00220713      31.2095 
    0.00220721      32.2568 
    0.00220729      33.1375 
    0.00220737      33.8351 
    0.00220745      34.3365 
    0.00220753      34.6413 
     0.0022076      34.7173 
    0.00220768      34.6147 
    0.00220776      34.3114 
    0.00220784      33.7976 
    0.00220792      33.0884 
      0.002208      32.1971 
    0.00220808      31.1403 
    0.00220816      29.8736 
    0.00220827      28.0475 
    0.00220839      25.8216 
    0.00220859      21.8583 
    0.00220875      18.5292 
    0.00220887      16.3553 
    0.00220897      14.4374 
    0.00220905      13.0775 
    0.00220914      11.6893 
     0.0022092      10.7115 
    0.00220926      9.79033 
    0.00220933      8.92686 
    0.00220939      8.12141 
    0.00220944      7.53005 
    0.00220949      6.97371 
    0.00220954      6.45173 
    0.00220959      5.96326 
    0.00220964       5.5073 
    0.00220969      5.08274 
    0.00220974      4.68833 
    0.00220979      4.32276 
    0.00220983      4.03085 
    0.00220988      3.75829 
    0.00220992      3.50416 
    0.00220996      3.26755 
       0.00221      3.04752 
    0.00221005      2.84318 
    0.00221009      2.65362 
    0.00221013      2.47797 
    0.00221018      2.31535 
    0.00221022      2.16495 
    0.00221026      2.01752 
    0.00221032      1.86671 
    0.00221037      1.72963 
    0.00221042      1.60512 
    0.00221047      1.49208 
    0.00221052      1.38949 
    0.00221057      1.29638 
    0.00221062      1.21187 
    0.00221067      1.13514 
    0.00221072      1.06544 
    0.00221078      1.00208 
    0.00221083     0.941365 
    0.00221089     0.884959 
    0.00221094     0.833896 
      0.002211     0.787586 
    0.00221105     0.745506 
    0.00221111     0.707186 
    0.00221116     0.672209 
    0.00221124     0.630142 
    0.00221131     0.592606 
    0.00221138     0.558958 
    0.00221146     0.526393 
    0.00221154     0.497144 
    0.00221162     0.470733 
     0.0022117     0.446762 
    0.00221178     0.424902 
    0.00221186     0.404876 
    0.00221198     0.377783 
    0.00221207     0.359687 
    0.00221217     0.341442 
    0.00221226     0.324704 
    0.00221241      0.30203 
    0.00221255     0.281841 
     0.0022127     0.263751 
    0.00221285     0.246552 
    0.00221303     0.229458 
     0.0022132     0.214163 
    0.00221337     0.200409 
    0.00221354     0.187987 
    0.00221371     0.176723 
     0.0022139     0.165506 
    0.00221409     0.155355 
    0.00221427     0.146133 
    0.00221446     0.137729 
    0.00221465     0.130045 
    0.00221488       0.1217 
    0.00221512     0.113566 
    0.00221536     0.106236 
     0.0022156    0.0996049 
    0.00221585    0.0935858 
     0.0022161    0.0879013 
    0.00221637    0.0823582 
    0.00221664    0.0773304 
    0.00221691    0.0727552 
    0.00221718    0.0685794 
    0.00221746    0.0647573 
    0.00221777    0.0607261 
    0.00221808    0.0570641 
     0.0022184    0.0537271 
    0.00221871    0.0506775 
    0.00221903     0.047883 
    0.00221939    0.0449353 
    0.00221978    0.0420827 
    0.00222016    0.0394958 
    0.00222055    0.0371426 
    0.00222094    0.0349955 
    0.00222134    0.0329633 
    0.00222177    0.0309812 
     0.0022222    0.0291745 
    0.00222263     0.027523 
    0.00222305    0.0260092 
    0.00222348    0.0246184 
    0.00222401    0.0230686 
    0.00222453    0.0216622 
    0.00222505    0.0203819 
    0.00222558    0.0192132 
     0.0022261    0.0181435 
    0.00222669    0.0170526 
     0.0022273    0.0160092 
    0.00222792    0.0150601 
    0.00222853    0.0141941 
    0.00222915    0.0134017 
    0.00222978    0.0126519 
    0.00223046    0.0119223 
    0.00223113    0.0112551 
    0.00223181    0.0106435 
    0.00223271   0.00990427 
    0.00223345   0.00935348 
    0.00223433    0.0087633 
     0.0022352   0.00822848 
    0.00223607   0.00774236 
    0.00223695   0.00729924 
    0.00223782   0.00689419 
     0.0022388   0.00648168 
    0.00223977   0.00610637 
    0.00224075   0.00576393 
    0.00224172   0.00545058 
     0.0022427   0.00516304 
    0.00224378   0.00487218 
     0.0022449    0.0045943 
    0.00224603   0.00434066 
    0.00224716   0.00410853 
    0.00224829   0.00389554 
     0.0022495   0.00368514 
     0.0022509     0.003466 
    0.00225229   0.00326706 
    0.00225368   0.00308592 
    0.00225507   0.00292056 
    0.00225646   0.00276922 
     0.0022579   0.00262614 
    0.00225933   0.00249489 
    0.00226124   0.00233615 
    0.00226316   0.00219393 
    0.00226498   0.00207173 
     0.0022667   0.00196615 
    0.00226842   0.00186948 
    0.00227015   0.00178077 
    0.00227197   0.00169451 
     0.0022739   0.00161107 
    0.00227584   0.00153472 
    0.00227873   0.00143182 
    0.00228165    0.0013404 
    0.00228456   0.00125938 
    0.00228748   0.00118726 
     0.0022904   0.00112282 
    0.00229331   0.00106503 
      0.002296   0.00101696 
    0.00229943  0.000961926 
    0.00230323  0.000907719 
    0.00230533  0.000880759 
    0.00230951   0.00083201 
    0.00231328  0.000793305 
    0.00231704  0.000758974 
    0.00232177  0.000720866 
     0.0023262  0.000689516 
    0.00233058  0.000662234 
     0.0023349  0.000638428 
    0.00233977  0.000614946 
    0.00234517  0.000592283 
    0.00235004  0.000574532 
    0.00235652  0.000554243 
    0.00236307  0.000537347 
    0.00236965  0.000523255 
    0.00237794  0.000509259 
    0.00238184  0.000503927 
    0.00239199  0.000493445 
    0.00239876  0.000488812 
    0.00240553  0.000485903 
    0.00241454  0.000484444 
    0.00242401  0.000485913 
    0.00243438  0.000490354 
     0.0024452  0.000498549 
    0.00245602  0.000509927 
    0.00246755  0.000525957 
    0.00247599  0.000540342 
    0.00248424  0.000556673 
    0.00249248  0.000575423 
    0.00250073  0.000596796 
    0.00250898  0.000621044 
    0.00251722  0.000648477 
    0.00252547  0.000679467 
    0.00253367  0.000714301 
    0.00254044  0.000746527 
    0.00254848  0.000789033 
    0.00255652  0.000837346 
    0.00256189  0.000872983 
    0.00256725  0.000911779 
    0.00257395  0.000964909 
    0.00257797  0.000999917 
    0.00258559    0.0010733 
    0.00259115   0.00113317 
    0.00259671   0.00119941 
    0.00260227   0.00127283 
    0.00260784   0.00135447 
     0.0026134   0.00144556 
    0.00261735   0.00151691 
    0.00262155   0.00159974 
    0.00262625   0.00170135 
    0.00263015   0.00179401 
    0.00263404   0.00189517 
    0.00263823   0.00201493 
    0.00264242   0.00214775 
    0.00264661   0.00229539 
     0.0026508   0.00246004 
     0.0026545   0.00262197 
    0.00265821   0.00280178 
    0.00266191   0.00300206 
    0.00266469   0.00316765 
    0.00266747   0.00334817 
    0.00267024   0.00354551 
    0.00267302    0.0037618 
    0.00267616   0.00403182 
    0.00267929   0.00433376 
    0.00268239   0.00466788 
     0.0026854   0.00503329 
    0.00268741   0.00530234 
    0.00268941   0.00559448 
    0.00269138   0.00590633 
    0.00269335   0.00624589 
    0.00269532    0.0066169 
    0.00269729    0.0070234 
    0.00269929   0.00747662 
    0.00270129   0.00797686 
    0.00270329   0.00853096 
    0.00270529   0.00914703 
    0.00270711   0.00976983 
    0.00270893    0.0104609 
    0.00271074    0.0112309 
    0.00271211    0.0118677 
    0.00271338    0.0125151 
    0.00271503     0.013432 
    0.00271626      0.01419 
    0.00271749    0.0150162 
    0.00271872    0.0159192 
     0.0027198    0.0167796 
    0.00272113     0.017948 
    0.00272246    0.0192478 
    0.00272345    0.0203214 
    0.00272445    0.0214911 
     0.0027256    0.0229746 
    0.00272675    0.0246236 
    0.00272762    0.0259849 
    0.00272848    0.0274676 
    0.00272906    0.0285309 
    0.00273009    0.0306037 
    0.00273086    0.0323173 
    0.00273163     0.034186 
    0.00273241    0.0362294 
    0.00273318    0.0384708 
    0.00273398    0.0410212 
    0.00273477    0.0438481 
    0.00273557    0.0469942 
    0.00273617    0.0495939 
    0.00273673    0.0522499 
    0.00273746     0.056024 
      0.002738    0.0591451 
    0.00273855    0.0625501 
    0.00273909    0.0662759 
    0.00273958    0.0699426 
     0.0027402    0.0750405 
    0.00274066    0.0792622 
    0.00274113    0.0838735 
    0.00274159    0.0889255 
      0.002742    0.0937804 
     0.0027425     0.100422 
    0.00274288     0.105909 
    0.00274326     0.111889 
    0.00274364     0.118425 
     0.0027441     0.127224 
    0.00274444     0.134281 
    0.00274477     0.141984 
    0.00274511     0.150417 
     0.0027455     0.161351 
    0.00274579     0.170412 
    0.00274617     0.183234 
    0.00274645     0.193736 
    0.00274673     0.205235 
    0.00274695     0.215243 
    0.00274726      0.23082 
    0.00274755      0.24693 
    0.00274784     0.264317 
    0.00274806     0.279422 
    0.00274828     0.295964 
    0.00274849      0.31295 
     0.0027487     0.331561 
    0.00274888     0.349178 
    0.00274906     0.368356 
    0.00274926     0.392265 
    0.00274947     0.418791 
    0.00274967     0.447949 
    0.00274987     0.479653 
    0.00275006     0.515191 
     0.0027502     0.541352 
    0.00275033     0.569772 
    0.00275046     0.600744 
    0.00275059     0.634611 
    0.00275072     0.671782 
    0.00275085     0.712748 
    0.00275098     0.758096 
    0.00275111     0.808538 
    0.00275125      0.86494 
    0.00275134      0.91178 
    0.00275144     0.963089 
    0.00275154      1.01949 
    0.00275164      1.08168 
    0.00275174      1.15052 
    0.00275184      1.22695 
    0.00275193      1.31209 
    0.00275203      1.40722 
    0.00275213      1.51382 
    0.00275223      1.63355 
     0.0027523       1.7216 
    0.00275236      1.81695 
    0.00275243      1.92026 
    0.00275249      2.03225 
    0.00275256      2.15368 
    0.00275262      2.28536 
    0.00275269      2.42816 
    0.00275275      2.58297 
    0.00275283      2.78592 
    0.00275291      3.00922 
    0.00275299      3.25461 
    0.00275307      3.52387 
    0.00275315      3.81878 
    0.00275323       4.1411 
    0.00275331      4.49252 
    0.00275339      4.87466 
    0.00275346      5.28894 
    0.00275354      5.73661 
    0.00275362      6.21866 
     0.0027537      6.73576 
    0.00275378      7.28822 
    0.00275386      7.87591 
    0.00275396      8.71314 
    0.00275406      9.56279 
    0.00275416      10.4127 
     0.0027543      11.7586 
    0.00275451      13.8637 
    0.00275478      16.6446 
    0.00275494      18.1716 
     0.0027551      19.5669 
     0.0027552      20.3939 
    0.00275531      21.1516 
    0.00275543      21.8049 
    0.00275552      22.2005 
    0.00275561      22.5075 
    0.00275571       22.694 
     0.0027558      22.7565 
     0.0027559      22.6874 
    0.00275599       22.494 
     0.0027561      22.1167 
     0.0027562      21.6707 
    0.00275629      21.1195 
     0.0027564      20.3957 
     0.0027565      19.5697 
    0.00275666      18.1763 
    0.00275682      16.6518 
    0.00275723      12.4996 
    0.00275737      11.1203 
    0.00275751      9.81766 
    0.00275762      8.91348 
    0.00275772      8.06701 
     0.0027578      7.47209 
    0.00275788      6.91227 
    0.00275796       6.3878 
    0.00275804      5.89849 
    0.00275812      5.44374 
    0.00275819      5.02266 
    0.00275827      4.63405 
    0.00275835      4.27653 
    0.00275843      3.94854 
    0.00275851       3.6484 
    0.00275859      3.37438 
    0.00275867      3.12469 
    0.00275875      2.89756 
     0.0027588      2.74179 
    0.00275887      2.58211 
    0.00275893      2.43479 
      0.002759      2.29894 
    0.00275906      2.17368 
    0.00275913      2.05821 
    0.00275919      1.95176 
    0.00275926       1.8536 
    0.00275934      1.74088 
    0.00275941      1.64835 
    0.00275949       1.5638 
    0.00275959      1.46216 
    0.00275969      1.37172 
    0.00275978      1.29105 
    0.00275988      1.21891 
    0.00275998      1.15422 
    0.00276008      1.09605 
     0.0027602      1.03372 
    0.00276031     0.978446 
    0.00276043     0.929242 
    0.00276055     0.885291 
    0.00276067      0.84591 
    0.00276079     0.810528 
    0.00276091     0.778666 
    0.00276102     0.749923 
    0.00276116     0.721233 
    0.00276135     0.683797 
    0.00276155     0.652158 
    0.00276175     0.625497 
    0.00276194     0.603178 
    0.00276214     0.584546 
    0.00276234     0.569183 
    0.00276255      0.55715 
    0.00276275     0.548202 
    0.00276295     0.542165 
    0.00276315     0.538921 
    0.00276327     0.538303 
    0.00276348      0.53939 
    0.00276369     0.543433 
     0.0027639     0.550511 
    0.00276411     0.560772 
    0.00276432      0.57443 
     0.0027645     0.589289 
    0.00276467     0.605734 
    0.00276484     0.625038 
    0.00276501     0.647517 
    0.00276518      0.67356 
    0.00276535     0.705558 
    0.00276549     0.732602 
    0.00276562     0.762886 
    0.00276575     0.796839 
    0.00276587     0.829964 
    0.00276602     0.877941 
    0.00276617     0.932988 
    0.00276628     0.981544 
    0.00276638       1.0278 
    0.00276648      1.07893 
    0.00276658      1.13561 
    0.00276668      1.19863 
    0.00276678      1.26888 
    0.00276687      1.34191 
    0.00276696      1.42313 
    0.00276706      1.52053 
    0.00276716      1.63019 
    0.00276724      1.71942 
    0.00276732       1.8263 
    0.00276738      1.92322 
    0.00276746      2.04949 
    0.00276754      2.18872 
    0.00276762      2.33954 
    0.00276769      2.50405 
    0.00276777      2.68488 
    0.00276785      2.89163 
    0.00276793      3.11932 
    0.00276801      3.36971 
    0.00276809      3.64459 
    0.00276817      3.94576 
    0.00276824      4.25211 
    0.00276831      4.57193 
    0.00276838      4.91688 
    0.00276845        5.288 
    0.00276853      5.68619 
     0.0027686      6.12852 
    0.00276868      6.63629 
    0.00276876      7.17943 
    0.00276884      7.75788 
    0.00276895      8.58307 
    0.00276905      9.46722 
    0.00276916      10.4056 
    0.00276932      11.8998 
    0.00276953      14.0015 
    0.00276979      16.6541 
    0.00276995       18.161 
    0.00277006      19.0927 
    0.00277016      19.9447 
    0.00277027      20.6997 
    0.00277037      21.2829 
    0.00277046       21.764 
    0.00277052      22.0236 
    0.00277064      22.3574 
    0.00277075      22.5197 
     0.0027708      22.5356 
    0.00277091      22.4568 
    0.00277101       22.217 
    0.00277112      21.8456 
    0.00277122      21.3423 
    0.00277131      20.8213 
    0.00277141      20.0848 
    0.00277152       19.248 
    0.00277168      17.8431 
    0.00277184      16.3129 
    0.00277223      12.3817 
    0.00277236      11.1549 
     0.0027725      9.89221 
     0.0027726      8.97896 
    0.00277271      8.12255 
    0.00277279      7.51984 
    0.00277287      6.95209 
    0.00277295      6.41969 
    0.00277303      5.92253 
    0.00277311      5.46012 
    0.00277319      5.03161 
    0.00277326      4.63588 
    0.00277334      4.27155 
    0.00277342       3.9371 
     0.0027735      3.63086 
    0.00277358      3.35108 
    0.00277366      3.09599 
    0.00277375         2.85 
    0.00277381      2.68224 
    0.00277387       2.5268 
    0.00277394      2.38284 
      0.002774      2.24955 
    0.00277406      2.12617 
    0.00277412      2.01196 
    0.00277419      1.90623 
    0.00277425      1.80091 
    0.00277433      1.69713 
     0.0027744      1.60207 
    0.00277447      1.51492 
    0.00277455      1.43491 
    0.00277462      1.36138 
    0.00277469      1.29369 
     0.0027748      1.20192 
    0.00277489      1.13452 
    0.00277498      1.07318 
    0.00277507      1.01719 
    0.00277516     0.965952 
    0.00277528     0.904105 
     0.0027754     0.848678 
    0.00277552     0.798771 
    0.00277564     0.753631 
    0.00277576      0.71263 
    0.00277589     0.671291 
    0.00277602      0.63381 
    0.00277615     0.599686 
    0.00277629     0.568502 
    0.00277642     0.539905 
    0.00277655     0.513597 
    0.00277675     0.477883 
     0.0027769     0.454016 
    0.00277706     0.429968 
    0.00277722      0.40792 
    0.00277738     0.387645 
    0.00277762     0.360142 
    0.00277786     0.335653 
    0.00277811     0.313736 
    0.00277838      0.29182 
    0.00277865      0.27226 
    0.00277892      0.25472 
    0.00277919     0.238921 
    0.00277946     0.224633 
    0.00277975     0.210805 
    0.00278005       0.1979 
    0.00278035     0.186213 
    0.00278065      0.17559 
    0.00278094     0.165901 
    0.00278126      0.15671 
    0.00278159     0.147704 
    0.00278192     0.139496 
    0.00278226     0.131992 
    0.00278248     0.127339 
    0.00278292     0.118781 
    0.00278331     0.112075 
     0.0027837     0.105951 
    0.00278395     0.102158 
    0.00278447     0.095189 
    0.00278498    0.0889456 
    0.00278546    0.0837294 
    0.00278594    0.0789817 
    0.00278641    0.0746462 
    0.00278689    0.0706751 
    0.00278752    0.0658776 
    0.00278805    0.0622691 
    0.00278858    0.0589629 
    0.00278928    0.0549671 
    0.00278999    0.0513818 
    0.00279055    0.0487551 
     0.0027912    0.0460164 
    0.00279184    0.0435115 
    0.00279248    0.0412138 
    0.00279334    0.0384338 
    0.00279402    0.0364305 
    0.00279478    0.0343915 
    0.00279554    0.0325253 
    0.00279629    0.0308124 
     0.0027973    0.0287382 
    0.00279836    0.0267857 
    0.00279947    0.0249534 
    0.00280058    0.0233088 
    0.00280169    0.0218267 
    0.00280296    0.0203011 
    0.00280403    0.0191361 
    0.00280511    0.0180712 
    0.00280618    0.0170953 
    0.00280726    0.0161985 
    0.00280837    0.0153416 
    0.00280957    0.0144962 
    0.00281077    0.0137208 
    0.00281197    0.0130077 
    0.00281357    0.0121422 
     0.0028153    0.0113045 
    0.00281668    0.0106934 
    0.00281807    0.0101318 
    0.00281992   0.00945094 
    0.00282177   0.00883816 
    0.00282381   0.00823027 
    0.00282586    0.0076844 
     0.0028279   0.00719232 
    0.00282994   0.00674724 
    0.00283185   0.00636809 
    0.00283376    0.0060209 
    0.00283568   0.00570214 
    0.00283759   0.00540883 
    0.00283968   0.00511413 
    0.00284177   0.00484348 
    0.00284386   0.00459442 
    0.00284595   0.00436474 
    0.00284811   0.00414567 
    0.00285135   0.00384785 
    0.00285459   0.00358221 
    0.00285777   0.00334835 
    0.00286095   0.00313774 
    0.00286407   0.00295088 
    0.00286706   0.00278777 
    0.00287005   0.00263856 
    0.00287304   0.00250173 
    0.00287703   0.00233627 
    0.00288108   0.00218559 
    0.00288519   0.00204815 
    0.00288982   0.00190942 
    0.00289369    0.0018052 
    0.00289885   0.00168047 
    0.00290272   0.00159592 
    0.00290788   0.00149384 
    0.00291231   0.00141468 
    0.00291675    0.0013426 
    0.00292273    0.0012552 
    0.00292872   0.00117753 
     0.0029347   0.00110828 
    0.00294068   0.00104631 
    0.00294667  0.000990722 
    0.00295398  0.000930358 
    0.00296188  0.000873099 
     0.0029696  0.000823965 
    0.00297733  0.000780737 
    0.00298506  0.000742628 
    0.00299279  0.000708986 
    0.00300051  0.000679336 
    0.00300738   0.00065594 
    0.00301425  0.000634975 
     0.0030226  0.000612552 
    0.00303095  0.000593204 
    0.00304112  0.000573391 
     0.0030513  0.000557017 
    0.00306148  0.000544155 
    0.00307166   0.00053421 
    0.00308184  0.000527315 
    0.00309002  0.000523625 
    0.00310201  0.000521483 
      0.003114  0.000523089 
    0.00312359   0.00052705 
    0.00313359  0.000533865 
    0.00314358  0.000543313 
    0.00315358  0.000555875 
    0.00316358  0.000571468 
    0.00317358   0.00059074 
    0.00318151   0.00060855 
     0.0031907  0.000632728 
     0.0031953  0.000646331 
    0.00320571  0.000681095 
    0.00321352  0.000711366 
    0.00322133  0.000745702 
    0.00322914  0.000784645 
    0.00323695  0.000828871 
    0.00324476    0.0008792 
    0.00325178  0.000930431 
    0.00325822  0.000983158 
    0.00326427   0.00103842 
    0.00326964   0.00109283 
    0.00327502   0.00115291 
    0.00328039    0.0012194 
    0.00328577   0.00129318 
    0.00329054   0.00136565 
    0.00329531   0.00144544 
    0.00330028   0.00153767 
    0.00330525    0.0016404 
    0.00331022   0.00175527 
    0.00331395   0.00185054 
    0.00331767   0.00195467 
     0.0033214   0.00206879 
    0.00332513   0.00219419 
    0.00332934   0.00235143 
    0.00333251   0.00248172 
    0.00333598   0.00263854 
     0.0033396   0.00281989 
    0.00334323   0.00302181 
    0.00334685   0.00324754 
    0.00335048   0.00350092 
    0.00335289   0.00368737 
    0.00335617   0.00396585 
    0.00335944   0.00427861 
    0.00336162   0.00450892 
    0.00336381     0.004759 
    0.00336599   0.00503116 
    0.00336817    0.0053281 
    0.00337035   0.00565288 
    0.00337243   0.00599018 
     0.0033745   0.00635927 
    0.00337657   0.00676463 
    0.00337864   0.00721093 
    0.00338082   0.00772911 
    0.00338299   0.00830636 
    0.00338462   0.00878359 
    0.00338625   0.00930385 
    0.00338734   0.00967711 
    0.00338926     0.010396 
     0.0033907    0.0109901 
    0.00339215    0.0116374 
    0.00339359    0.0123444 
    0.00339503    0.0131186 
    0.00339634    0.0138854 
    0.00339764    0.0147221 
    0.00339895    0.0156374 
    0.00340026    0.0166415 
    0.00340157    0.0177464 
    0.00340273    0.0188224 
    0.00340381    0.0199221 
     0.0034049    0.0211218 
    0.00340598    0.0224341 
    0.00340707    0.0238735 
     0.0034081    0.0253695 
    0.00340901    0.0268208 
    0.00340992    0.0284009 
    0.00341084    0.0301259 
    0.00341175    0.0320143 
    0.00341267    0.0340872 
    0.00341349     0.036128 
    0.00341431    0.0383586 
    0.00341513    0.0408034 
    0.00341595    0.0434905 
    0.00341677    0.0464533 
    0.00341748    0.0492568 
    0.00341813    0.0520665 
    0.00341878    0.0551252 
    0.00341943     0.058463 
    0.00342008    0.0621149 
    0.00342071    0.0659468 
    0.00342128    0.0697646 
    0.00342185    0.0739252 
    0.00342242     0.078471 
    0.00342299    0.0834512 
    0.00342355    0.0889234 
    0.00342419    0.0956822 
    0.00342482     0.103246 
    0.00342525     0.108801 
     0.0034258     0.116773 
    0.00342621     0.123345 
    0.00342666     0.131083 
    0.00342697     0.136866 
    0.00342746     0.146893 
    0.00342788     0.156241 
    0.00342835     0.167924 
     0.0034288     0.180414 
    0.00342918      0.19236 
    0.00342949     0.202692 
    0.00342992     0.218628 
    0.00343029     0.233845 
     0.0034306     0.247786 
    0.00343091     0.263024 
    0.00343121     0.279727 
    0.00343152     0.298091 
    0.00343183     0.318346 
    0.00343214     0.340764 
    0.00343237     0.359189 
     0.0034326     0.379171 
    0.00343283     0.400891 
    0.00343306     0.424561 
    0.00343331      0.45296 
    0.00343356     0.484357 
    0.00343382     0.519195 
    0.00343407     0.558007 
    0.00343425     0.589287 
    0.00343444     0.623329 
    0.00343462     0.660474 
    0.00343481     0.701118 
    0.00343499     0.745721 
    0.00343517     0.794823 
    0.00343536     0.849056 
    0.00343554     0.909168 
    0.00343573     0.976039 
    0.00343591      1.05071 
     0.0034361      1.13443 
    0.00343622      1.19597 
    0.00343634      1.26268 
    0.00343647       1.3351 
    0.00343659      1.41387 
    0.00343671      1.49966 
    0.00343684      1.59324 
    0.00343696      1.69544 
    0.00343708      1.80136 
    0.00343719      1.91042 
     0.0034373      2.02874 
    0.00343741      2.15716 
    0.00343752      2.29654 
    0.00343763      2.44777 
    0.00343774      2.61179 
    0.00343785      2.78952 
    0.00343797      3.00422 
    0.00343811      3.26272 
    0.00343824      3.54609 
    0.00343838      3.85562 
    0.00343851       4.1764 
    0.00343863      4.50539 
    0.00343875      4.85739 
    0.00343888      5.23208 
    0.00343906       5.8347 
    0.00343925      6.48128 
    0.00343949      7.39697 
    0.00343999      9.31503 
    0.00344019      10.0563 
     0.0034404      10.7326 
    0.00344054      11.1692 
    0.00344071      11.5747 
    0.00344087      11.8956 
    0.00344099      12.0747 
    0.00344111      12.1973 
    0.00344124      12.2639 
     0.0034413      12.2707 
    0.00344143      12.2382 
    0.00344155      12.1453 
    0.00344167      11.9939 
    0.00344183      11.7113 
    0.00344199      11.3417 
    0.00344215      10.8963 
    0.00344231      10.3879 
    0.00344249      9.74137 
     0.0034428      8.57829 
    0.00344317      7.15693 
    0.00344335      6.47505 
    0.00344354      5.82891 
    0.00344372      5.22676 
    0.00344385       4.8524 
    0.00344397      4.50072 
    0.00344409      4.17204 
    0.00344422      3.86626 
    0.00344432      3.61715 
    0.00344446      3.32135 
     0.0034446      3.05186 
    0.00344474      2.80711 
    0.00344488      2.58537 
    0.00344501      2.38483 
    0.00344514      2.22291 
    0.00344526      2.07505 
    0.00344538      1.94005 
    0.00344551      1.81676 
    0.00344563      1.70409 
    0.00344575      1.60106 
    0.00344588      1.50673 
      0.003446      1.42026 
    0.00344612      1.34089 
    0.00344624      1.26791 
    0.00344637      1.20071 
    0.00344649      1.13872 
    0.00344661      1.08144 
     0.0034468      1.00337 
    0.00344698     0.933573 
    0.00344717     0.870924 
    0.00344735     0.814484 
    0.00344754     0.763456 
    0.00344772     0.717166 
     0.0034479     0.675037 
    0.00344811     0.632618 
    0.00344832     0.592355 
    0.00344854      0.55588 
    0.00344875     0.522725 
    0.00344897     0.492495 
    0.00344919     0.464188 
    0.00344942     0.437075 
    0.00344965       0.4123 
    0.00344988     0.389599 
    0.00345003     0.375503 
    0.00345034     0.349538 
    0.00345062     0.328429 
    0.00345089     0.309193 
    0.00345117     0.291614 
    0.00345145     0.275504 
    0.00345172     0.260704 
      0.003452     0.247073 
    0.00345228      0.23449 
    0.00345255     0.222851 
    0.00345286     0.210912 
    0.00345317     0.199913 
    0.00345348     0.189756 
    0.00345394     0.175921 
     0.0034544     0.163553 
    0.00345486     0.152451 
    0.00345538     0.141308 
    0.00345592     0.130843 
    0.00345647     0.121503 
    0.00345701     0.113133 
    0.00345756       0.1056 
    0.00345813    0.0984678 
    0.00345876    0.0914446 
    0.00345939    0.0851486 
    0.00346001    0.0794825 
    0.00346064    0.0743652 
    0.00346127    0.0697277 
    0.00346196    0.0651348 
    0.00346264     0.060982 
    0.00346333    0.0572146 
    0.00346402    0.0537864 
    0.00346471    0.0506578 
    0.00346544    0.0476169 
    0.00346619    0.0447613 
    0.00346695    0.0421558 
     0.0034677    0.0397718 
    0.00346846    0.0375849 
    0.00346926    0.0354532 
    0.00347015    0.0332787 
    0.00347105    0.0312984 
    0.00347195    0.0294901 
    0.00347284    0.0278343 
    0.00347374    0.0263145 
    0.00347482    0.0246447 
     0.0034759    0.0231294 
    0.00347697    0.0217497 
    0.00347805    0.0204899 
    0.00347913    0.0193366 
    0.00348029    0.0182081 
    0.00348148    0.0171438 
    0.00348267    0.0161704 
    0.00348386     0.015278 
    0.00348505    0.0144577 
    0.00348634    0.0136406 
    0.00348784    0.0127789 
    0.00348933    0.0119966 
    0.00349082    0.0112841 
    0.00349232    0.0106335 
    0.00349381    0.0100377 
    0.00349536   0.00947261 
    0.00349729   0.00883251 
    0.00349845   0.00849151 
    0.00349923    0.0083013 
    0.00349961   0.00822407 
        0.0035   0.00816117 
        0.0035     0.805391 
    0.00354938     0.799175 
    0.00359945     0.792871 
      0.003625     0.789655 
    0.00367614      0.78363 
    0.00372801      0.77752 
       0.00375     0.774929 
    0.00380291     0.769081 
    0.00385656     0.763152 
      0.003875     0.761113 
    0.00392967     0.755432 
    0.00398511      0.74967 
         0.004     0.748122 
    0.00405643     0.742718 
    0.00411366     0.737237 
     0.0041717     0.731679 
    0.00423055     0.726042 
       0.00425      0.72418 
    0.00430996     0.719039 
    0.00437077     0.713826 
    0.00443243     0.708539 
    0.00449496     0.703178 
        0.0045     0.702746 
    0.00456349     0.697837 
    0.00462787     0.692859 
    0.00469316     0.687811 
       0.00475     0.683416 
    0.00481701     0.678713 
    0.00488497     0.673942 
    0.00495389     0.669105 
         0.005     0.665869 
    0.00507054     0.661376 
    0.00514208     0.656819 
    0.00521462     0.652198 
       0.00525     0.649945 
    0.00532407     0.645612 
    0.00539918     0.641218 
    0.00547535     0.636762 
        0.0055     0.635321 
     0.0055776     0.631131 
    0.00565629     0.626882 
    0.00573609     0.622573 
       0.00575     0.621822 
    0.00583112      0.61776 
    0.00591339     0.613641 
    0.00599682     0.609464 
         0.006     0.609305 
    0.00608465     0.605326 
    0.00617049     0.601292 
       0.00625     0.597555 
    0.00633818     0.593682 
     0.0064276     0.589754 
        0.0065     0.586573 
     0.0065917     0.582795 
     0.0066847     0.578964 
       0.00675     0.576274 
    0.00684523     0.572582 
     0.0069418     0.568838 
         0.007     0.566582 
    0.00709876     0.563077 
    0.00719891     0.559522 
    0.00730047     0.555917 
    0.00740347     0.552262 
        0.0075     0.548836 
    0.00760581     0.545455 
    0.00771312     0.542026 
    0.00782193     0.538549 
    0.00793229     0.535023 
         0.008     0.532859 
    0.00811287     0.529607 
    0.00822732     0.526308 
     0.0083434     0.522963 
    0.00846111     0.519571 
        0.0085      0.51845 
    0.00861992     0.515285 
    0.00874153     0.512075 
    0.00886486      0.50882 
    0.00898993     0.505518 
         0.009     0.505252 
    0.00912697     0.502162 
    0.00925574     0.499027 
    0.00938632     0.495848 
        0.0095     0.493081 
    0.00963403     0.490055 
    0.00976995     0.486985 
    0.00990778     0.483873 
          0.01     0.481791 
     0.0101411     0.478903 
     0.0102842     0.475975 
     0.0104292     0.473005 
     0.0105764     0.469993 
      0.010625     0.468998 
     0.0107749     0.466166 
     0.0109269     0.463295 
     0.0110811     0.460382 
     0.0112374     0.457429 
       0.01125     0.457191 
     0.0114087     0.454407 
     0.0115697     0.451584 
     0.0117329     0.448721 
      0.011875     0.446229 
     0.0120425     0.443487 
     0.0122124     0.440706 
     0.0123847     0.437886 
        0.0125        0.436 
     0.0126764     0.433295 
     0.0128552     0.430552 
     0.0130366      0.42777 
      0.013125     0.426413 
     0.0133102     0.423741 
      0.013498     0.421032 
     0.0136884     0.418284 
       0.01375     0.417395 
      0.013944     0.414753 
     0.0141407     0.412074 
     0.0143402     0.409357 
      0.014375     0.408883 
     0.0145778     0.406268 
     0.0147835     0.403617 
      0.014992     0.400928 
         0.015     0.400825 
     0.0152116     0.398392 
     0.0154262     0.395925 
     0.0156439     0.393423 
     0.0158646     0.390886 
     0.0160884     0.388312 
       0.01625     0.386454 
     0.0164793     0.384058 
     0.0167117     0.381627 
     0.0169475     0.379162 
     0.0171866     0.376663 
     0.0174291     0.374128 
        0.0175     0.373387 
     0.0177469     0.371024 
     0.0179973     0.368627 
     0.0182512     0.366197 
     0.0185087     0.363732 
       0.01875     0.361422 
     0.0190145     0.359091 
     0.0192828     0.356726 
     0.0195548     0.354328 
     0.0198307     0.351897 
          0.02     0.350405 
     0.0202822     0.348104 
     0.0205683      0.34577 
     0.0208585     0.343404 
     0.0211528     0.341004 
       0.02125     0.340211 
     0.0215498      0.33794 
     0.0218538     0.335637 
     0.0221621     0.333302 
     0.0224748     0.330933 
        0.0225     0.330743 
     0.0228174     0.328501 
     0.0231393     0.326228 
     0.0234658     0.323923 
       0.02375     0.321916 
     0.0240851     0.319704 
     0.0244249     0.317461 
     0.0247695     0.315186 
         0.025     0.313663 
     0.0253527     0.311543 
     0.0257104     0.309392 
     0.0260731     0.307211 
       0.02625     0.306148 
     0.0266203     0.304054 
     0.0269959     0.301931 
     0.0273768     0.299778 
        0.0275     0.299081 
      0.027888     0.297015 
     0.0282814     0.294919 
     0.0286804     0.292794 
       0.02875     0.292424 
     0.0291556     0.290384 
     0.0295669     0.288316 
     0.0299841     0.286219 
          0.03     0.286139 
     0.0304232     0.284206 
     0.0308525     0.282245 
       0.03125     0.280429 
     0.0316909     0.278521 
      0.032138     0.276586 
        0.0325     0.275019 
     0.0329585     0.273182 
     0.0334235     0.271319 
      0.033895      0.26943 
     0.0343732     0.267515 
     0.0348582     0.265572 
         0.035     0.265004 
     0.0354938     0.263214 
     0.0359945     0.261398 
     0.0365024     0.259557 
     0.0370173      0.25769 
        0.0375      0.25594 
     0.0380291     0.254196 
     0.0385656     0.252427 
     0.0391097     0.250634 
     0.0396614     0.248815 
          0.04     0.247699 
     0.0405643     0.245973 
     0.0411366     0.244222 
      0.041717     0.242446 
     0.0423055     0.240646 
        0.0425     0.240051 
     0.0430996     0.238372 
     0.0437077     0.236669 
     0.0443243     0.234942 
     0.0449496     0.233191 
         0.045     0.233049 
     0.0456349     0.231417 
     0.0462787     0.229761 
     0.0469316     0.228082 
        0.0475     0.226621 
     0.0481701     0.225034 
     0.0488497     0.223425 
     0.0495389     0.221793 
          0.05     0.220702 
     0.0507054     0.219234 
     0.0514208     0.217745 
     0.0521462     0.216235 
        0.0525     0.215499 
     0.0532407     0.214072 
     0.0539918     0.212625 
     0.0547535     0.211157 
         0.055     0.210682 
     0.0557759     0.209295 
     0.0565628     0.207888 
     0.0573608     0.206461 
        0.0575     0.206212 
     0.0583112     0.204863 
     0.0591339     0.203496 
     0.0599682     0.202109 
          0.06     0.202056 
     0.0608465       0.2008 
     0.0617049     0.199527 
        0.0625     0.198348 
     0.0633818     0.197128 
      0.064276      0.19589 
         0.065     0.194887 
      0.065917       0.1937 
      0.066847     0.192496 
        0.0675     0.191651 
     0.0684523     0.190496 
      0.069418     0.189325 
          0.07      0.18862 
     0.0709876     0.187541 
     0.0719891     0.186447 
     0.0730047     0.185337 
     0.0740347     0.184212 
         0.075     0.183157 
     0.0760581     0.182134 
     0.0771312     0.181096 
     0.0782193     0.180044 
     0.0793229     0.178977 
          0.08     0.178322 
     0.0811287     0.177498 
     0.0822732     0.176663 
      0.083434     0.175816 
     0.0846111     0.174956 
         0.085     0.174672 
     0.0861992      0.17389 
     0.0874153     0.173096 
     0.0886486     0.172291 
     0.0898993     0.171475 
          0.09     0.171409 
     0.0912697     0.170665 
     0.0925574      0.16991 
     0.0938632     0.169144 
         0.095     0.168478 
           0.1     0.165832 
           0.1     0.165232 
      0.114616     0.160035 
      0.131581     0.154815 
          0.15     0.149988 
      0.196849     0.144937 
      0.210056     0.144275 
          0.25     0.142837 
      0.302057     0.143182 
       0.42747     0.148626 
      0.446393     0.149332 
      0.452691     0.143128 
      0.464139     0.132687 
      0.476166     0.122782 
      0.484545     0.116456 
      0.497397     0.107586 
           0.5     0.105882 
      0.559299      0.10214 
      0.630045    0.0982384 
           0.7    0.0948802 
           0.8    0.0971541 
      0.906349     0.101697 
      0.977146     0.105581 
             1     0.100356 
       1.04125    0.0981412 
       1.16512    0.0939819 
          1.25    0.0914119 
       1.44087    0.0969565 
           1.5    0.0960355 
       1.59548    0.0979009 
        1.7507    0.0980801 
       2.01224       0.1061 
       2.01537     0.105904 
       2.14387     0.106631 
       2.27067      0.10861 
       2.29184     0.108424 
       2.29889     0.108123 
       2.38043     0.107128 
       2.44503     0.106939 
       2.48055     0.106295 
       2.52551     0.105699 
       2.54128     0.105105 
       2.78061      0.09927 
             3    0.0945515 
       3.18144    0.0871889 
       3.32211     0.082113 
       3.48609    0.0768039 
       3.66368    0.0716743 
       3.78992    0.0683881 
       3.94716    0.0646221 
             4    0.0634306 
       4.11314    0.0589262 
       4.21476    0.0552478 
       4.30574     0.052218 
       4.42297    0.0486419 
       4.52353    0.0458379 
       4.63821     0.042905 
       4.76431    0.0399706 
       4.88073    0.0375016 
             5     0.035185 
       5.11162    0.0325242 
       5.21504    0.0302846 
       5.30725    0.0284518 
       5.42797    0.0262613 
       5.49638    0.0251155 
       5.61818    0.0232294 
       5.74661    0.0214325 
       5.83585    0.0202878 
       5.97239    0.0186868 
             6    0.0183791 
       6.05809    0.0176275 
       6.16852       0.0163 
       6.26679    0.0152207 
       6.35407    0.0143351 
       6.46558     0.013294 
        6.5604     0.012481 
       6.66764     0.011634 
       6.78449    0.0107902 
        6.8914    0.0100832 
       7.11782   0.00869024 
       7.22254   0.00809632 
       7.31543   0.00761004 
       7.43397   0.00703965 
       7.53466   0.00659525 
       7.64839   0.00613329 
       7.76748   0.00569076 
       7.89951   0.00524434 
             8   0.00493266 
       8.11865    0.0046168 
        8.2088   0.00439326 
       8.34589   0.00407807 
       8.48528    0.0037855 
       8.65881   0.00350704 
       8.77915   0.00332903 
       8.96289   0.00307918 
             9   0.00303107 
       9.20984   0.00280736 
       9.44021   0.00258632 
       9.48683   0.00254384 
       9.74004   0.00237908 
            10   0.00222498 
       10.1199   0.00211475 
       10.2626   0.00199332 
       10.3023   0.00195954 
       10.4477   0.00184702 
       10.4881   0.00181573 
       10.6361   0.00173953 
        10.741   0.00168548 
       10.8925   0.00161475 
            11   0.00156458 
       11.1552   0.00150572 
       11.2419   0.00147283 
       11.4005   0.00141743 
       11.4891   0.00138647 
       11.6512    0.0013469 
       11.8156   0.00130678 
       11.8702   0.00129345 
            12   0.00126385 
       12.1693    0.0012373 
        12.341   0.00121037 
         12.49     0.001187 
       12.6662   0.00116207 
       12.8449   0.00113678 
            13   0.00111483 
       13.1834   0.00110276 
       13.3694   0.00109053 
        13.558   0.00107812 
        13.743   0.00106595 
       13.9369   0.00105402 
            14   0.00105014 
       14.1975   0.00104737 
       14.3978   0.00104456 
       14.6009   0.00104172 
       14.8069   0.00103883 
            15   0.00103612 
       15.2116   0.00103839 
       15.4262    0.0010407 
       15.6439   0.00104304 
       15.8646   0.00104541 
            16   0.00104687 
       16.2257   0.00105301 
       16.4546   0.00105924 
       16.6868   0.00106555 
       16.9222   0.00107195 
            17   0.00107407 
       17.2398   0.00108351 
       17.4831   0.00109309 
       17.7297    0.0011028 
       17.9799   0.00111265 
            18   0.00111344 
       18.2539   0.00112605 
       18.5115   0.00113883 
       18.7726    0.0011518 
            19   0.00116309 
       19.2681   0.00117879 
       19.5399   0.00119472 
       19.8156   0.00121087 
            20   0.00122167 
//
#-------------------------------------------------------------------------------
