#ZVView-data-copy:  10-Jul-2025 09:27:35
#=======================================
#
#name:   ENDF/B-VIII.1: XE-130(N,G)XE-131
#X.axis: Incident Energy
#Y.axis: Cross Section
#wdata:  2
#ldata:  5510
#data...
#            X            Y
#          MeV        barns
         1e-11      241.283 
   1.10304e-11      229.738 
   1.21669e-11      218.745 
   1.34206e-11      208.277 
   1.48034e-11      198.311 
   1.63287e-11      188.822 
   1.80111e-11      179.786 
   1.98669e-11      171.183 
   2.19139e-11      162.992 
   2.41719e-11      155.193 
   2.66625e-11      147.766 
   2.94097e-11      140.696 
     3.244e-11      133.963 
   3.57825e-11      127.553 
   3.94694e-11      121.449 
   4.35362e-11      115.638 
   4.80221e-11      110.104 
   5.29701e-11      104.836 
    5.8428e-11       99.819 
   6.44483e-11      95.0425 
   7.10888e-11      90.4945 
   7.84136e-11      86.1642 
   8.64931e-11      82.0411 
   9.54051e-11      78.1152 
   1.05235e-10      74.3772 
   1.16078e-10      70.8181 
   1.28039e-10      67.4292 
   1.41231e-10      64.2025 
   1.55784e-10      61.1302 
   1.71835e-10       58.205 
    1.8954e-10      55.4196 
    2.0907e-10      52.7676 
   2.30612e-10      50.2424 
   2.54374e-10      47.8381 
   2.80584e-10      45.5488 
   3.09494e-10       43.369 
   3.41383e-10      41.2936 
   3.76558e-10      39.3174 
   4.15358e-10      37.4358 
   4.58155e-10      35.6442 
   5.05362e-10      33.9384 
   5.57433e-10      32.3141 
   6.14869e-10      30.7675 
   6.78223e-10       29.295 
   7.48105e-10      27.8929 
   8.25188e-10      26.5578 
   9.10213e-10      25.2867 
      1.004e-9      24.0763 
    1.10745e-9      22.9238 
    1.22155e-9      21.8265 
    1.34742e-9      20.7817 
    1.48625e-9      19.7868 
    1.63939e-9      18.8395 
    1.80831e-9      17.9375 
    1.99463e-9      17.0787 
    2.20016e-9      16.2609 
    2.42685e-9      15.4822 
    2.67691e-9      14.7408 
    2.95273e-9      14.0348 
    3.25697e-9      13.3625 
    3.59256e-9      12.7224 
    3.96272e-9      12.1129 
    4.37103e-9      11.5325 
    4.82141e-9      10.9799 
    5.31819e-9      10.4537 
    5.86616e-9      9.95266 
    6.47059e-9       9.4756 
     7.1373e-9      9.02136 
    7.87271e-9      8.58883 
    8.68389e-9      8.17693 
    9.57865e-9      7.78465 
    1.05656e-8      7.41103 
    1.16543e-8      7.05518 
    1.28551e-8       6.7163 
    1.41796e-8      6.39352 
    1.56406e-8      6.08613 
    1.72522e-8      5.79336 
    1.90298e-8      5.51453 
    2.09906e-8      5.24895 
    2.31534e-8      4.99599 
    2.52419e-8       4.7832 
       2.53e-8      4.77765 
    2.79068e-8       4.5471 
    3.07823e-8      4.32749 
     3.3954e-8      4.11827 
    3.74525e-8      3.91896 
    4.13115e-8      3.72907 
    4.55681e-8      3.54815 
    5.02633e-8      3.37577 
    5.54423e-8       3.2115 
    6.11549e-8      3.05497 
    6.74561e-8      2.90578 
    7.44066e-8      2.76359 
    8.20732e-8      2.62805 
    9.05297e-8      2.49884 
    9.98577e-8      2.37564 
    1.10147e-7      2.25817 
    1.21496e-7      2.14613 
    1.34014e-7      2.03928 
    1.47823e-7      1.93733 
    1.63054e-7      1.84007 
    1.79855e-7      1.74725 
    1.98386e-7      1.65865 
    2.18827e-7      1.57406 
    2.41375e-7      1.49329 
    2.66245e-7      1.41614 
    2.93678e-7      1.34244 
    3.23938e-7      1.27201 
    3.57316e-7      1.20469 
    3.94132e-7      1.14032 
    4.34743e-7      1.07876 
    4.79537e-7      1.01987 
    5.25268e-7     0.967449 
    5.75332e-7     0.917144 
    6.30198e-7      0.86881 
    6.90262e-7     0.822409 
    7.56088e-7     0.777808 
    8.28152e-7     0.734978 
    9.07128e-7       0.6938 
    9.93586e-7      0.65425 
    1.08834e-6     0.616225 
    1.18378e-6     0.582462 
    1.28758e-6     0.549922 
    1.40049e-6     0.518558 
    1.52331e-6     0.488345 
    1.65689e-6     0.459266 
    1.80218e-6     0.431285 
    1.96022e-6      0.40436 
    2.11718e-6     0.380609 
    2.28682e-6     0.357733 
    2.46993e-6     0.335679 
    2.66784e-6      0.31448 
    2.88146e-6     0.294128 
    3.09053e-6      0.27632 
    3.31478e-6     0.259205 
     3.5553e-6     0.242735 
    3.81327e-6     0.226941 
    4.06151e-6     0.213311 
     4.3257e-6     0.200155 
    4.57503e-6     0.188928 
    4.90699e-6     0.175469 
    5.22643e-6     0.163915 
    5.56639e-6     0.152885 
    5.92876e-6     0.142356 
    6.27048e-6     0.133422 
     6.6319e-6     0.124884 
    7.01416e-6     0.116731 
    7.41844e-6     0.108963 
    7.84603e-6      0.10157 
    8.29826e-6     0.094545 
    8.77655e-6    0.0878877 
     9.2174e-6    0.0823526 
    9.68086e-6    0.0770803 
    1.01671e-5    0.0720705 
    1.06784e-5    0.0673119 
    1.12147e-5    0.0628026 
    1.17786e-5    0.0585315 
    1.23703e-5    0.0544962 
    1.29922e-5    0.0506846 
    1.36448e-5    0.0470946 
    1.43309e-5    0.0437126 
    1.49461e-5    0.0409781 
    1.55876e-5    0.0383899 
    1.62567e-5    0.0359366 
    1.69545e-5    0.0336177 
    1.76823e-5    0.0314301 
    1.84413e-5    0.0293689 
    1.92329e-5    0.0274232 
    2.00585e-5    0.0255914 
    2.09195e-5    0.0238699 
    2.18174e-5    0.0222545 
    2.27539e-5    0.0207383 
    2.37306e-5    0.0193141 
    2.47492e-5    0.0179817 
    2.58116e-5    0.0167369 
     2.6731e-5     0.015761 
    2.76845e-5     0.014839 
    2.88728e-5       0.0138 
    2.99012e-5    0.0129872 
    3.09678e-5    0.0122224 
    3.20709e-5    0.0115005 
    3.32148e-5    0.0108219 
    3.43979e-5    0.0101827 
    3.56249e-5   0.00958144 
    3.68938e-5   0.00901682 
    3.82098e-5   0.00848464 
    3.95708e-5   0.00798748 
    4.09823e-5    0.0075179 
    4.24421e-5   0.00708031 
     4.3956e-5   0.00666768 
    4.55217e-5   0.00628196 
    4.71454e-5   0.00592046 
    4.88247e-5    0.0055839 
    5.05663e-5   0.00526613 
    5.23674e-5   0.00497148 
    5.42353e-5   0.00469376 
    5.61672e-5   0.00443586 
    5.81706e-5   0.00419391 
    6.02426e-5   0.00396874 
    6.23915e-5   0.00375802 
    6.46138e-5   0.00356195 
    6.69186e-5   0.00337898 
    6.93022e-5   0.00320838 
    7.17742e-5   0.00304972 
    7.48551e-5   0.00287346 
    7.80682e-5   0.00271161 
    8.14192e-5   0.00256347 
    8.49141e-5    0.0024284 
     8.8559e-5   0.00230458 
    9.23603e-5   0.00219138 
    9.63249e-5   0.00208802 
    0.00010046    0.0019944 
   0.000104772   0.00190936 
   0.000109269   0.00183207 
   0.000114758   0.00175157 
   0.000120528   0.00168039 
   0.000126582   0.00161806 
   0.000132947    0.0015638 
   0.000139624    0.0015178 
   0.000146645   0.00147895 
    0.00015478   0.00144448 
   0.000162555   0.00142068 
   0.000171451     0.001403 
   0.000181333   0.00139376 
   0.000185622   0.00139257 
   0.000195922   0.00139755 
   0.000205704   0.00141121 
   0.000215407   0.00143325 
   0.000225981   0.00146735 
   0.000236003   0.00150984 
   0.000246626   0.00156682 
   0.000255411   0.00162417 
   0.000263583   0.00168728 
   0.000271768   0.00176149 
   0.000279954   0.00184896 
   0.000286503   0.00192975 
   0.000293798   0.00203332 
   0.000300011     0.002135 
   0.000306172   0.00225036 
   0.000310793   0.00234768 
   0.000315414     0.002457 
   0.000320194   0.00258284 
   0.000324939   0.00272492 
   0.000329458   0.00287667 
    0.00033247   0.00298933 
   0.000335483   0.00311214 
   0.000340002   0.00331797 
   0.000343014   0.00347231 
   0.000346026   0.00364243 
   0.000349187   0.00384101 
   0.000351938   0.00403245 
   0.000355227   0.00428668 
    0.00035742   0.00447513 
   0.000360435   0.00476164 
   0.000362901   0.00502428 
   0.000365368    0.0053161 
   0.000367996   0.00566491 
    0.00037048   0.00603429 
   0.000372511   0.00637199 
   0.000374543     0.006746 
   0.000376124   0.00706545 
    0.00037793   0.00746543 
   0.000379644   0.00788409 
   0.000381266   0.00831985 
   0.000382955   0.00882147 
   0.000384713   0.00940301 
   0.000386371    0.0100144 
   0.000387929    0.0106543 
   0.000389487    0.0113674 
   0.000391045    0.0121656 
    0.00039223    0.0128357 
   0.000393448    0.0135943 
   0.000394666    0.0144313 
   0.000395884    0.0153576 
   0.000397102    0.0163865 
    0.00039832    0.0175339 
   0.000399446     0.018717 
   0.000400573    0.0200352 
    0.00040169    0.0214991 
    0.00040279     0.023117 
   0.000403523    0.0243075 
   0.000404257    0.0255996 
    0.00040499    0.0270051 
   0.000405723    0.0285379 
   0.000406457    0.0302139 
    0.00040719    0.0320506 
    0.00040792    0.0340614 
    0.00040865    0.0362799 
    0.00040938    0.0387346 
   0.000410111    0.0414607 
   0.000410678    0.0437921 
   0.000411245    0.0463353 
   0.000411812    0.0491165 
   0.000412379    0.0521654 
   0.000412947    0.0555193 
    0.00041345    0.0587842 
   0.000413921    0.0621194 
   0.000414392    0.0657569 
   0.000414863    0.0697344 
   0.000415334    0.0740958 
   0.000415648    0.0772416 
   0.000416177    0.0830231 
   0.000416574    0.0878073 
    0.00041697    0.0930294 
   0.000417367    0.0987449 
   0.000417764     0.105017 
   0.000418119     0.111179 
   0.000418475     0.117912 
   0.000418831     0.125289 
   0.000419187     0.133393 
   0.000419543     0.142325 
   0.000419845     0.150652 
   0.000420212     0.161815 
   0.000420488     0.171037 
   0.000420764     0.181085 
   0.000421039     0.192059 
   0.000421288     0.202883 
   0.000421603     0.217934 
    0.00042184     0.230365 
   0.000422076     0.243906 
   0.000422312     0.258695 
   0.000422536     0.274054 
   0.000422755     0.290384 
   0.000422974     0.308238 
   0.000423192     0.327811 
   0.000423411     0.349332 
   0.000423617     0.371574 
   0.000423796      0.39277 
   0.000423975     0.415855 
   0.000424154     0.441064 
   0.000424333     0.468666 
   0.000424512     0.498975 
   0.000424674      0.52895 
   0.000424836     0.561742 
   0.000424997     0.597718 
   0.000425159     0.637308 
   0.000425321     0.681018 
   0.000425462     0.723051 
   0.000425593     0.765677 
   0.000425724     0.812239 
   0.000425855     0.863243 
   0.000425986     0.919279 
   0.000426115     0.980066 
   0.000426241      1.04504 
   0.000426366      1.11681 
   0.000426475      1.18588 
   0.000426577      1.25598 
   0.000426678      1.33261 
    0.00042679      1.42547 
   0.000426885      1.51226 
   0.000426976      1.60386 
   0.000427077      1.71601 
    0.00042718      1.84231 
   0.000427269      1.96377 
    0.00042735      2.08555 
    0.00042744      2.23306 
   0.000427518      2.37709 
   0.000427597      2.53608 
   0.000427649      2.65148 
   0.000427717      2.81419 
   0.000427785      2.99311 
   0.000427855      3.19554 
   0.000427925      3.42052 
   0.000427991      3.66059 
   0.000428052      3.90391 
   0.000428113      4.17456 
   0.000428174      4.47738 
   0.000428214      4.70008 
   0.000428255      4.94198 
   0.000428296      5.20572 
   0.000428342      5.54012 
   0.000428389      5.91347 
   0.000428424       6.2234 
   0.000428459      6.56307 
   0.000428497      6.97693 
   0.000428528      7.33754 
   0.000428558      7.73253 
   0.000428589      8.16666 
   0.000428619      8.64548 
   0.000428649      9.17537 
    0.00042868      9.76372 
    0.00042871       10.419 
    0.00042874      11.1361 
   0.000428769      11.9209 
   0.000428799      12.7977 
   0.000428821      13.5233 
   0.000428842      14.3135 
   0.000428864      15.1748 
   0.000428886       16.114 
   0.000428908      17.1385 
    0.00042893      18.2564 
   0.000428952      19.4762 
   0.000428974      20.7911 
   0.000428995      22.2154 
   0.000429017      23.7658 
   0.000429039      25.4527 
    0.00042906      27.2866 
   0.000429082      29.2789 
   0.000429103      31.4408 
   0.000429125      33.7844 
   0.000429146      36.3216 
   0.000429168      39.0647 
    0.00042919      42.0259 
   0.000429211      45.2176 
   0.000429233      48.6518 
   0.000429254      52.3402 
   0.000429276       56.294 
   0.000429297      60.5239 
   0.000429319      65.0397 
    0.00042934      69.8499 
   0.000429369      76.7883 
   0.000429392      82.4863 
   0.000429421      90.6018 
   0.000429451      99.3127 
    0.00042948      108.615 
   0.000429517      120.928 
   0.000429554      134.082 
    0.00042959      147.727 
   0.000429636      166.128 
   0.000429705      195.167 
   0.000429808      239.661 
   0.000429869      264.703 
   0.000429914      281.786 
    0.00042996      297.606 
   0.000430006      311.257 
    0.00043004      319.825 
   0.000430075      326.795 
   0.000430113      332.471 
   0.000430143      335.395 
   0.000430172      336.902 
    0.00043019      337.136 
   0.000430228      335.926 
   0.000430265       332.63 
   0.000430303       327.03 
   0.000430337      320.126 
   0.000430372       311.62 
   0.000430418      298.045 
   0.000430464      282.291 
   0.000430506      266.169 
   0.000430565      242.215 
   0.000430714      178.242 
   0.000430772      154.707 
   0.000430818      136.954 
   0.000430855      123.443 
   0.000430884      113.686 
   0.000430912      104.453 
   0.000430941      95.7596 
   0.000430971      87.1772 
   0.000430994      80.8332 
   0.000431018      74.8668 
   0.000431042      69.2722 
   0.000431065      64.0412 
   0.000431081      60.7508 
   0.000431107      55.6961 
   0.000431133      51.0357 
   0.000431159      46.7511 
   0.000431185      42.8224 
   0.000431211      39.2291 
    0.00043123      36.7416 
   0.000431249       34.422 
   0.000431269      32.2615 
   0.000431288      30.2511 
    0.00043131      28.1831 
   0.000431331      26.2781 
   0.000431353      24.5251 
   0.000431375      22.9131 
   0.000431396      21.4317 
   0.000431418       20.071 
   0.000431439      18.8217 
   0.000431461      17.6748 
   0.000431482       16.622 
   0.000431504      15.6554 
   0.000431527      14.6963 
   0.000431554      13.6922 
   0.000431581      12.7884 
   0.000431608       11.974 
   0.000431635       11.239 
   0.000431662      10.5744 
   0.000431689      9.97237 
   0.000431716      9.42581 
   0.000431743      8.92842 
    0.00043177      8.47466 
   0.000431807      7.92909 
   0.000431836       7.5244 
   0.000431866       7.1548 
   0.000431905       6.7095 
   0.000431945      6.31092 
   0.000431985       5.9522 
   0.000432024      5.62766 
   0.000432064      5.33261 
   0.000432103      5.06315 
   0.000432145      4.80502 
   0.000432188       4.5582 
   0.000432231      4.33179 
   0.000432296      4.02519 
   0.000432361      3.75242 
   0.000432426      3.50823 
   0.000432494      3.27836 
   0.000432568      3.05336 
   0.000432642      2.85175 
   0.000432717      2.67024 
   0.000432791      2.50613 
   0.000432865      2.35718 
   0.000432949      2.20513 
   0.000433033      2.06773 
   0.000433117      1.94309 
   0.000433201      1.82964 
   0.000433284      1.72605 
   0.000433383      1.61543 
   0.000433488      1.50822 
   0.000433594      1.41152 
     0.0004337      1.32397 
   0.000433806      1.24444 
   0.000433915      1.16936 
   0.000434033      1.09626 
   0.000434151      1.02988 
   0.000434268     0.969421 
   0.000434386     0.914189 
   0.000434504     0.863593 
   0.000434643     0.808826 
   0.000434783     0.759154 
   0.000434923     0.713959 
   0.000435063     0.672715 
   0.000435202     0.634972 
   0.000435361     0.595851 
   0.000435529     0.558234 
   0.000435697     0.524095 
   0.000435866     0.493014 
   0.000436034     0.464635 
   0.000436208     0.437792 
   0.000436394     0.411653 
    0.00043658     0.387803 
   0.000436765      0.36598 
   0.000436951     0.345961 
   0.000437137     0.327552 
    0.00043737     0.306468 
   0.000437603     0.287367 
   0.000437836     0.270008 
   0.000438069     0.254186 
   0.000438302     0.239725 
   0.000438558     0.225245 
   0.000438825     0.211492 
   0.000439092     0.198972 
   0.000439359     0.187541 
   0.000439627     0.177075 
   0.000439905     0.167078 
   0.000440206     0.157201 
   0.000440507     0.148183 
   0.000440808     0.139927 
   0.000441009     0.134806 
    0.00044141     0.125382 
   0.000441755     0.118076 
   0.000442099     0.111399 
   0.000442443      0.10528 
   0.000442787    0.0996598 
   0.000443246    0.0928513 
   0.000443655    0.0873742 
   0.000444063    0.0823784 
   0.000444472      0.07781 
    0.00044488    0.0736195 
   0.000445424    0.0685477 
   0.000445927    0.0643324 
   0.000446429    0.0605055 
   0.000446931    0.0570204 
   0.000447433    0.0538378 
   0.000447935    0.0509238 
   0.000448496    0.0479513 
   0.000449086    0.0451082 
   0.000449677     0.042522 
   0.000450267    0.0401616 
   0.000450857    0.0380023 
   0.000451639    0.0354116 
   0.000452418    0.0331043 
   0.000453197    0.0310301 
   0.000453975    0.0291589 
   0.000454743    0.0274886 
   0.000455499    0.0259907 
   0.000456256    0.0246228 
   0.000457013    0.0233709 
   0.000457782    0.0222043 
   0.000458564    0.0211165 
   0.000459346    0.0201169 
   0.000460518    0.0187633 
    0.00046167    0.0175827 
   0.000462822    0.0165288 
   0.000464022    0.0155459 
   0.000465321    0.0145985 
   0.000466619    0.0137548 
   0.000467917    0.0130008 
   0.000469216    0.0123248 
   0.000470514    0.0117171 
   0.000471848    0.0111553 
   0.000473182    0.0106486 
   0.000474537    0.0101841 
   0.000475935   0.00975211 
   0.000477798   0.00924091 
   0.000479661   0.00879423 
   0.000481524   0.00840406 
   0.000483716   0.00800443 
   0.000485909   0.00766091 
   0.000487956   0.00738499 
   0.000490004   0.00714553 
   0.000492708   0.00688011 
   0.000495411   0.00666389 
   0.000498135   0.00648907 
   0.000500901   0.00635046 
   0.000503388   0.00625607 
   0.000505875   0.00618719 
   0.000508361   0.00614132 
    0.00051178   0.00611291 
   0.000512713   0.00611193 
    0.00051551   0.00612716 
   0.000519499   0.00618931 
   0.000523073   0.00628386 
   0.000526997   0.00643313 
    0.00053092   0.00662643 
   0.000534844   0.00687072 
   0.000538767   0.00716452 
   0.000541383   0.00739253 
   0.000545049   0.00775733 
     0.0005482   0.00811896 
   0.000551176    0.0085055 
   0.000554094   0.00893202 
   0.000556982   0.00940618 
   0.000559871    0.0099388 
    0.00056276    0.0105381 
   0.000565649    0.0112136 
   0.000567575    0.0117119 
   0.000569738    0.0123238 
   0.000571901    0.0129977 
    0.00057454     0.013914 
   0.000576413    0.0146313 
   0.000578402    0.0154712 
   0.000580504    0.0164527 
   0.000582721    0.0176073 
   0.000584769    0.0187994 
   0.000586647    0.0200133 
   0.000588549    0.0213808 
   0.000590473    0.0229268 
   0.000591916    0.0242088 
   0.000593359    0.0256102 
   0.000594802    0.0271462 
   0.000596202    0.0287812 
   0.000597579    0.0305489 
   0.000598957    0.0324929 
   0.000600298    0.0345803 
   0.000601639    0.0368867 
    0.00060298    0.0394432 
   0.000604321    0.0422877 
   0.000605662    0.0454648 
   0.000606563    0.0478135 
   0.000607471    0.0503764 
   0.000608379    0.0531566 
   0.000609288    0.0561833 
   0.000610203    0.0595123 
   0.000611126    0.0631854 
   0.000612049    0.0672193 
   0.000612971    0.0716629 
   0.000613886    0.0765299 
   0.000614793    0.0818751 
     0.0006157    0.0878187 
   0.000616381    0.0927174 
   0.000617061    0.0980421 
   0.000617708     0.103546 
   0.000618356     0.109538 
   0.000619003     0.116084 
    0.00061965     0.123252 
   0.000620298      0.13112 
   0.000620885     0.138923 
   0.000621442     0.146992 
   0.000621999     0.155802 
   0.000622556     0.165444 
   0.000623113     0.176022 
   0.000623726     0.188903 
    0.00062421     0.200101 
   0.000624694     0.212333 
   0.000625178     0.225736 
   0.000625688     0.241292 
   0.000626224     0.259453 
   0.000626692     0.277097 
   0.000627094     0.293706 
   0.000627562     0.315062 
   0.000627977     0.336002 
   0.000628379     0.358338 
   0.000628811      0.38495 
    0.00062921     0.412329 
   0.000629573     0.439817 
   0.000629956        0.472 
   0.000630236     0.497786 
   0.000630547     0.529014 
   0.000630858     0.563299 
   0.000631144     0.597954 
   0.000631418     0.634241 
   0.000631693     0.673957 
   0.000631933     0.711995 
   0.000632174     0.753368 
   0.000632415     0.798483 
   0.000632656     0.847806 
   0.000632896     0.901879 
   0.000633145     0.963419 
   0.000633398      1.03269 
   0.000633651      1.10976 
   0.000633891      1.19152 
   0.000634072      1.25896 
   0.000634252      1.33234 
   0.000634433      1.41237 
   0.000634613       1.4999 
   0.000634789      1.59315 
   0.000634964      1.69545 
    0.00063514      1.80802 
   0.000635315       1.9323 
   0.000635491      2.06998 
   0.000635663      2.22006 
   0.000635834      2.38557 
   0.000636004      2.57052 
   0.000636118      2.70619 
   0.000636232      2.85301 
   0.000636346      3.01227 
   0.000636459      3.18544 
   0.000636605      3.42908 
    0.00063675      3.70223 
   0.000636846      3.90318 
   0.000636943      4.12124 
    0.00063704      4.35844 
   0.000637136      4.61715 
   0.000637233      4.90009 
   0.000637318      5.17241 
   0.000637404      5.46863 
   0.000637489      5.79171 
   0.000637574      6.14507 
    0.00063766      6.53272 
    0.00063774      6.93556 
   0.000637819      7.36499 
   0.000637897      7.83696 
   0.000637976      8.35742 
   0.000638054      8.93345 
   0.000638129      9.54418 
   0.000638198      10.1575 
   0.000638266      10.8342 
   0.000638334      11.5834 
   0.000638402      12.4157 
   0.000638471      13.3438 
   0.000638539      14.3822 
   0.000638584      15.1443 
    0.00063863      15.9689 
   0.000638675      16.8624 
   0.000638721      17.8319 
   0.000638766       18.885 
   0.000638812      20.0303 
   0.000638857       21.277 
   0.000638903      22.6349 
   0.000638948      24.1147 
   0.000638994      25.7276 
   0.000639039      27.4856 
   0.000639085      29.4009 
    0.00063913      31.4864 
   0.000639176      33.7549 
   0.000639216      35.8998 
   0.000639267      38.8912 
   0.000639318      42.1605 
   0.000639369      45.7227 
    0.00063942      49.5899 
   0.000639472      53.7708 
   0.000639517      57.7539 
   0.000639563      61.9878 
   0.000639631      68.7974 
   0.000639699      76.1252 
   0.000639767      83.9108 
   0.000639858      94.8463 
   0.000640063      120.193 
   0.000640154       130.82 
   0.000640227      138.567 
   0.000640281      143.771 
   0.000640336      148.341 
   0.000640391      152.185 
   0.000640457       155.77 
   0.000640516      157.853 
   0.000640575      158.861 
   0.000640599      158.957 
   0.000640655      158.461 
     0.0006407      157.336 
   0.000640764       154.69 
   0.000640828      150.876 
   0.000640891      146.002 
   0.000640955      140.207 
   0.000641023      133.152 
   0.000641091      125.424 
   0.000641205      111.622 
   0.000641364      91.8851 
   0.000641455      81.1029 
   0.000641524      73.4737 
   0.000641592       66.326 
    0.00064166      59.7108 
   0.000641715      54.8204 
   0.000641763      50.8377 
    0.00064181      47.1296 
   0.000641858      43.6901 
   0.000641906      40.5104 
    0.00064196      37.1803 
   0.000642006      34.6396 
   0.000642051      32.2991 
   0.000642097      30.1462 
   0.000642142      28.1681 
   0.000642188      26.3521 
   0.000642233      24.6856 
   0.000642279      23.1566 
   0.000642324      21.7536 
    0.00064237      20.4658 
   0.000642415       19.283 
   0.000642461      18.1957 
   0.000642506      17.1953 
   0.000642552      16.2737 
   0.000642598      15.4236 
   0.000642643      14.6384 
   0.000642711      13.5692 
   0.000642779      12.6147 
   0.000642848      11.7594 
   0.000642916      10.9904 
   0.000642984      10.2964 
   0.000643054      9.65179 
   0.000643128      9.03835 
   0.000643202      8.48326 
   0.000643276      7.97921 
   0.000643349         7.52 
   0.000643423      7.10037 
   0.000643512      6.63978 
   0.000643602      6.22363 
   0.000643691      5.84627 
    0.00064378      5.50291 
   0.000643869      5.18951 
   0.000643947      4.93698 
   0.000644044      4.64938 
    0.00064414      4.38659 
   0.000644237       4.1458 
   0.000644334      3.92458 
   0.000644431      3.72083 
   0.000644527      3.53273 
   0.000644672      3.27653 
   0.000644786      3.09479 
     0.0006449      2.92791 
   0.000645013      2.77429 
   0.000645127      2.63255 
   0.000645298      2.43964 
   0.000645468      2.26734 
   0.000645647      2.10574 
   0.000645778      1.99879 
   0.000645973      1.85312 
   0.000646168       1.7229 
   0.000646364      1.60602 
   0.000646559      1.50069 
   0.000646779      1.39404 
   0.000647011      1.29334 
   0.000647244       1.2032 
   0.000647476      1.12221 
   0.000647708      1.04915 
   0.000647947     0.981271 
   0.000648199     0.916624 
   0.000648451     0.858181 
   0.000648703      0.80517 
   0.000648955     0.756935 
   0.000649206     0.712921 
   0.000649489     0.667901 
   0.000649772      0.62703 
   0.000650055     0.589814 
   0.000650338      0.55583 
   0.000650621     0.524709 
   0.000650867     0.499815 
   0.000651168     0.471542 
    0.00065147     0.445612 
   0.000651772     0.421774 
   0.000652074     0.399809 
   0.000652375     0.379521 
   0.000652828     0.351864 
   0.000653272      0.32755 
     0.0006537      0.30645 
   0.000654129      0.28734 
   0.000654557     0.269977 
   0.000654985     0.254152 
   0.000655413     0.239689 
   0.000655891     0.224963 
   0.000656369     0.211568 
   0.000656847     0.199348 
   0.000657325     0.188168 
   0.000657803     0.177913 
    0.00065833     0.167543 
   0.000658883      0.15764 
   0.000659436     0.148604 
   0.000659989     0.140337 
   0.000660542     0.132757 
    0.00066114     0.125243 
    0.00066183     0.117375 
    0.00066252     0.110242 
    0.00066321     0.103757 
     0.0006639     0.097849 
    0.00066459    0.0924552 
    0.00066527    0.0875849 
   0.000665951    0.0831125 
   0.000666858    0.0776993 
   0.000667765    0.0728432 
   0.000668687    0.0684007 
   0.000669625    0.0643338 
   0.000670562    0.0606686 
   0.000671499    0.0573597 
   0.000672469    0.0542721 
   0.000673471    0.0514014 
   0.000674474    0.0488208 
   0.000675476    0.0465024 
    0.00067651    0.0443636 
   0.000677576    0.0424094 
   0.000678642    0.0406902 
   0.000679708    0.0391952 
   0.000680747    0.0379439 
   0.000681759    0.0369174 
   0.000682771    0.0360834 
   0.000683783    0.0354486 
   0.000684734    0.0350446 
   0.000685623    0.0348479 
   0.000686068    0.0348214 
   0.000687039    0.0349523 
   0.000687768    0.0352393 
   0.000688496     0.035713 
   0.000689225    0.0364032 
   0.000689953    0.0373499 
   0.000690584    0.0384175 
   0.000691216    0.0397594 
   0.000691847    0.0414301 
   0.000692268     0.042763 
   0.000692688    0.0443038 
   0.000693109    0.0460845 
   0.000693576    0.0483874 
   0.000693961      0.05059 
   0.000694345    0.0531207 
    0.00069473    0.0560396 
   0.000695114    0.0594182 
   0.000695371    0.0619692 
   0.000695674    0.0653451 
   0.000695977    0.0691738 
   0.000696204    0.0723899 
   0.000696432    0.0759449 
   0.000696651    0.0797431 
   0.000696855     0.083636 
   0.000697059    0.0879285 
   0.000697263    0.0926759 
   0.000697467    0.0979435 
   0.000697671     0.103809 
   0.000697854     0.109674 
   0.000698038     0.116178 
   0.000698221     0.123415 
   0.000698405     0.131501 
   0.000698588     0.140571 
   0.000698761       0.1502 
    0.00069893     0.160696 
   0.000699098     0.172515 
    0.00069921     0.181243 
   0.000699323     0.190745 
   0.000699435     0.201117 
   0.000699547     0.212471 
   0.000699653     0.224155 
   0.000699758     0.236949 
   0.000699864     0.251002 
   0.000699969      0.26649 
   0.000700075     0.283622 
   0.000700172     0.301147 
   0.000700266     0.319702 
    0.00070036      0.34022 
   0.000700453     0.363007 
   0.000700547     0.388438 
   0.000700636     0.415702 
   0.000700718      0.44348 
     0.0007008     0.474575 
   0.000700882     0.509654 
   0.000700936     0.535684 
   0.000700991     0.564225 
   0.000701045     0.595714 
   0.000701088     0.623278 
   0.000701132     0.653415 
   0.000701175     0.686559 
   0.000701219     0.723245 
   0.000701262     0.764131 
   0.000701305     0.810035 
   0.000701349     0.861968 
   0.000701381     0.905616 
   0.000701412       0.9508 
   0.000701441      0.99898 
   0.000701471      1.05223 
     0.0007015      1.11127 
    0.00070153      1.17694 
   0.000701559      1.25017 
   0.000701589      1.33204 
   0.000701618      1.42379 
   0.000701648      1.52679 
   0.000701677      1.64262 
   0.000701697      1.72782 
   0.000701723      1.85224 
   0.000701748      1.98137 
   0.000701772      2.12407 
   0.000701797      2.28181 
   0.000701821      2.45615 
   0.000701846      2.64881 
    0.00070187      2.86165 
   0.000701895      3.09667 
   0.000701919        3.356 
   0.000701944      3.64196 
   0.000701968      3.95699 
   0.000701989      4.24664 
   0.000702009      4.56038 
    0.00070203      4.89993 
   0.000702051      5.26707 
   0.000702071      5.66366 
   0.000702092      6.09164 
   0.000702112      6.55299 
   0.000702133      7.04976 
   0.000702154      7.58406 
   0.000702174      8.15802 
   0.000702188      8.56377 
   0.000702213      9.34193 
   0.000702237      10.1861 
   0.000702262      11.1001 
   0.000702287      12.0877 
   0.000702312      13.1527 
   0.000702336      14.2986 
   0.000702361      15.5291 
   0.000702386      16.8473 
   0.000702415      18.5323 
   0.000702444      20.3501 
   0.000702474      22.3048 
   0.000702503      24.3993 
   0.000702532      26.6358 
   0.000702568      29.5289 
   0.000702602      32.5196 
   0.000702628      34.8882 
   0.000702662      38.2094 
   0.000702701       42.223 
   0.000702745      46.9957 
   0.000702796      52.8098 
   0.000702869      61.6128 
   0.000703033      81.8352 
   0.000703089      88.3626 
   0.000703155      95.5698 
   0.000703198       99.808 
   0.000703242      103.699 
   0.000703287      107.042 
   0.000703326      109.467 
   0.000703376      111.839 
    0.00070342      113.199 
   0.000703467       113.84 
    0.00070348      113.868 
   0.000703527      113.449 
   0.000703572      112.255 
   0.000703618      110.311 
    0.00070367      107.213 
   0.000703714      103.904 
   0.000703759      100.043 
   0.000703803      95.7033 
    0.00070386      89.5366 
   0.000703932      81.0785 
   0.000704115       58.496 
    0.00070418      50.8621 
   0.000704235      44.6863 
   0.000704272      40.7899 
    0.00070431      36.9832 
   0.000704349      33.2987 
   0.000704388      29.8593 
   0.000704417       27.444 
   0.000704446      25.1703 
   0.000704478      22.8914 
   0.000704509       20.772 
    0.00070454      18.8086 
   0.000704572      16.9967 
   0.000704603      15.3308 
   0.000704626      14.1965 
   0.000704651      13.0403 
   0.000704676      11.9673 
   0.000704701      10.9737 
   0.000704726      10.0554 
   0.000704751      9.20869 
   0.000704777      8.42937 
   0.000704802      7.71351 
   0.000704821      7.19923 
   0.000704842        6.688 
   0.000704863      6.21333 
   0.000704884       5.7731 
   0.000704904      5.36526 
   0.000704925      4.98782 
   0.000704946      4.63887 
   0.000704967      4.31655 
   0.000704988      4.01909 
   0.000705009      3.74479 
   0.000705029      3.49204 
   0.000705054      3.22164 
    0.00070508      2.95941 
   0.000705106      2.72335 
   0.000705132      2.51099 
   0.000705158      2.32003 
   0.000705184      2.14836 
    0.00070521      1.99404 
   0.000705236      1.85529 
   0.000705262       1.7305 
   0.000705289       1.6182 
   0.000705315      1.51707 
   0.000705345      1.41336 
   0.000705375      1.32112 
   0.000705404      1.23891 
   0.000705434      1.16546 
   0.000705464      1.09969 
   0.000705494       1.0406 
   0.000705524     0.987367 
   0.000705554     0.939241 
   0.000705594     0.881924 
   0.000705634     0.831266 
   0.000705679     0.780821 
   0.000705724     0.736242 
   0.000705769     0.696529 
   0.000705814     0.660881 
   0.000705859     0.628654 
   0.000705903      0.59933 
   0.000705971     0.559897 
   0.000706022     0.533196 
   0.000706078     0.505988 
   0.000706135     0.481134 
    0.00070622     0.447593 
   0.000706306     0.417828 
   0.000706391     0.391222 
   0.000706479     0.366446 
   0.000706574     0.342609 
   0.000706668     0.321195 
   0.000706763      0.30187 
   0.000706858     0.284357 
   0.000706953     0.268428 
   0.000707065     0.251303 
   0.000707178     0.235873 
    0.00070729     0.221916 
   0.000707403     0.209245 
   0.000707515     0.197703 
   0.000707643     0.185792 
   0.000707778     0.174387 
   0.000707914     0.164076 
   0.000708049      0.15472 
   0.000708185     0.146203 
   0.000708325     0.138169 
   0.000708474     0.130365 
   0.000708624     0.123259 
   0.000708773      0.11677 
   0.000708973     0.108956 
   0.000709135     0.103216 
   0.000709323    0.0971813 
    0.00070951    0.0917142 
   0.000709698     0.086745 
   0.000709886    0.0822142 
   0.000710073    0.0780709 
   0.000710288     0.073744 
   0.000710503    0.0698127 
   0.000710718    0.0662293 
   0.000710933    0.0629533 
    0.00071122    0.0590037 
   0.000711487    0.0557049 
   0.000711753    0.0527191 
    0.00071202    0.0500071 
   0.000712287    0.0475356 
   0.000712642    0.0445657 
   0.000712955    0.0422171 
   0.000713268    0.0400859 
   0.000713477    0.0387727 
   0.000713894    0.0363745 
   0.000714312    0.0342415 
   0.000714783    0.0321041 
   0.000715254    0.0302063 
   0.000715724    0.0285131 
   0.000716195    0.0269963 
   0.000716666     0.025632 
   0.000717274    0.0240612 
   0.000717952    0.0225243 
   0.000718629    0.0211721 
   0.000719306    0.0199762 
   0.000719983    0.0189138 
   0.000720698    0.0179116 
    0.00072149    0.0169227 
   0.000722282    0.0160418 
   0.000723074    0.0152531 
   0.000723602    0.0147717 
   0.000724658    0.0138986 
   0.000725737    0.0131124 
   0.000726816    0.0124153 
   0.000727894    0.0117929 
   0.000728973     0.011234 
   0.000730135     0.010692 
   0.000731296     0.010202 
   0.000732457   0.00975709 
   0.000734117   0.00918749 
   0.000735612   0.00873057 
   0.000737108   0.00831905 
   0.000738806   0.00789659 
   0.000740606    0.0074941 
   0.000742406   0.00713097 
   0.000744295   0.00678602 
   0.000746185   0.00647296 
   0.000748523   0.00612285 
   0.000750679   0.00583116 
   0.000752836   0.00556541 
   0.000756071   0.00520812 
   0.000759323   0.00489184 
   0.000762408   0.00462339 
   0.000765411   0.00438862 
   0.000768413   0.00417546 
   0.000772416   0.00392104 
   0.000775856   0.00372618 
   0.000779588   0.00353449 
   0.000783466   0.00335601 
   0.000787344   0.00319461 
   0.000791222   0.00304931 
   0.000795725   0.00289758 
   0.000800365   0.00275784 
   0.000804656   0.00264192 
   0.000810376   0.00250547 
   0.000816097   0.00238696 
   0.000821817   0.00228444 
   0.000826409   0.00221264 
      0.000831   0.00214935 
   0.000837208   0.00207685 
   0.000843416   0.00201888 
   0.000849624   0.00197535 
   0.000855831   0.00194676 
   0.000861001   0.00193553 
   0.000863344   0.00193456 
   0.000868029   0.00194125 
   0.000872715   0.00196115 
   0.000876918   0.00199244 
   0.000881104   0.00203937 
   0.000883895   0.00208126 
   0.000886686   0.00213346 
    0.00088923   0.00219175 
   0.000891526   0.00225453 
   0.000894041   0.00233722 
    0.00089609   0.00241727 
   0.000898139   0.00251095 
   0.000899806   0.00259908 
   0.000901472   0.00269948 
   0.000903141   0.00281531 
   0.000904814   0.00294903 
   0.000906487   0.00310395 
   0.000907679   0.00322943 
   0.000908948   0.00337885 
   0.000910216   0.00354865 
   0.000911485   0.00374176 
   0.000912659    0.0039442 
   0.000913739    0.0041541 
   0.000914818   0.00439159 
   0.000915898   0.00466106 
   0.000916701   0.00488564 
    0.00091749    0.0051297 
   0.000918278   0.00539951 
   0.000919067   0.00569864 
   0.000919856   0.00603262 
   0.000920645   0.00640686 
   0.000921405   0.00681166 
   0.000922166   0.00726684 
   0.000922736   0.00764639 
   0.000923306   0.00806354 
   0.000923687   0.00836506 
   0.000924334   0.00892707 
   0.000924819   0.00939394 
   0.000925305   0.00990513 
    0.00092579    0.0104664 
   0.000926276    0.0110845 
   0.000926806    0.0118339 
   0.000927336     0.012673 
   0.000927734    0.0133701 
   0.000928132    0.0141336 
   0.000928516    0.0149433 
   0.000928875    0.0157698 
   0.000929234    0.0166737 
   0.000929593    0.0176652 
   0.000929952     0.018756 
    0.00093031    0.0199598 
   0.000930698    0.0214078 
   0.000930989    0.0226078 
    0.00093128    0.0239189 
   0.000931571    0.0253553 
   0.000931862    0.0269336 
   0.000932114    0.0284271 
   0.000932366    0.0300557 
   0.000932617    0.0318363 
   0.000932869    0.0337885 
    0.00093312    0.0359353 
   0.000933354    0.0381309 
    0.00093358    0.0404491 
   0.000933805     0.042995 
    0.00093403    0.0457996 
   0.000934255    0.0488995 
   0.000934464    0.0520665 
   0.000934638    0.0549702 
   0.000934813    0.0581332 
   0.000934987    0.0615877 
   0.000935162    0.0653711 
   0.000935336    0.0695272 
   0.000935495    0.0736749 
   0.000935653    0.0782187 
   0.000935812    0.0832117 
   0.000935971    0.0887162 
    0.00093613    0.0948062 
   0.000936272     0.100866 
   0.000936407     0.107162 
   0.000936543      0.11409 
   0.000936678     0.121741 
   0.000936813     0.130221 
    0.00093694     0.139061 
    0.00093705     0.147558 
   0.000937161     0.156898 
   0.000937272     0.167201 
   0.000937382     0.178612 
   0.000937493     0.191307 
   0.000937593     0.204042 
   0.000937693     0.218197 
   0.000937793      0.23402 
   0.000937892     0.251834 
   0.000937959     0.265021 
   0.000938026     0.279445 
   0.000938107     0.298962 
    0.00093816       0.3134 
   0.000938214     0.329195 
   0.000938268     0.346584 
   0.000938322     0.365863 
   0.000938376      0.38741 
    0.00093843     0.411698 
   0.000938481     0.437337 
   0.000938527     0.464241 
   0.000938562      0.48676 
   0.000938597     0.511619 
   0.000938632     0.539169 
   0.000938667     0.569817 
   0.000938702     0.604035 
   0.000938737     0.642366 
   0.000938772     0.685436 
   0.000938807     0.733961 
   0.000938841     0.786739 
   0.000938873     0.841665 
   0.000938904     0.903101 
   0.000938935     0.971889 
   0.000938967      1.04897 
   0.000938987      1.10548 
   0.000939008      1.16647 
   0.000939029       1.2323 
    0.00093905      1.30337 
   0.000939071      1.38007 
   0.000939092      1.46285 
   0.000939113      1.55216 
   0.000939134      1.64849 
   0.000939155      1.75237 
   0.000939181      1.89656 
   0.000939206      2.04045 
    0.00093923      2.19722 
   0.000939254      2.36791 
   0.000939278      2.55357 
   0.000939303      2.75536 
   0.000939327      2.97446 
   0.000939351       3.2121 
   0.000939375      3.46958 
     0.0009394      3.74823 
   0.000939424      4.04945 
   0.000939446      4.34424 
   0.000939468      4.65998 
    0.00093949      4.99779 
   0.000939512      5.35881 
   0.000939542      5.87827 
   0.000939571      6.44379 
   0.000939601      7.05814 
    0.00093963      7.72405 
   0.000939659      8.44421 
   0.000939685      9.10171 
    0.00093971      9.80193 
   0.000939735      10.5463 
    0.00093976      11.3363 
   0.000939785      12.1731 
   0.000939822      13.5186 
    0.00093986      14.9752 
   0.000939891      16.2534 
   0.000939922      17.6086 
   0.000939963      19.5357 
   0.000940004       21.599 
   0.000940043      23.6802 
   0.000940079      25.7557 
   0.000940135      29.0515 
   0.000940198      33.0481 
   0.000940276      38.3105 
   0.000940493      53.3869 
   0.000940571      58.4679 
   0.000940633      62.1907 
   0.000940694      65.4956 
    0.00094076      68.5255 
   0.000940804      70.1956 
   0.000940861       71.903 
   0.000940916      73.0145 
   0.000940963      73.5272 
      0.000941      73.6541 
   0.000941046      73.4526 
   0.000941102      72.6812 
   0.000941148      71.6245 
   0.000941188      70.4295 
   0.000941232      68.8064 
   0.000941298      65.8399 
   0.000941348      63.2002 
   0.000941412      59.4473 
   0.000941476      55.4061 
   0.000941558      49.8037 
   0.000941724      38.2201 
   0.000941799      33.2034 
   0.000941857      29.5282 
   0.000941916      26.0177 
   0.000941955      23.8124 
   0.000941995      21.6616 
   0.000942036      19.5811 
   0.000942078      17.6387 
   0.000942109      16.2732 
    0.00094214      14.9857 
   0.000942178      13.5045 
   0.000942216      12.1382 
   0.000942242      11.2895 
   0.000942267      10.4892 
   0.000942293      9.73597 
   0.000942318      9.02828 
   0.000942344      8.36461 
   0.000942372       7.6785 
     0.0009424      7.04214 
   0.000942428      6.45315 
   0.000942457      5.90911 
   0.000942485      5.40758 
   0.000942513      4.94614 
   0.000942542      4.52237 
    0.00094257       4.1339 
   0.000942596      3.80731 
   0.000942621      3.50661 
   0.000942647      3.23013 
   0.000942673      2.97624 
   0.000942699      2.74339 
   0.000942725      2.53007 
   0.000942751      2.33486 
   0.000942777      2.15641 
   0.000942803      1.99342 
   0.000942828      1.84469 
   0.000942856      1.70153 
   0.000942876      1.60429 
   0.000942896       1.5139 
   0.000942917      1.42991 
   0.000942937      1.35189 
   0.000942957      1.27942 
   0.000942977      1.21212 
   0.000943008      1.12007 
   0.000943038      1.03768 
   0.000943069      0.96392 
   0.000943099     0.897859 
   0.000943129     0.838645 
    0.00094316     0.785515 
   0.000943192     0.734804 
   0.000943226     0.688165 
   0.000943259     0.646549 
   0.000943292     0.609326 
   0.000943326      0.57594 
   0.000943359     0.545907 
   0.000943393     0.518803 
   0.000943426     0.494261 
    0.00094346     0.471959 
   0.000943504     0.445233 
   0.000943555     0.418186 
   0.000943598     0.397815 
   0.000943641     0.379372 
   0.000943699     0.357304 
   0.000943757     0.337641 
   0.000943814     0.319969 
   0.000943872     0.303965 
   0.000943929     0.289374 
   0.000943987     0.275994 
   0.000944051     0.262286 
   0.000944115     0.249708 
   0.000944212     0.232649 
   0.000944308     0.217432 
   0.000944404     0.203767 
   0.000944501     0.191431 
   0.000944612     0.178585 
   0.000944724      0.16705 
   0.000944835     0.156647 
   0.000944947     0.147225 
   0.000945058      0.13866 
   0.000945187     0.129695 
   0.000945325     0.121085 
   0.000945462     0.113332 
     0.0009456     0.106323 
   0.000945737    0.0999633 
   0.000945879    0.0939748 
   0.000946032    0.0881622 
   0.000946184    0.0828873 
   0.000946337    0.0780849 
   0.000946489    0.0736993 
   0.000946641    0.0696829 
   0.000946827     0.065223 
   0.000947013    0.0611892 
   0.000947199    0.0575286 
   0.000947385    0.0541959 
   0.000947571    0.0511528 
   0.000947779    0.0480569 
   0.000947997    0.0451021 
   0.000948216      0.04242 
   0.000948434    0.0399777 
   0.000948653    0.0377473 
   0.000948878    0.0356402 
   0.000949119    0.0335929 
   0.000949359    0.0317236 
   0.000949599    0.0300121 
   0.000949919    0.0279461 
   0.000950183    0.0264086 
   0.000950493    0.0247629 
   0.000950803    0.0232735 
   0.000951114    0.0219211 
   0.000951424    0.0206894 
   0.000951734    0.0195645 
   0.000952081      0.01842 
   0.000952427    0.0173794 
   0.000952773    0.0164305 
    0.00095312    0.0155626 
   0.000953582    0.0145162 
   0.000953982    0.0136983 
   0.000954383    0.0129535 
   0.000954784    0.0122732 
   0.000955184    0.0116503 
   0.000955719    0.0108982 
   0.000956213    0.0102726 
   0.000956707   0.00970557 
   0.000957201   0.00918987 
   0.000957695   0.00871954 
   0.000958354   0.00815423 
   0.000958901   0.00773135 
   0.000959449   0.00734581 
   0.000960179   0.00688261 
   0.000960909   0.00646982 
    0.00096172   0.00606193 
   0.000962388   0.00576009 
   0.000963056   0.00548544 
   0.000963947   0.00515622 
   0.000964838    0.0048639 
   0.000965678   0.00461706 
   0.000966517   0.00439386 
   0.000967077   0.00425696 
   0.000968197   0.00400847 
   0.000969316    0.0037892 
   0.000970543   0.00357727 
    0.00097177   0.00339051 
   0.000972997   0.00322515 
   0.000974224   0.00307809 
   0.000975562   0.00293578 
     0.0009769   0.00280982 
   0.000978238   0.00269712 
   0.000979575   0.00259631 
   0.000981489   0.00246982 
   0.000983403   0.00236111 
   0.000984679   0.00229688 
   0.000986983   0.00219505 
   0.000989287   0.00210873 
   0.000991591   0.00203538 
   0.000993894   0.00197284 
   0.000996163   0.00192026 
   0.000998431   0.00187534 
    0.00100117   0.00183005 
    0.00100513   0.00177895 
    0.00100883   0.00174379 
      0.001012   0.00172228 
    0.00101662   0.00170338 
    0.00102097   0.00169777 
    0.00102532   0.00170332 
    0.00102928     0.001718 
    0.00103316   0.00174132 
    0.00103727   0.00177666 
    0.00104138   0.00182412 
    0.00104531    0.0018827 
    0.00104788   0.00192879 
    0.00105085   0.00199137 
    0.00105382   0.00206538 
    0.00105687    0.0021558 
    0.00105917   0.00223498 
    0.00106108   0.00230968 
    0.00106338   0.00241155 
    0.00106527   0.00250668 
    0.00106747   0.00263355 
    0.00106968   0.00278041 
    0.00107172   0.00293701 
    0.00107367   0.00311153 
    0.00107498    0.0032429 
    0.00107627   0.00338681 
    0.00107755    0.0035447 
    0.00107883   0.00371996 
    0.00108011   0.00391622 
    0.00108135   0.00412885 
    0.00108255   0.00435934 
    0.00108375    0.0046177 
    0.00108495   0.00490811 
    0.00108609   0.00522105 
    0.00108717   0.00555655 
    0.00108798   0.00583646 
     0.0010888   0.00614416 
    0.00108961   0.00648342 
    0.00109032    0.0068097 
     0.0010912   0.00725734 
    0.00109186   0.00762917 
    0.00109252   0.00803627 
    0.00109318   0.00848334 
    0.00109376   0.00891463 
    0.00109449   0.00950648 
    0.00109521    0.0101692 
    0.00109575    0.0107198 
    0.00109629     0.011323 
    0.00109679    0.0119255 
    0.00109728    0.0125837 
    0.00109778    0.0133045 
    0.00109828    0.0140962 
    0.00109877    0.0149683 
     0.0010992     0.015796 
    0.00109973    0.0169199 
    0.00110012    0.0178508 
    0.00110051    0.0188673 
    0.00110091    0.0199802 
    0.00110128    0.0211221 
    0.00110164    0.0223282 
    0.00110199    0.0236476 
    0.00110235    0.0250953 
    0.00110271    0.0266884 
    0.00110305    0.0283431 
    0.00110334    0.0299377 
    0.00110364    0.0316781 
    0.00110394    0.0335825 
    0.00110424    0.0356725 
    0.00110453    0.0379729 
    0.00110478    0.0400945 
    0.00110503    0.0424066 
    0.00110528     0.044933 
    0.00110553    0.0477013 
    0.00110578    0.0507435 
    0.00110602    0.0538606 
    0.00110624    0.0571548 
    0.00110647    0.0607715 
    0.00110669    0.0647547 
    0.00110691    0.0691562 
    0.00110712    0.0736826 
     0.0011073    0.0779064 
    0.00110748     0.082516 
    0.00110766    0.0875606 
    0.00110784    0.0930977 
    0.00110801    0.0991946 
    0.00110817     0.105136 
    0.00110833     0.111645 
    0.00110849     0.118799 
    0.00110865     0.126688 
     0.0011088      0.13542 
    0.00110895     0.144256 
    0.00110909     0.153547 
    0.00110922     0.163802 
    0.00110936     0.175167 
     0.0011095     0.187813 
    0.00110963     0.200941 
    0.00110974     0.213347 
    0.00110985     0.227006 
    0.00110996     0.242109 
    0.00111007     0.258883 
    0.00111018     0.277618 
    0.00111028     0.296584 
    0.00111038     0.317808 
    0.00111044     0.333433 
    0.00111051     0.350437 
    0.00111058     0.369034 
    0.00111064     0.389493 
    0.00111071     0.412153 
    0.00111076     0.432949 
    0.00111082     0.455868 
    0.00111087     0.481293 
    0.00111093     0.509699 
    0.00111098     0.541671 
    0.00111103     0.568421 
    0.00111107      0.59795 
    0.00111111     0.630688 
    0.00111115     0.667137 
    0.00111118     0.701139 
    0.00111122      0.73859 
    0.00111125     0.779948 
    0.00111129     0.825727 
    0.00111132      0.87651 
    0.00111136     0.932956 
    0.00111139     0.995802 
    0.00111143      1.06587 
    0.00111146      1.14409 
     0.0011115      1.23147 
    0.00111153      1.32569 
    0.00111156      1.42297 
    0.00111159      1.53056 
    0.00111162      1.64954 
    0.00111166      1.78109 
    0.00111169      1.92649 
    0.00111172      2.08711 
    0.00111175      2.26441 
    0.00111178      2.45999 
    0.00111181      2.67552 
    0.00111184      2.91277 
    0.00111187      3.13597 
    0.00111189      3.35774 
    0.00111192       3.5964 
    0.00111194      3.85303 
    0.00111197      4.12869 
    0.00111199      4.42453 
    0.00111202      4.74169 
    0.00111204      5.08134 
    0.00111207      5.44468 
    0.00111208      5.70067 
    0.00111212      6.24728 
    0.00111215      6.77286 
    0.00111218      7.33873 
    0.00111221      7.94691 
    0.00111224      8.59934 
    0.00111226      9.29797 
    0.00111229      10.0446 
    0.00111232      10.8411 
    0.00111236      11.9972 
    0.00111239      12.9616 
    0.00111243      14.3409 
    0.00111247      15.8293 
    0.00111252      17.4286 
    0.00111256       19.361 
    0.00111261      21.4337 
    0.00111266      23.7859 
    0.00111271      26.5902 
    0.00111277      29.7004 
    0.00111284      33.9838 
    0.00111294      39.6192 
    0.00111313       52.096 
    0.00111321      56.4188 
    0.00111327      59.8268 
    0.00111333      62.8161 
    0.00111338       65.497 
    0.00111344      67.8164 
    0.00111349      69.5557 
    0.00111356      71.1892 
    0.00111362      72.1717 
    0.00111367      72.6136 
     0.0011137      72.7037 
    0.00111376      72.4308 
    0.00111382      71.6519 
    0.00111388      70.3837 
    0.00111392      69.1272 
    0.00111398      67.0734 
    0.00111403      64.6265 
    0.00111409      61.8358 
    0.00111416      58.2323 
    0.00111423      54.0265 
    0.00111433      48.0065 
    0.00111449      38.0112 
    0.00111457      33.0494 
    0.00111464       29.372 
    0.00111469       26.382 
    0.00111474      23.8544 
    0.00111479      21.4777 
    0.00111484      19.2587 
    0.00111488      17.7003 
    0.00111492      16.0995 
    0.00111496      14.6075 
      0.001115      13.2228 
    0.00111504      11.9429 
    0.00111508      10.7646 
    0.00111511      9.99894 
    0.00111514      9.24726 
    0.00111517      8.54454 
     0.0011152      7.88887 
    0.00111523      7.27827 
    0.00111526       6.7107 
    0.00111529      6.18407 
    0.00111532       5.6963 
    0.00111535      5.20481 
    0.00111537      4.83519 
     0.0011154      4.49147 
    0.00111543      4.17222 
    0.00111545      3.87605 
    0.00111548       3.6016 
    0.00111551      3.34754 
    0.00111553       3.1126 
    0.00111556      2.89554 
    0.00111559      2.69519 
    0.00111561      2.51042 
    0.00111564      2.30707 
    0.00111568      2.12296 
    0.00111571      1.95641 
    0.00111574      1.80585 
    0.00111577      1.66982 
     0.0011158      1.54697 
    0.00111583      1.43606 
    0.00111587      1.33592 
     0.0011159      1.24551 
    0.00111593      1.16386 
    0.00111596      1.08765 
      0.001116      1.01464 
    0.00111603     0.949227 
    0.00111607     0.890551 
     0.0011161     0.837832 
    0.00111614     0.790375 
    0.00111617     0.747562 
    0.00111621     0.708849 
    0.00111624     0.673754 
    0.00111628      0.64185 
    0.00111633     0.603637 
    0.00111637     0.571567 
    0.00111641     0.542725 
    0.00111644     0.525064 
     0.0011165     0.492983 
    0.00111656     0.464584 
    0.00111662     0.439239 
    0.00111668     0.416445 
    0.00111674       0.3958 
     0.0011168     0.376985 
    0.00111686     0.357343 
    0.00111693     0.339455 
      0.001117     0.323072 
     0.0011171     0.300899 
     0.0011172     0.281159 
     0.0011173     0.263458 
    0.00111741     0.246211 
    0.00111752     0.230129 
    0.00111764     0.215655 
    0.00111775     0.202568 
    0.00111786     0.190688 
    0.00111799     0.178964 
    0.00111813     0.166709 
    0.00111828     0.155713 
    0.00111842     0.145805 
    0.00111856     0.136842 
    0.00111871     0.128705 
    0.00111887       0.1205 
    0.00111903     0.113077 
    0.00111919     0.106337 
    0.00111935     0.100198 
    0.00111951    0.0945889 
    0.00111969    0.0888377 
    0.00111988    0.0833319 
    0.00112007    0.0783353 
    0.00112025    0.0737861 
    0.00112044    0.0696321 
    0.00112065    0.0655812 
    0.00112088    0.0614353 
     0.0011211    0.0576808 
    0.00112133    0.0542695 
    0.00112156    0.0511605 
    0.00112179     0.048319 
    0.00112204    0.0454568 
    0.00112229    0.0428495 
    0.00112255    0.0404675 
     0.0011228    0.0382856 
    0.00112314      0.03565 
    0.00112345    0.0334194 
    0.00112377    0.0313998 
    0.00112409    0.0295654 
     0.0011244     0.027894 
    0.00112472     0.026367 
    0.00112507    0.0248385 
    0.00112543    0.0233871 
    0.00112579    0.0220663 
    0.00112615    0.0208608 
    0.00112652    0.0197575 
     0.0011269    0.0187039 
     0.0011273    0.0176631 
    0.00112771    0.0167131 
    0.00112812    0.0158438 
    0.00112867    0.0147949 
    0.00112911    0.0140216 
    0.00112963    0.0132048 
    0.00113014    0.0124645 
    0.00113066    0.0117913 
    0.00113118    0.0111774 
    0.00113169    0.0106161 
    0.00113237   0.00994791 
    0.00113305    0.0093498 
    0.00113373   0.00881257 
    0.00113441   0.00832783 
    0.00113509   0.00788862 
    0.00113596   0.00738706 
    0.00113691   0.00689662 
    0.00113787   0.00646434 
    0.00113883   0.00608125 
    0.00113979   0.00573961 
    0.00114078   0.00542443 
    0.00114183   0.00512519 
    0.00114289   0.00485859 
    0.00114395   0.00462045 
    0.00114501   0.00440687 
    0.00114606   0.00421394 
    0.00114751   0.00397883 
    0.00114896   0.00377347 
    0.00115041   0.00359338 
    0.00115186   0.00343462 
    0.00115368   0.00325979 
     0.0011555   0.00310875 
     0.0011575   0.00296566 
    0.00115985   0.00282342 
     0.0011622   0.00270315 
    0.00116455    0.0026014 
     0.0011669   0.00251511 
    0.00116925   0.00244185 
    0.00117229   0.00236324 
    0.00117533   0.00229931 
    0.00117836   0.00224788 
     0.0011814   0.00220671 
    0.00118483   0.00217077 
    0.00118992    0.0021346 
     0.0011949   0.00211498 
    0.00120063    0.0021081 
    0.00120637   0.00211591 
    0.00121281   0.00213896 
    0.00121925    0.0021756 
    0.00122569   0.00222469 
    0.00123213   0.00228561 
     0.0012372   0.00234202 
    0.00124483   0.00244072 
    0.00125246   0.00255713 
    0.00126009   0.00269286 
    0.00126623   0.00281845 
    0.00127334   0.00298207 
     0.0012784   0.00311328 
    0.00128345   0.00325847 
    0.00128851   0.00341931 
    0.00129386   0.00360952 
    0.00129922   0.00382346 
    0.00130471   0.00407171 
    0.00130854   0.00426635 
    0.00131302   0.00451949 
    0.00131727   0.00479045 
    0.00132063   0.00503077 
    0.00132373   0.00527677 
    0.00132659   0.00552803 
    0.00132944   0.00580752 
     0.0013323   0.00612119 
    0.00133511   0.00647045 
    0.00133718   0.00676039 
    0.00133925   0.00708361 
    0.00134146   0.00747246 
    0.00134367   0.00791856 
    0.00134514   0.00825614 
    0.00134654    0.0086142 
    0.00134794    0.0090151 
    0.00134934   0.00946777 
    0.00135074   0.00998461 
    0.00135178    0.0104169 
    0.00135281    0.0109014 
    0.00135384    0.0114491 
    0.00135488    0.0120733 
    0.00135591    0.0127931 
    0.00135683    0.0135282 
    0.00135768    0.0143189 
    0.00135825    0.0149134 
    0.00135882     0.015572 
    0.00135939    0.0163057 
    0.00135996    0.0171279 
    0.00136052    0.0180548 
    0.00136098    0.0188851 
    0.00136149    0.0199309 
      0.001362    0.0211179 
    0.00136251    0.0224744 
    0.00136286    0.0234901 
     0.0013632      0.02461 
    0.00136354    0.0258499 
    0.00136387    0.0271785 
     0.0013642    0.0286574 
    0.00136453    0.0303115 
    0.00136485    0.0321708 
    0.00136518    0.0342725 
    0.00136545    0.0361842 
    0.00136569    0.0380532 
    0.00136592    0.0401179 
    0.00136616    0.0424079 
    0.00136639    0.0449585 
    0.00136655    0.0468245 
    0.00136678    0.0498394 
    0.00136701    0.0532329 
    0.00136718    0.0560676 
    0.00136736    0.0591889 
    0.00136752    0.0624751 
    0.00136767    0.0657448 
    0.00136782    0.0693332 
    0.00136797     0.073285 
    0.00136812    0.0776536 
    0.00136827    0.0825031 
     0.0013684    0.0873177 
    0.00136854    0.0926479 
    0.00136867    0.0985758 
     0.0013688     0.105203 
    0.00136894      0.11266 
    0.00136905     0.119769 
    0.00136916     0.126988 
    0.00136926     0.135051 
    0.00136936     0.144141 
    0.00136943     0.150891 
     0.0013695     0.158306 
    0.00136957     0.166121 
    0.00136963     0.174364 
    0.00136969      0.18354 
    0.00136976     0.193842 
    0.00136982     0.205516 
    0.00136987     0.215356 
    0.00136991     0.226302 
    0.00136996     0.238545 
    0.00137001     0.252313 
    0.00137005     0.267057 
    0.00137009     0.281863 
    0.00137013     0.298417 
    0.00137017     0.316981 
    0.00137021     0.337855 
    0.00137025     0.361382 
    0.00137029     0.387955 
    0.00137032     0.407578 
    0.00137035     0.428897 
    0.00137037     0.452068 
     0.0013704     0.477264 
    0.00137043     0.504669 
    0.00137045     0.534485 
    0.00137048      0.56388 
    0.00137051     0.607352 
    0.00137054     0.655568 
    0.00137058     0.709033 
    0.00137061     0.768293 
    0.00137064      0.83394 
    0.00137067     0.906613 
    0.00137071     0.986996 
    0.00137074      1.07583 
    0.00137077      1.17389 
    0.00137081      1.28203 
    0.00137084      1.39301 
    0.00137087      1.50993 
     0.0013709       1.6372 
    0.00137093      1.77559 
    0.00137096      1.92587 
    0.00137098      2.08887 
    0.00137101      2.26541 
    0.00137104      2.45639 
    0.00137107      2.66267 
     0.0013711      2.88516 
    0.00137113      3.12478 
    0.00137117      3.40424 
     0.0013712      3.70601 
    0.00137123      4.03124 
    0.00137126       4.3811 
    0.00137129      4.75673 
    0.00137133      5.15923 
    0.00137136      5.58966 
    0.00137139      6.04901 
    0.00137142      6.54509 
    0.00137145      7.07272 
    0.00137149      7.63267 
    0.00137152      8.22558 
    0.00137157      9.17787 
    0.00137162      10.2065 
    0.00137165      10.9348 
    0.00137169      11.9727 
    0.00137174      13.0712 
    0.00137178      14.2285 
    0.00137184      15.9899 
     0.0013719      17.6905 
    0.00137198      20.0744 
    0.00137208      23.3508 
    0.00137228      30.0467 
    0.00137238      33.1644 
    0.00137246      35.3246 
    0.00137253       37.141 
     0.0013726      38.6453 
    0.00137266      39.8561 
    0.00137273      40.7992 
     0.0013728      41.4704 
    0.00137286      41.8172 
     0.0013729      41.8664 
    0.00137296      41.7426 
    0.00137302      41.3109 
    0.00137309      40.6081 
    0.00137315      39.6018 
    0.00137322      38.3336 
    0.00137327      37.0569 
    0.00137334      35.2301 
    0.00137343      32.8774 
    0.00137351      30.3312 
    0.00137369       24.254 
    0.00137381      20.4898 
    0.00137389      18.0389 
    0.00137395      16.2126 
    0.00137401      14.4841 
    0.00137407      12.9427 
    0.00137412      11.6928 
    0.00137417      10.5236 
    0.00137421      9.70043 
    0.00137425      8.89638 
    0.00137429      8.09089 
    0.00137433      7.34107 
    0.00137437      6.64572 
    0.00137441      6.00325 
    0.00137446      5.41177 
    0.00137449      4.96671 
    0.00137452      4.55276 
    0.00137456      4.16861 
    0.00137459      3.81292 
    0.00137463      3.48427 
    0.00137466      3.18125 
    0.00137469      2.90244 
    0.00137473      2.64644 
    0.00137476      2.43862 
    0.00137479      2.24647 
    0.00137482      2.06906 
    0.00137485       1.9055 
    0.00137488      1.75489 
    0.00137491      1.61641 
    0.00137494      1.48923 
    0.00137497      1.37257 
      0.001375      1.26568 
    0.00137503      1.16785 
    0.00137506      1.07558 
    0.00137509     0.986436 
    0.00137513      0.90582 
    0.00137516     0.832987 
    0.00137519     0.767239 
    0.00137523      0.70793 
    0.00137526     0.654456 
    0.00137529     0.606265 
    0.00137533     0.562847 
    0.00137536     0.523735 
    0.00137539     0.488497 
    0.00137542     0.463946 
    0.00137545     0.438508 
    0.00137547     0.415236 
     0.0013755     0.393935 
    0.00137553     0.374424 
    0.00137556     0.356541 
     0.0013756     0.332441 
    0.00137565     0.311211 
    0.00137569     0.292459 
    0.00137573     0.275841 
    0.00137577     0.261063 
    0.00137582     0.247871 
    0.00137586     0.236046 
    0.00137591     0.224226 
    0.00137596     0.213657 
    0.00137599     0.207213 
    0.00137605     0.195558 
    0.00137611      0.18529 
    0.00137618      0.17616 
    0.00137624     0.167971 
    0.00137631     0.160567 
    0.00137637     0.153826 
    0.00137644     0.146728 
    0.00137655     0.137246 
    0.00137666     0.128908 
    0.00137677       0.1215 
    0.00137688     0.114868 
    0.00137701     0.107947 
    0.00137712      0.10261 
    0.00137724    0.0977562 
    0.00137735    0.0933254 
    0.00137751    0.0873667 
    0.00137768     0.082114 
    0.00137784    0.0774588 
    0.00137804     0.072647 
    0.00137823    0.0684232 
    0.00137843    0.0646971 
    0.00137862    0.0613954 
    0.00137882    0.0584585 
    0.00137905    0.0553264 
    0.00137931    0.0523641 
    0.00137956    0.0497894 
    0.00137982    0.0475436 
    0.00138008    0.0455794 
    0.00138038    0.0435709 
    0.00138064    0.0420579 
     0.0013809    0.0407347 
     0.0013813    0.0390565 
    0.00138169    0.0376919 
    0.00138209    0.0365934 
    0.00138247    0.0357417 
    0.00138284    0.0351091 
    0.00138333    0.0345062 
    0.00138382    0.0341487 
    0.00138431    0.0340135 
    0.00138474    0.0340682 
    0.00138518    0.0342815 
    0.00138562    0.0346507 
    0.00138605    0.0351766 
    0.00138649    0.0358633 
    0.00138696    0.0367763 
    0.00138743    0.0379273 
    0.00138791    0.0393135 
    0.00138839    0.0409633 
    0.00138887    0.0429133 
    0.00138931    0.0450353 
    0.00138969    0.0471038 
    0.00139006    0.0494565 
    0.00139044    0.0521372 
    0.00139081    0.0552007 
    0.00139119    0.0587152 
    0.00139149    0.0619403 
     0.0013918    0.0655691 
     0.0013921    0.0696677 
    0.00139241    0.0743171 
    0.00139261    0.0777711 
    0.00139289    0.0830689 
    0.00139312    0.0879658 
    0.00139335    0.0934308 
    0.00139358    0.0995556 
    0.00139381     0.106452 
    0.00139404     0.114257 
     0.0013942     0.120387 
    0.00139436     0.127122 
    0.00139452     0.134547 
    0.00139468      0.14276 
    0.00139484     0.151882 
    0.00139499     0.160771 
    0.00139512     0.169888 
    0.00139525     0.179927 
    0.00139538     0.191024 
    0.00139552     0.203342 
    0.00139564     0.216611 
    0.00139576     0.230383 
    0.00139588     0.245739 
      0.001396     0.262971 
    0.00139608     0.275684 
    0.00139616     0.289543 
    0.00139624     0.304723 
    0.00139634     0.325294 
     0.0013964     0.340533 
    0.00139647     0.357219 
    0.00139653       0.3756 
     0.0013966     0.395981 
    0.00139666     0.418743 
    0.00139673     0.444362 
    0.00139679      0.47134 
    0.00139684     0.499554 
     0.0013969     0.531431 
    0.00139694     0.558156 
    0.00139698     0.587671 
    0.00139702     0.620373 
    0.00139706     0.656709 
    0.00139711     0.697193 
    0.00139715     0.742407 
    0.00139719     0.793015 
    0.00139723     0.845599 
    0.00139727     0.901869 
     0.0013973     0.964357 
    0.00139734      1.03381 
    0.00139738      1.11104 
    0.00139742      1.19695 
    0.00139745      1.29253 
    0.00139749      1.39885 
    0.00139753      1.51709 
    0.00139757      1.64851 
     0.0013976      1.79449 
    0.00139764      1.93541 
    0.00139767      2.08968 
     0.0013977      2.25841 
    0.00139774      2.44278 
    0.00139777      2.64404 
     0.0013978      2.86348 
    0.00139783      3.10244 
    0.00139787      3.36234 
     0.0013979      3.64464 
    0.00139793      3.95079 
    0.00139797      4.29419 
      0.001398      4.69223 
    0.00139804      5.12523 
    0.00139808      5.59526 
    0.00139811      6.10445 
    0.00139815      6.65484 
    0.00139818      7.14301 
    0.00139821      7.66186 
    0.00139824      8.21247 
    0.00139827      8.79581 
    0.00139831      9.60462 
    0.00139835      10.4721 
    0.00139839      11.4921 
    0.00139843      12.6257 
    0.00139848      14.0049 
    0.00139854      15.5673 
    0.00139859      17.2858 
    0.00139865      19.3568 
    0.00139872      21.8196 
    0.00139878      24.2382 
    0.00139887      27.7103 
    0.00139899      33.1859 
    0.00139916      40.5735 
    0.00139925       44.162 
    0.00139933       47.175 
     0.0013994      49.5582 
    0.00139946      51.6683 
    0.00139953      53.3781 
     0.0013996      54.8914 
    0.00139967      55.9315 
    0.00139974      56.5555 
     0.0013998      56.7494 
    0.00139987       56.518 
    0.00139994      55.8569 
    0.00140001      54.7816 
    0.00140006       53.718 
    0.00140012      51.9832 
    0.00140019      49.9226 
    0.00140026      47.5814 
    0.00140034      44.5727 
    0.00140042      41.0831 
    0.00140071      28.9409 
     0.0014008      25.1001 
    0.00140087      22.1512 
    0.00140092      20.2885 
    0.00140098      18.3855 
    0.00140104      16.4721 
    0.00140108      15.1253 
    0.00140112      13.8555 
    0.00140117      12.6633 
    0.00140121      11.4807 
    0.00140126       10.353 
    0.00140129      9.65083 
    0.00140132      8.98734 
    0.00140135      8.36164 
    0.00140139      7.77267 
    0.00140142      7.21929 
    0.00140145      6.67577 
    0.00140149      6.14579 
    0.00140152      5.65385 
    0.00140156      5.19811 
    0.00140159      4.77674 
    0.00140162      4.38788 
    0.00140166      4.02967 
    0.00140169      3.70027 
    0.00140172      3.45721 
    0.00140175      3.20473 
    0.00140178      2.97134 
    0.00140181      2.75583 
    0.00140185      2.55706 
    0.00140188      2.37392 
    0.00140191      2.20535 
    0.00140194      2.05032 
    0.00140197      1.90786 
      0.001402      1.77706 
    0.00140203      1.65704 
    0.00140207      1.53272 
     0.0014021      1.41372 
    0.00140214      1.30663 
    0.00140218      1.21027 
    0.00140222       1.1236 
    0.00140225      1.04562 
    0.00140229     0.975449 
    0.00140233      0.91227 
    0.00140236     0.855347 
     0.0014024     0.804012 
    0.00140244     0.757663 
    0.00140248     0.711636 
    0.00140252     0.670374 
    0.00140256     0.633299 
     0.0014026     0.599906 
    0.00140265     0.569745 
    0.00140269     0.542423 
    0.00140274     0.509823 
     0.0014028     0.480968 
    0.00140285     0.455277 
    0.00140291     0.429502 
    0.00140298      0.40413 
    0.00140305     0.381649 
    0.00140312     0.361562 
    0.00140319     0.343476 
    0.00140326     0.327077 
    0.00140333     0.312118 
    0.00140343      0.29195 
    0.00140351     0.278098 
    0.00140363     0.259419 
    0.00140374     0.242859 
    0.00140386     0.228068 
    0.00140398     0.214776 
     0.0014041     0.202288 
    0.00140424     0.190133 
    0.00140437      0.17919 
     0.0014045     0.169294 
    0.00140464     0.160311 
    0.00140477     0.152129 
    0.00140494     0.142797 
    0.00140511     0.134432 
    0.00140528     0.126901 
    0.00140545     0.120096 
    0.00140561     0.113925 
    0.00140579      0.10791 
    0.00140598     0.102277 
    0.00140617    0.0971716 
    0.00140636    0.0925291 
    0.00140654    0.0882954 
    0.00140675    0.0840475 
      0.001407    0.0795101 
    0.00140724    0.0754427 
    0.00140748    0.0717833 
    0.00140765    0.0695442 
    0.00140797    0.0654882 
    0.00140831    0.0618648 
    0.00140864    0.0586704 
    0.00140897    0.0558425 
     0.0014093    0.0533296 
    0.00140963    0.0510887 
    0.00140993    0.0493143 
    0.00141029    0.0473339 
    0.00141065    0.0455699 
    0.00141119    0.0432716 
    0.00141174    0.0413245 
    0.00141228     0.039668 
    0.00141292    0.0380206 
    0.00141348    0.0368143 
    0.00141404    0.0357888 
    0.00141488     0.034534 
    0.00141572    0.0335602 
    0.00141657    0.0328168 
    0.00141756     0.032185 
    0.00141842    0.0318159 
    0.00141928    0.0315869 
    0.00142057    0.0314671 
     0.0014217    0.0315533 
    0.00142284    0.0317957 
    0.00142435    0.0323344 
    0.00142586    0.0330942 
    0.00142729    0.0339993 
    0.00142862    0.0350099 
    0.00142996    0.0361751 
     0.0014313    0.0374982 
    0.00143263    0.0389828 
    0.00143396    0.0406345 
    0.00143529     0.042467 
    0.00143662    0.0444952 
    0.00143799    0.0467982 
    0.00143939    0.0494159 
    0.00144079    0.0523234 
    0.00144219    0.0555555 
    0.00144362    0.0592367 
    0.00144508    0.0634475 
    0.00144617     0.066944 
    0.00144727    0.0707687 
    0.00144836    0.0749616 
     0.0014494    0.0793119 
    0.00145041    0.0839386 
    0.00145142    0.0890077 
    0.00145242    0.0945733 
    0.00145343     0.100697 
     0.0014541      0.10513 
    0.00145503     0.111756 
    0.00145595     0.119053 
    0.00145688     0.127107 
    0.00145781      0.13603 
    0.00145862      0.14473 
    0.00145944     0.154314 
    0.00145998     0.161252 
    0.00146072     0.171433 
    0.00146146     0.182627 
     0.0014622     0.195008 
    0.00146297     0.209436 
    0.00146373     0.225143 
    0.00146442     0.241018 
    0.00146501     0.256048 
     0.0014656     0.272402 
    0.00146623     0.291869 
    0.00146686     0.313519 
     0.0014673     0.330152 
     0.0014679     0.354946 
    0.00146838     0.376562 
    0.00146885     0.400226 
    0.00146932     0.425712 
    0.00146978     0.453454 
    0.00147024     0.484014 
    0.00147069     0.516792 
    0.00147113     0.553033 
    0.00147158     0.593244 
    0.00147203     0.638026 
    0.00147248     0.688102 
    0.00147278     0.724847 
    0.00147308     0.764629 
    0.00147337      0.80779 
    0.00147367     0.854726 
    0.00147397     0.905891 
    0.00147427     0.961807 
    0.00147457      1.02308 
    0.00147487      1.09043 
    0.00147517      1.16467 
    0.00147547      1.24679 
    0.00147576      1.33793 
    0.00147599      1.41303 
    0.00147621      1.49465 
    0.00147643      1.57986 
    0.00147664      1.67259 
    0.00147686      1.77375 
    0.00147707      1.88439 
    0.00147729      2.00574 
    0.00147748      2.12375 
    0.00147766      2.24413 
    0.00147784      2.37506 
    0.00147802      2.51781 
     0.0014782      2.67385 
    0.00147838      2.84487 
    0.00147856      3.03285 
    0.00147873      3.24009 
    0.00147891      3.46931 
    0.00147909      3.72369 
    0.00147927      4.00703 
    0.00147945      4.32381 
    0.00147957       4.5562 
    0.00147969      4.80768 
    0.00147981      5.08035 
    0.00147993      5.37658 
    0.00148005      5.69906 
    0.00148017      6.05086 
    0.00148028      6.40538 
    0.00148038      6.75853 
    0.00148048      7.14067 
    0.00148058      7.55477 
    0.00148069      8.00414 
    0.00148079      8.49242 
    0.00148089      9.02361 
    0.00148099      9.60206 
     0.0014811      10.2908 
    0.00148122      11.1122 
    0.00148131      11.7859 
     0.0014814      12.5131 
    0.00148149       13.298 
    0.00148158      14.1445 
    0.00148167      15.0565 
    0.00148176      16.0377 
    0.00148188      17.4593 
      0.001482      19.0163 
    0.00148212      20.7128 
    0.00148224      22.5495 
    0.00148236      24.5231 
    0.00148247      26.6249 
    0.00148265      29.9836 
    0.00148295      35.9136 
    0.00148315      39.8106 
    0.00148328      42.2738 
    0.00148341      44.5447 
    0.00148354      46.4659 
    0.00148366      48.0153 
    0.00148378      49.2432 
     0.0014839      50.1112 
    0.00148399      50.5185 
     0.0014841      50.6873 
    0.00148422      50.4722 
    0.00148434      49.8643 
    0.00148446      48.8831 
    0.00148458      47.5841 
    0.00148469      45.9924 
    0.00148477      44.7906 
    0.00148492       42.115 
    0.00148508      39.1778 
     0.0014855      30.8591 
    0.00148568      27.4474 
     0.0014858      25.3005 
    0.00148592      23.2769 
    0.00148604      21.3874 
    0.00148616      19.6374 
    0.00148627      18.0275 
    0.00148639      16.5549 
    0.00148648      15.5371 
    0.00148657      14.5903 
    0.00148666      13.7109 
    0.00148675      12.8951 
    0.00148684      12.1389 
    0.00148693      11.4384 
    0.00148704      10.6862 
    0.00148713      10.0929 
    0.00148722      9.54322 
    0.00148731      9.03374 
     0.0014874      8.56119 
    0.00148753      7.91508 
    0.00148766      7.33607 
    0.00148777      6.92685 
    0.00148789      6.49841 
    0.00148801      6.10749 
    0.00148813      5.75004 
    0.00148825      5.42252 
    0.00148837       5.1218 
    0.00148849      4.84511 
    0.00148861      4.59003 
    0.00148872       4.3544 
     0.0014889      4.03337 
    0.00148908      3.74641 
    0.00148926       3.4889 
    0.00148944      3.25699 
    0.00148962      3.04741 
     0.0014898       2.8574 
    0.00148998      2.68461 
    0.00149016      2.52703 
    0.00149034      2.38292 
    0.00149052       2.2508 
    0.00149072      2.11681 
    0.00149092      1.98873 
    0.00149113      1.87194 
    0.00149134      1.76515 
    0.00149155      1.66725 
    0.00149176      1.57511 
    0.00149199      1.48644 
    0.00149221      1.40505 
    0.00149244      1.33018 
    0.00149273      1.23933 
    0.00149302      1.16138 
    0.00149329      1.09414 
    0.00149356      1.03257 
    0.00149382     0.976053 
    0.00149409     0.924049 
    0.00149436     0.876089 
    0.00149463     0.831765 
    0.00149503     0.771326 
    0.00149533     0.730704 
    0.00149563     0.693209 
    0.00149608     0.642156 
    0.00149653     0.596543 
    0.00149698     0.555625 
    0.00149742      0.51878 
    0.00149778     0.492293 
    0.00149831     0.456216 
    0.00149884     0.423969 
    0.00149936     0.395023 
    0.00149989     0.368941 
    0.00150045     0.344212 
    0.00150106     0.319836 
    0.00150167      0.29796 
    0.00150228     0.278256 
    0.00150289     0.260444 
     0.0015035     0.244291 
    0.00150417     0.228282 
    0.00150484     0.213796 
     0.0015055     0.200647 
    0.00150617     0.188675 
    0.00150684     0.177743 
    0.00150755     0.167113 
    0.00150828     0.157127 
    0.00150902     0.148011 
    0.00150975     0.139669 
    0.00151048     0.132013 
    0.00151126     0.124547 
    0.00151213     0.116929 
      0.001513      0.10999 
    0.00151387     0.103651 
    0.00151474     0.097846 
    0.00151562    0.0925161 
    0.00151653    0.0873615 
    0.00151745    0.0826271 
    0.00151867    0.0768915 
    0.00151989    0.0717341 
    0.00152089    0.0679208 
    0.00152203     0.063895 
    0.00152317    0.0602236 
    0.00152432    0.0568585 
    0.00152546    0.0537622 
     0.0015266    0.0509139 
    0.00152815    0.0474057 
     0.0015297    0.0442499 
    0.00153125    0.0414007 
     0.0015328    0.0388195 
    0.00153434    0.0364738 
    0.00153589    0.0343358 
    0.00153744    0.0323818 
    0.00153899    0.0305921 
    0.00154049    0.0289975 
    0.00154199    0.0275246 
    0.00154424     0.025519 
    0.00154649    0.0237272 
    0.00154874    0.0221197 
    0.00155099    0.0206724 
    0.00155346    0.0192442 
    0.00155593    0.0179623 
    0.00155839    0.0168126 
    0.00156081    0.0157846 
    0.00156323      0.01485 
    0.00156565    0.0139979 
    0.00156808    0.0132189 
     0.0015705    0.0125051 
    0.00157309    0.0118043 
    0.00157569    0.0111632 
    0.00157895    0.0104327 
      0.001582   0.00981356 
    0.00158497   0.00926431 
    0.00158787    0.0087747 
    0.00159113   0.00827155 
    0.00159475   0.00776694 
    0.00159801   0.00735257 
    0.00160236   0.00685294 
    0.00160588   0.00648902 
     0.0016094   0.00615649 
    0.00161292   0.00585237 
    0.00161643   0.00557329 
    0.00162143   0.00521601 
    0.00162604   0.00492173 
    0.00163095   0.00464143 
    0.00163684   0.00434526 
    0.00164155    0.0041355 
    0.00164627   0.00394832 
    0.00165124   0.00377407 
    0.00165674   0.00360359 
    0.00166146   0.00347777 
    0.00166618   0.00336865 
    0.00167089   0.00327682 
    0.00167561    0.0032016 
    0.00167993   0.00314827 
    0.00168453   0.00310872 
    0.00168927   0.00308869 
    0.00169085   0.00308727 
    0.00169453   0.00309475 
    0.00169822   0.00311943 
    0.00170199   0.00316587 
    0.00170481    0.0032173 
    0.00170764   0.00328552 
    0.00171047   0.00337371 
    0.00171329   0.00348554 
    0.00171548   0.00359173 
    0.00171767   0.00371859 
    0.00171986    0.0038698 
    0.00172205   0.00404972 
    0.00172351    0.0041887 
    0.00172497   0.00434635 
    0.00172652   0.00453709 
    0.00172807   0.00475496 
    0.00172963   0.00500444 
    0.00173079   0.00521623 
    0.00173191   0.00544408 
    0.00173302   0.00569314 
    0.00173412     0.005971 
    0.00173522   0.00628194 
    0.00173633   0.00663111 
    0.00173737   0.00700278 
     0.0017383   0.00737166 
    0.00173923   0.00778235 
    0.00174016   0.00824129 
    0.00174109   0.00875603 
    0.00174202   0.00933602 
    0.00174286   0.00993121 
    0.00174371    0.0106004 
    0.00174434    0.0111582 
    0.00174498    0.0117709 
     0.0017454    0.0122134 
    0.00174611     0.013028 
    0.00174683    0.0139418 
    0.00174736    0.0147023 
     0.0017479    0.0155365 
    0.00174841    0.0164216 
    0.00174889    0.0173238 
    0.00174937    0.0183118 
    0.00174985    0.0193967 
    0.00175033    0.0205918 
    0.00175082    0.0219124 
    0.00175132    0.0234638 
     0.0017517     0.024748 
    0.00175208    0.0261496 
    0.00175246    0.0276835 
    0.00175285    0.0293667 
    0.00175318     0.031001 
    0.00175352     0.032785 
    0.00175386    0.0347375 
     0.0017542    0.0368808 
    0.00175453    0.0392405 
    0.00175484    0.0416156 
    0.00175514    0.0440983 
    0.00175543    0.0468214 
    0.00175573    0.0498172 
    0.00175602    0.0531238 
     0.0017563    0.0565258 
    0.00175653    0.0597106 
    0.00175677    0.0631841 
      0.001757    0.0669825 
    0.00175724    0.0711483 
    0.00175747    0.0757311 
    0.00175768    0.0802914 
     0.0017579    0.0852929 
    0.00175811    0.0907955 
    0.00175832    0.0968698 
    0.00175853       0.1036 
    0.00175872     0.110199 
     0.0017589     0.116991 
    0.00175908     0.124458 
    0.00175925     0.132695 
    0.00175943     0.141817 
     0.0017596     0.151396 
    0.00175975     0.160789 
    0.00175989     0.171133 
    0.00176004     0.182566 
    0.00176019     0.195257 
    0.00176034     0.209414 
    0.00176047     0.223598 
    0.00176061     0.239406 
    0.00176074     0.257133 
    0.00176083     0.270201 
    0.00176092     0.284431 
    0.00176101     0.299998 
    0.00176109      0.31526 
    0.00176119     0.337754 
    0.00176126     0.354434 
    0.00176134     0.372706 
    0.00176141     0.392835 
    0.00176148      0.41514 
    0.00176155     0.440017 
    0.00176162     0.467947 
    0.00176168     0.495754 
    0.00176174     0.526928 
    0.00176181     0.562068 
    0.00176185     0.591449 
     0.0017619     0.623809 
    0.00176195     0.659542 
    0.00176199     0.699097 
    0.00176204     0.742984 
    0.00176209     0.791772 
    0.00176213     0.843678 
    0.00176217     0.895939 
    0.00176221     0.953473 
    0.00176226      1.01686 
     0.0017623      1.08673 
    0.00176234      1.16379 
    0.00176238      1.24878 
    0.00176242      1.34252 
    0.00176246       1.4459 
     0.0017625      1.55988 
    0.00176254      1.68547 
    0.00176258      1.80426 
    0.00176261      1.92283 
    0.00176264      2.05071 
    0.00176268      2.18858 
    0.00176271      2.33709 
    0.00176274      2.49695 
    0.00176277      2.66888 
    0.00176281      2.85364 
    0.00176284      3.05199 
    0.00176287      3.26472 
     0.0017629      3.49264 
    0.00176294      3.76219 
    0.00176298      4.05227 
    0.00176301      4.36399 
    0.00176305      4.69848 
    0.00176308      5.05685 
    0.00176312      5.44019 
    0.00176316      5.84959 
    0.00176319      6.28606 
    0.00176324      6.90696 
    0.00176329      7.57914 
    0.00176332      8.05672 
    0.00176337      8.81852 
    0.00176341      9.63604 
    0.00176346      10.5104 
    0.00176352      11.6354 
    0.00176357      12.8091 
    0.00176363      14.1634 
     0.0017637      15.8293 
    0.00176376      17.2885 
    0.00176385      19.6475 
    0.00176395      22.5844 
    0.00176408      26.5711 
    0.00176428      32.5426 
    0.00176437      35.2687 
    0.00176447      37.8699 
    0.00176454      39.6431 
    0.00176461      41.2276 
    0.00176469      42.7573 
    0.00176476      43.8429 
    0.00176484       44.658 
    0.00176491      45.1986 
    0.00176499      45.4231 
      0.001765      45.4265 
    0.00176506      45.3021 
    0.00176514      44.8401 
    0.00176521      44.1062 
    0.00176529      43.0966 
    0.00176535       41.969 
    0.00176544       40.121 
    0.00176549      38.9933 
    0.00176558      36.5124 
    0.00176568      33.7971 
    0.00176583      29.2237 
    0.00176601      23.7273 
    0.00176612      20.5637 
    0.00176621      18.1519 
    0.00176627      16.5763 
    0.00176634      14.7199 
     0.0017664      13.2466 
    0.00176646      12.0284 
    0.00176652      10.8907 
    0.00176657      9.83358 
    0.00176663      8.85635 
    0.00176667      8.24845 
    0.00176671      7.64739 
    0.00176675      7.05744 
    0.00176679      6.50636 
    0.00176683       5.9928 
    0.00176687      5.51531 
    0.00176691      5.07232 
    0.00176696      4.66224 
      0.001767      4.28339 
    0.00176704      3.91854 
    0.00176707      3.65407 
    0.00176711      3.40736 
    0.00176714      3.17749 
    0.00176718      2.96356 
    0.00176721      2.76467 
    0.00176724      2.57995 
    0.00176728      2.40856 
    0.00176731       2.2497 
    0.00176734      2.10256 
    0.00176738      1.96638 
    0.00176742      1.82292 
    0.00176746      1.69185 
    0.00176749      1.57219 
    0.00176753      1.46301 
    0.00176757      1.36344 
    0.00176761      1.27266 
    0.00176765      1.18992 
    0.00176769      1.11449 
    0.00176773      1.04573 
    0.00176777     0.983029 
    0.00176781     0.923522 
    0.00176785     0.865235 
    0.00176789     0.812591 
    0.00176794     0.764991 
    0.00176798      0.72189 
    0.00176802     0.682798 
    0.00176807     0.647278 
    0.00176811     0.614941 
    0.00176817     0.576176 
    0.00176823     0.541728 
    0.00176828     0.516399 
    0.00176833     0.489702 
    0.00176839     0.465542 
    0.00176844     0.443585 
    0.00176852      0.41725 
    0.00176859     0.393766 
    0.00176866     0.372678 
    0.00176874     0.353618 
    0.00176881     0.336286 
    0.00176889      0.31959 
    0.00176897     0.303542 
    0.00176905     0.288856 
    0.00176917     0.269002 
     0.0017693     0.251345 
    0.00176942      0.23553 
    0.00176955     0.220433 
     0.0017697     0.205327 
    0.00176984     0.191811 
    0.00176999     0.179655 
    0.00177013     0.168673 
    0.00177028     0.158711 
    0.00177045     0.147891 
    0.00177063      0.13818 
    0.00177081     0.129429 
    0.00177098     0.121512 
    0.00177116     0.114322 
    0.00177134      0.10734 
    0.00177154     0.100802 
    0.00177173    0.0948604 
    0.00177193    0.0894445 
    0.00177212    0.0844926 
    0.00177233    0.0795839 
    0.00177257    0.0744359 
    0.00177282    0.0697854 
    0.00177306    0.0655695 
     0.0017733     0.061735 
    0.00177355    0.0582369 
    0.00177382    0.0545928 
     0.0017741    0.0512904 
    0.00177438    0.0482879 
    0.00177466    0.0455496 
    0.00177494    0.0430452 
    0.00177524    0.0405626 
    0.00177556    0.0382115 
    0.00177587    0.0360661 
    0.00177618    0.0341032 
     0.0017765    0.0323025 
    0.00177684    0.0305079 
    0.00177724    0.0286139 
    0.00177763    0.0268984 
    0.00177803    0.0253395 
    0.00177843    0.0239188 
    0.00177882    0.0226202 
    0.00177926    0.0213025 
    0.00177971     0.020103 
    0.00178015     0.019008 
    0.00178059    0.0180057 
    0.00178118    0.0167957 
     0.0017817    0.0158246 
    0.00178222    0.0149413 
    0.00178275    0.0141356 
    0.00178327    0.0133986 
    0.00178397    0.0125098 
     0.0017846    0.0117878 
    0.00178523    0.0111324 
    0.00178586    0.0105357 
     0.0017865   0.00999079 
    0.00178734   0.00933477 
    0.00178803    0.0088451 
    0.00178873   0.00839785 
    0.00178966   0.00785937 
    0.00179059   0.00737835 
    0.00179164   0.00689498 
    0.00179251    0.0065327 
    0.00179338   0.00620311 
    0.00179455   0.00580793 
    0.00179571   0.00545649 
    0.00179683   0.00515576 
    0.00179794   0.00488456 
    0.00179906    0.0046387 
    0.00180017   0.00441558 
    0.00180166   0.00414866 
    0.00180316    0.0039089 
    0.00180467   0.00369573 
    0.00180617   0.00350451 
    0.00180768   0.00333219 
    0.00180923   0.00317174 
    0.00181079   0.00302705 
    0.00181234   0.00289618 
    0.00181468   0.00272134 
    0.00181701   0.00256814 
    0.00181934   0.00243327 
    0.00182174   0.00231082 
    0.00182416   0.00220091 
    0.00182658   0.00210289 
    0.00182911   0.00201139 
    0.00183164   0.00192937 
    0.00183433   0.00185088 
    0.00183735   0.00177252 
    0.00184138    0.0016803 
    0.00184527   0.00160287 
    0.00184916   0.00153472 
    0.00185306   0.00147448 
    0.00185695    0.0014208 
    0.00186198   0.00135976 
      0.001867   0.00130615 
     0.0018737   0.00124453 
    0.00188041   0.00119193 
    0.00188808   0.00114057 
    0.00189674   0.00109172 
     0.0019054   0.00105059 
    0.00191405   0.00101574 
    0.00192397  0.000982176 
    0.00193515  0.000951003 
    0.00194633  0.000925734 
    0.00195751  0.000905456 
    0.00196804  0.000890394 
    0.00198325  0.000874502 
    0.00199693  0.000865532 
    0.00201402  0.000860692 
    0.00201744  0.000860547 
    0.00203345  0.000863458 
    0.00204603  0.000869734 
    0.00205861  0.000879556 
    0.00207108   0.00089288 
    0.00208332  0.000909595 
    0.00209599  0.000930932 
    0.00210973  0.000959052 
      0.002124  0.000994378 
    0.00213827   0.00103673 
    0.00214897    0.0010739 
    0.00216235   0.00112721 
    0.00217216   0.00117231 
    0.00218198    0.0012231 
    0.00219179    0.0012804 
    0.00220068   0.00133893 
    0.00220957   0.00140408 
    0.00221855   0.00147854 
    0.00222769   0.00156366 
    0.00223378   0.00162697 
    0.00223988   0.00169607 
    0.00224902   0.00181195 
    0.00225588   0.00191042 
    0.00226357    0.0020346 
    0.00226898   0.00213204 
     0.0022737   0.00222473 
    0.00228019   0.00236528 
     0.0022855   0.00249381 
     0.0022908    0.0026362 
    0.00229611   0.00279456 
    0.00229965   0.00291023 
    0.00230438   0.00307974 
    0.00230911   0.00326732 
    0.00231443   0.00350416 
    0.00231809   0.00368576 
    0.00232185   0.00389075 
     0.0023256   0.00411678 
    0.00232936   0.00436696 
    0.00233301   0.00463706 
    0.00233655   0.00492585 
    0.00234008   0.00524849 
    0.00234362   0.00560917 
    0.00234627   0.00590847 
    0.00234892   0.00623595 
    0.00235158   0.00659537 
    0.00235418   0.00698374 
    0.00235677   0.00740826 
    0.00235935   0.00787791 
    0.00236222   0.00846156 
    0.00236414   0.00889169 
    0.00236606   0.00935917 
    0.00236788   0.00984287 
    0.00236961    0.0103412 
    0.00237134    0.0108818 
    0.00237307    0.0114702 
    0.00237489    0.0121469 
     0.0023768    0.0129289 
    0.00237871    0.0137957 
    0.00238062    0.0147601 
    0.00238249    0.0158153 
    0.00238432    0.0169712 
     0.0023857    0.0179292 
    0.00238707    0.0189766 
    0.00238845    0.0201251 
    0.00238972    0.0212958 
    0.00239096    0.0225279 
    0.00239219    0.0238765 
    0.00239342    0.0253569 
    0.00239465    0.0269866 
    0.00239547    0.0281661 
    0.00239674    0.0301595 
    0.00239801    0.0323835 
    0.00239896    0.0342245 
    0.00239992     0.036234 
    0.00240084    0.0383641 
    0.00240171     0.040544 
    0.00240258    0.0429221 
    0.00240344    0.0455229 
    0.00240431     0.048376 
    0.00240518    0.0515157 
    0.00240592    0.0544427 
    0.00240665    0.0576343 
    0.00240739    0.0611233 
    0.00240813    0.0649475 
    0.00240887    0.0691511 
    0.00240958    0.0735992 
    0.00241027    0.0783987 
    0.00241097    0.0836958 
    0.00241154    0.0884724 
    0.00241211     0.093679 
    0.00241268    0.0993691 
    0.00241325     0.105605 
    0.00241377     0.111742 
    0.00241432     0.118962 
    0.00241493     0.127859 
    0.00241549     0.136834 
    0.00241606     0.147075 
    0.00241655     0.156727 
    0.00241698     0.166068 
     0.0024174     0.176282 
    0.00241787     0.188661 
    0.00241825      0.19937 
     0.0024187     0.213823 
    0.00241911     0.228049 
    0.00241951     0.243763 
    0.00241992      0.26118 
    0.00242032     0.280558 
    0.00242073     0.302205 
      0.002421     0.318076 
    0.00242127     0.335247 
    0.00242154     0.353866 
    0.00242181       0.3741 
    0.00242208     0.396142 
    0.00242235     0.420218 
    0.00242262     0.446587 
    0.00242289     0.475553 
    0.00242316      0.50747 
    0.00242343     0.542758 
     0.0024237     0.581914 
     0.0024239     0.614844 
    0.00242412     0.652163 
    0.00242433      0.69304 
    0.00242455     0.737947 
    0.00242476      0.78744 
    0.00242498     0.842174 
    0.00242519     0.903331 
    0.00242535     0.953762 
    0.00242552      1.00862 
    0.00242568      1.06845 
    0.00242584      1.13387 
      0.002426      1.20562 
    0.00242616      1.28456 
    0.00242633      1.37167 
    0.00242649      1.46814 
    0.00242665      1.57537 
    0.00242681        1.695 
    0.00242697        1.829 
    0.00242708      1.92745 
    0.00242719      2.03411 
     0.0024273      2.14987 
    0.00242741      2.27573 
    0.00242751       2.4128 
    0.00242762      2.56234 
    0.00242773       2.7257 
    0.00242784      2.90441 
    0.00242795      3.10012 
    0.00242805      3.31465 
    0.00242816      3.54994 
    0.00242827      3.80807 
    0.00242838       4.0912 
    0.00242847      4.33723 
    0.00242856      4.63634 
    0.00242866      4.96069 
    0.00242876      5.31188 
    0.00242885      5.69146 
    0.00242895      6.10079 
    0.00242906       6.5919 
    0.00242917      7.12236 
    0.00242928      7.69281 
    0.00242938      8.30318 
    0.00242949      8.95258 
    0.00242965      9.99557 
    0.00242982      11.1112 
    0.00243003      12.6814 
    0.00243041      15.4825 
    0.00243057      16.6159 
    0.00243068      17.3205 
    0.00243083      18.2125 
    0.00243094      18.7925 
    0.00243106      19.2828 
    0.00243117      19.6729 
    0.00243128      19.9542 
    0.00243138      20.1066 
     0.0024315      20.1686 
    0.00243163      20.0899 
    0.00243175      19.8815 
    0.00243187      19.5481 
    0.00243201      19.0057 
    0.00243215       18.319 
    0.00243229      17.5099 
    0.00243243       16.603 
    0.00243264      15.0765 
    0.00243308       11.874 
    0.00243324      10.7197 
     0.0024334      9.62765 
    0.00243351      8.94169 
    0.00243362      8.29294 
    0.00243372      7.68323 
    0.00243383      7.11342 
    0.00243394      6.58356 
    0.00243405      6.09302 
    0.00243416       5.6406 
    0.00243424      5.30504 
    0.00243433      4.99188 
    0.00243442      4.70004 
     0.0024345      4.42841 
    0.00243459      4.17582 
    0.00243468      3.94109 
    0.00243476      3.72307 
    0.00243485      3.52061 
    0.00243496      3.28773 
    0.00243506      3.07539 
    0.00243517      2.88166 
    0.00243528      2.70474 
    0.00243539      2.54299 
     0.0024355      2.39491 
     0.0024356      2.25914 
    0.00243571      2.13446 
    0.00243582      2.01977 
    0.00243593      1.91408 
    0.00243604      1.81651 
     0.0024362      1.68367 
    0.00243636      1.56505 
    0.00243652       1.4587 
    0.00243668      1.36301 
    0.00243685      1.27657 
    0.00243701      1.19825 
    0.00243717      1.12703 
    0.00243733      1.06209 
     0.0024375     0.999146 
     0.0024377     0.935306 
    0.00243789     0.877487 
    0.00243808     0.824949 
    0.00243827     0.777059 
    0.00243847     0.733281 
    0.00243867     0.691133 
    0.00243887     0.652565 
    0.00243907     0.617181 
    0.00243928     0.584635 
    0.00243955     0.545147 
     0.0024398     0.511271 
    0.00244006     0.480493 
    0.00244032     0.452445 
    0.00244057      0.42681 
    0.00244083     0.403317 
    0.00244108     0.381733 
    0.00244134     0.361855 
     0.0024416     0.343507 
    0.00244187     0.325679 
    0.00244214     0.309219 
    0.00244254     0.286802 
    0.00244295     0.266766 
    0.00244335     0.248786 
    0.00244376     0.232589 
    0.00244409     0.220598 
    0.00244442     0.209526 
    0.00244491     0.194441 
     0.0024454     0.180954 
    0.00244589     0.168845 
    0.00244639     0.157933 
    0.00244694     0.146955 
    0.00244749     0.137106 
    0.00244804     0.128237 
    0.00244859     0.120223 
    0.00244914     0.112958 
    0.00244959     0.107567 
    0.00245012     0.101722 
    0.00245064    0.0963552 
    0.00245116    0.0914167 
    0.00245169    0.0868625 
    0.00245248    0.0806687 
    0.00245326     0.075142 
    0.00245407    0.0700681 
    0.00245489    0.0654618 
     0.0024557    0.0613208 
    0.00245652    0.0575856 
    0.00245734    0.0542053 
    0.00245816    0.0511186 
    0.00245899    0.0482772 
    0.00245983     0.045688 
    0.00246066     0.043323 
    0.00246177    0.0404763 
    0.00246266    0.0384082 
    0.00246368    0.0362697 
     0.0024647    0.0343317 
    0.00246571    0.0325711 
    0.00246639     0.031486 
    0.00246774    0.0295052 
    0.00246909    0.0277589 
    0.00247044    0.0262043 
    0.00247178    0.0248162 
    0.00247313    0.0235749 
    0.00247447     0.022462 
    0.00247581    0.0214675 
    0.00247759    0.0202995 
    0.00247937    0.0192869 
    0.00248115    0.0184101 
    0.00248297    0.0176389 
    0.00248483    0.0169672 
    0.00248669    0.0164008 
    0.00248854    0.0159304 
     0.0024904    0.0155497 
    0.00249225    0.0152535 
     0.0024941    0.0150379 
    0.00249595    0.0149022 
    0.00249818    0.0148432 
    0.00250001    0.0148824 
    0.00250184    0.0150052 
    0.00250368    0.0152187 
    0.00250551    0.0155318 
    0.00250696    0.0158584 
    0.00250841    0.0162632 
    0.00250986    0.0167561 
    0.00251131    0.0173501 
    0.00251276    0.0180624 
    0.00251414    0.0188634 
    0.00251547    0.0197821 
    0.00251681    0.0208665 
     0.0025177    0.0216976 
    0.00251859    0.0226294 
    0.00251947    0.0236768 
    0.00252036    0.0248572 
     0.0025211    0.0259502 
    0.00252184    0.0271655 
    0.00252257    0.0285213 
    0.00252331    0.0300382 
    0.00252404    0.0317405 
    0.00252467    0.0333456 
    0.00252523    0.0349561 
    0.00252579    0.0367331 
    0.00252636    0.0387007 
    0.00252692    0.0408867 
     0.0025273    0.0424814 
     0.0025279     0.045275 
    0.00252835    0.0476069 
     0.0025288    0.0501721 
    0.00252925    0.0530035 
    0.00252969    0.0561394 
    0.00253018    0.0598996 
    0.00253054    0.0630257 
     0.0025309    0.0664518 
    0.00253126    0.0702182 
    0.00253162    0.0743721 
    0.00253193     0.078254 
    0.00253224    0.0824974 
    0.00253255    0.0871493 
    0.00253285    0.0922648 
    0.00253316     0.097909 
    0.00253343     0.103372 
    0.00253368     0.108937 
    0.00253394      0.11502 
    0.00253419     0.121689 
    0.00253444     0.129024 
    0.00253468     0.136842 
    0.00253491     0.144863 
    0.00253514     0.153686 
    0.00253537     0.163425 
     0.0025356     0.174217 
    0.00253582     0.186224 
    0.00253601     0.196984 
    0.00253619     0.208796 
    0.00253638      0.22181 
    0.00253656     0.236203 
    0.00253674     0.252189 
    0.00253691     0.268154 
    0.00253707     0.284821 
    0.00253722     0.303269 
    0.00253738     0.323791 
    0.00253754     0.346746 
    0.00253769     0.372325 
     0.0025378      0.39084 
     0.0025379     0.411001 
      0.002538     0.433045 
    0.00253812     0.463093 
    0.00253823     0.493069 
    0.00253834     0.526714 
    0.00253842      0.55379 
     0.0025385     0.583497 
    0.00253858     0.612462 
    0.00253865     0.644137 
    0.00253873     0.682555 
     0.0025388     0.721194 
    0.00253888     0.768392 
    0.00253896     0.822532 
    0.00253903     0.877817 
     0.0025391     0.934872 
    0.00253917      1.00182 
    0.00253922      1.05724 
    0.00253927      1.11485 
    0.00253934      1.19743 
    0.00253939      1.26584 
    0.00253944      1.34079 
    0.00253949      1.42227 
    0.00253955      1.51704 
     0.0025396      1.62405 
    0.00253966      1.74137 
    0.00253971      1.85775 
    0.00253976      1.98418 
    0.00253981      2.12144 
    0.00253986      2.27035 
    0.00253991      2.43177 
    0.00253996      2.60659 
    0.00254001       2.7957 
    0.00254006      3.00004 
    0.00254011      3.22055 
    0.00254016      3.45816 
    0.00254021      3.71383 
    0.00254026      3.98848 
    0.00254032      4.28301 
    0.00254037      4.59832 
     0.0025404      4.82047 
    0.00254047       5.2945 
    0.00254053      5.80953 
     0.0025406      6.36701 
    0.00254067      6.96802 
    0.00254074      7.61326 
    0.00254081      8.31723 
    0.00254087      9.06718 
    0.00254094      9.86218 
    0.00254104      11.0408 
    0.00254115      12.4611 
    0.00254126      13.9655 
    0.00254142      16.3368 
    0.00254171      20.6902 
    0.00254185      22.7431 
    0.00254197      24.2715 
    0.00254208      25.5049 
    0.00254219      26.5549 
    0.00254227      27.2042 
    0.00254236      27.7526 
    0.00254245      28.1715 
    0.00254252      28.3536 
     0.0025426      28.4215 
    0.00254269      28.3236 
     0.0025428      27.9757 
    0.00254289      27.4917 
    0.00254297      26.9095 
    0.00254305      26.2016 
    0.00254316      25.0824 
    0.00254326      23.7917 
    0.00254339      22.0651 
    0.00254354      19.8855 
    0.00254387      15.0491 
      0.002544      13.1207 
    0.00254412      11.5955 
    0.00254421      10.3777 
    0.00254431      9.24184 
    0.00254438      8.51472 
    0.00254444       7.8124 
    0.00254451      7.15448 
    0.00254458      6.54088 
    0.00254464      5.98473 
    0.00254471      5.48198 
    0.00254477      5.01671 
    0.00254484      4.58756 
     0.0025449      4.19297 
    0.00254496      3.83123 
    0.00254501      3.58041 
    0.00254506      3.34627 
    0.00254511        3.128 
    0.00254516      2.91793 
    0.00254521      2.71993 
    0.00254526      2.53677 
    0.00254531      2.36752 
    0.00254536       2.2113 
    0.00254541      2.06723 
    0.00254546      1.93446 
    0.00254551      1.81221 
    0.00254556      1.69968 
    0.00254561      1.59615 
    0.00254566      1.50092 
    0.00254573      1.39528 
    0.00254579      1.29986 
    0.00254585      1.21365 
    0.00254591      1.13572 
    0.00254597      1.06522 
    0.00254603      1.00136 
     0.0025461     0.943454 
    0.00254616     0.890859 
    0.00254622     0.843007 
    0.00254628     0.799388 
    0.00254634     0.758038 
    0.00254641     0.717574 
    0.00254648     0.680811 
    0.00254655     0.647308 
    0.00254664     0.607057 
    0.00254674     0.571154 
    0.00254683     0.538957 
    0.00254692     0.509931 
    0.00254701     0.483633 
    0.00254711       0.4585 
    0.00254721      0.43454 
    0.00254731     0.412727 
    0.00254741      0.39278 
    0.00254756      0.36586 
    0.00254772     0.341993 
    0.00254787      0.32069 
    0.00254804     0.299463 
    0.00254821     0.280529 
    0.00254838     0.263548 
    0.00254855     0.248247 
    0.00254872     0.234403 
    0.00254891     0.220586 
     0.0025491     0.207553 
     0.0025493     0.195796 
     0.0025495     0.185152 
    0.00254969     0.175483 
     0.0025499     0.166129 
    0.00255014     0.156647 
    0.00255037     0.148101 
    0.00255061     0.140373 
    0.00255084     0.133364 
    0.00255108     0.126989 
    0.00255135     0.120206 
    0.00255163     0.114101 
    0.00255191     0.108593 
    0.00255218     0.103609 
    0.00255255     0.097677 
    0.00255288    0.0929958 
    0.00255321    0.0888062 
    0.00255343    0.0862571 
    0.00255387    0.0816776 
     0.0025543    0.0777064 
    0.00255466    0.0748596 
    0.00255519    0.0711633 
    0.00255573    0.0680661 
    0.00255626    0.0654877 
     0.0025568    0.0633648 
    0.00255734    0.0616422 
    0.00255788    0.0602798 
    0.00255842    0.0592585 
    0.00255896     0.058555 
     0.0025595    0.0581533 
    0.00256004    0.0580438 
     0.0025607    0.0583025 
    0.00256136    0.0589971 
    0.00256202    0.0601435 
    0.00256268    0.0617717 
    0.00256335    0.0639279 
    0.00256392    0.0662719 
    0.00256445    0.0688771 
    0.00256498    0.0719635 
     0.0025655    0.0756006 
    0.00256603    0.0798764 
    0.00256639     0.083136 
    0.00256683    0.0877419 
    0.00256716    0.0916369 
    0.00256749    0.0959626 
    0.00256782     0.100776 
    0.00256815     0.106144 
    0.00256848     0.112158 
    0.00256881     0.118906 
    0.00256914     0.126504 
    0.00256947     0.135095 
    0.00256969      0.14146 
    0.00256999     0.150968 
    0.00257022     0.159167 
    0.00257045     0.168206 
    0.00257068     0.178204 
    0.00257091     0.189302 
    0.00257114     0.201669 
    0.00257134     0.213477 
    0.00257154     0.226532 
    0.00257174     0.241019 
    0.00257194     0.257167 
    0.00257213     0.275251 
     0.0025723     0.292389 
    0.00257246     0.309656 
    0.00257261     0.328737 
    0.00257276     0.349919 
    0.00257292     0.373559 
    0.00257307     0.400103 
    0.00257317     0.419686 
    0.00257327     0.441017 
    0.00257338     0.464343 
    0.00257347     0.487286 
    0.00257359     0.521217 
    0.00257367     0.546298 
    0.00257375      0.57366 
    0.00257383     0.601665 
    0.00257391     0.632264 
    0.00257401     0.678332 
    0.00257408     0.714541 
    0.00257416     0.753274 
    0.00257424     0.806299 
    0.00257432     0.862381 
     0.0025744     0.919276 
    0.00257446     0.971212 
    0.00257451      1.01264 
    0.00257458      1.08542 
    0.00257463      1.14563 
    0.00257468      1.20665 
    0.00257475      1.29268 
     0.0025748      1.36605 
    0.00257485      1.45157 
    0.00257491       1.5449 
    0.00257496      1.64675 
    0.00257502      1.75789 
    0.00257507      1.87913 
    0.00257512      1.99761 
    0.00257517      2.12563 
    0.00257522      2.26388 
    0.00257527      2.41308 
    0.00257532      2.57397 
    0.00257537      2.76066 
    0.00257542      2.96992 
    0.00257548      3.19665 
    0.00257553      3.44195 
    0.00257559      3.70691 
    0.00257564      3.99259 
    0.00257569      4.30004 
    0.00257575      4.63028 
     0.0025758      4.98426 
    0.00257586      5.36284 
    0.00257591      5.76682 
    0.00257598      6.32506 
    0.00257605      6.92755 
    0.00257612      7.57503 
    0.00257619      8.26768 
    0.00257627      9.13769 
    0.00257636      10.0677 
    0.00257644       11.075 
    0.00257653      12.1794 
    0.00257664      13.7313 
    0.00257682      16.1822 
    0.00257711      20.3357 
    0.00257723      21.9868 
    0.00257733      23.2334 
    0.00257744      24.5593 
    0.00257753      25.4309 
    0.00257762      26.1801 
     0.0025777      26.7933 
     0.0025778      27.3094 
     0.0025779      27.6188 
      0.002578      27.7288 
    0.00257808      27.6566 
    0.00257818       27.376 
    0.00257828      26.9098 
    0.00257837      26.3067 
    0.00257845      25.5824 
    0.00257854      24.7329 
    0.00257866      23.4319 
    0.00257878      21.8225 
    0.00257894      19.6719 
    0.00257928       14.769 
    0.00257943      12.7813 
    0.00257953      11.3926 
    0.00257961      10.4334 
     0.0025797      9.40666 
    0.00257977      8.61216 
    0.00257985       7.8663 
    0.00257992       7.1698 
    0.00257998      6.65005 
    0.00258004      6.10575 
    0.00258011      5.59959 
    0.00258017      5.13056 
    0.00258024      4.69738 
    0.00258031       4.2986 
    0.00258036      3.99138 
    0.00258041       3.7059 
    0.00258047      3.44113 
    0.00258052      3.19599 
    0.00258058      2.96938 
    0.00258063      2.76024 
    0.00258069      2.56746 
    0.00258074         2.39 
    0.00258079      2.22682 
    0.00258085       2.0769 
     0.0025809      1.93929 
    0.00258096      1.81306 
    0.00258101      1.69732 
    0.00258107      1.59124 
    0.00258112      1.49403 
    0.00258118      1.40494 
    0.00258123       1.3233 
    0.00258128      1.24844 
    0.00258134      1.17977 
    0.00258139      1.11675 
    0.00258147      1.04061 
    0.00258154     0.972878 
    0.00258161     0.912127 
    0.00258168     0.857511 
    0.00258175     0.808285 
    0.00258183     0.763793 
     0.0025819      0.72346 
    0.00258197     0.686787 
    0.00258204     0.653336 
    0.00258214     0.613097 
    0.00258223     0.577151 
    0.00258234     0.543046 
    0.00258244      0.51243 
    0.00258254     0.484794 
    0.00258264     0.459722 
    0.00258274     0.436867 
    0.00258285     0.415947 
      0.002583     0.387682 
    0.00258316     0.361476 
    0.00258332     0.337684 
    0.00258349     0.316454 
    0.00258365     0.297404 
    0.00258381     0.280228 
    0.00258399     0.263672 
    0.00258418     0.246916 
    0.00258438       0.2319 
    0.00258458     0.218385 
    0.00258478     0.206171 
    0.00258497     0.195094 
    0.00258519     0.184126 
     0.0025854     0.174197 
    0.00258562     0.165177 
    0.00258583      0.15696 
    0.00258612     0.147092 
     0.0025864     0.138626 
    0.00258667     0.131023 
    0.00258695     0.124171 
    0.00258722     0.117975 
     0.0025875     0.112357 
    0.00258785     0.106008 
    0.00258823    0.0998102 
    0.00258861     0.094333 
    0.00258899     0.089476 
    0.00258937    0.0851562 
    0.00258979    0.0810021 
    0.00259027     0.076796 
    0.00259075    0.0731328 
    0.00259122    0.0699371 
     0.0025917    0.0671475 
    0.00259218    0.0647132 
    0.00259267    0.0625524 
    0.00259316    0.0606817 
    0.00259364    0.0590709 
    0.00259438    0.0570885 
    0.00259511    0.0555693 
    0.00259584    0.0544643 
    0.00259649    0.0538047 
    0.00259729    0.0533712 
    0.00259769    0.0533092 
    0.00259842    0.0534538 
    0.00259915    0.0539304 
    0.00259988    0.0547491 
    0.00260061      0.05593 
    0.00260134    0.0575024 
    0.00260209    0.0595672 
     0.0026026      0.06125 
    0.00260311    0.0631933 
    0.00260361    0.0654277 
    0.00260412    0.0679904 
    0.00260462    0.0709274 
    0.00260513    0.0742946 
    0.00260564    0.0781612 
    0.00260611    0.0822591 
    0.00260657    0.0869433 
    0.00260704    0.0923198 
    0.00260735    0.0963531 
    0.00260767       0.1008 
    0.00260798     0.105719 
    0.00260833     0.111843 
    0.00260862     0.117497 
     0.0026089     0.123764 
    0.00260919     0.130735 
    0.00260948     0.138522 
    0.00260967      0.14423 
    0.00260996     0.153689 
    0.00261018     0.161587 
    0.00261039     0.170281 
    0.00261061     0.179883 
    0.00261083     0.190531 
    0.00261101     0.200425 
    0.00261119     0.211293 
    0.00261137     0.223274 
    0.00261155     0.236537 
    0.00261174     0.251283 
    0.00261191     0.266588 
    0.00261207     0.282998 
    0.00261223     0.301315 
     0.0026124      0.32189 
    0.00261256     0.345168 
    0.00261267     0.362472 
    0.00261278      0.38205 
    0.00261289       0.4037 
    0.00261301     0.427786 
    0.00261312      0.45476 
    0.00261324      0.48644 
    0.00261331     0.510022 
    0.00261339     0.535904 
    0.00261347       0.5661 
    0.00261356     0.601588 
    0.00261364     0.637829 
    0.00261371     0.674265 
    0.00261378     0.716645 
    0.00261386     0.761887 
    0.00261393     0.812404 
      0.002614     0.867599 
    0.00261406     0.926329 
    0.00261413     0.990125 
    0.00261419       1.0537 
    0.00261425      1.13201 
    0.00261431      1.21018 
    0.00261436      1.28642 
    0.00261441      1.36422 
    0.00261446      1.44869 
    0.00261451      1.53827 
    0.00261455       1.6353 
    0.00261461       1.7604 
    0.00261466      1.87943 
    0.00261471      2.00844 
    0.00261476      2.14818 
    0.00261481      2.31912 
    0.00261486      2.47347 
     0.0026149      2.63931 
    0.00261495      2.81733 
    0.00261499       3.0082 
    0.00261505      3.26948 
    0.00261511      3.53827 
    0.00261516      3.82892 
    0.00261522      4.14256 
    0.00261528      4.49973 
    0.00261534      4.90594 
     0.0026154      5.34439 
    0.00261546      5.81616 
    0.00261552      6.32213 
    0.00261558      6.86293 
    0.00261564      7.43894 
    0.00261571       8.0502 
    0.00261577      8.70639 
    0.00261586      9.77265 
    0.00261596      10.9162 
    0.00261607      12.3284 
     0.0026162      14.1058 
    0.00261639      16.9127 
    0.00261659      19.7338 
    0.00261674      21.7444 
    0.00261685      23.1639 
    0.00261696      24.4342 
    0.00261706       25.389 
    0.00261716      26.1813 
    0.00261725      26.7926 
    0.00261734      27.1502 
    0.00261743      27.3931 
     0.0026175      27.4444 
     0.0026176      27.3418 
    0.00261768      27.0925 
    0.00261776       26.709 
    0.00261786      26.0682 
    0.00261796      25.2492 
    0.00261805      24.2711 
    0.00261816       23.038 
    0.00261829      21.3465 
    0.00261844      19.3793 
    0.00261878      14.4461 
     0.0026189       12.756 
    0.00261899      11.6024 
    0.00261908      10.4189 
    0.00261918      9.30905 
    0.00261926      8.43658 
    0.00261934      7.62253 
     0.0026194      7.05096 
    0.00261946      6.51288 
    0.00261953      5.92091 
    0.00261959      5.44307 
    0.00261965      4.99869 
    0.00261971      4.58675 
    0.00261977      4.20602 
    0.00261983      3.85516 
    0.00261989      3.53271 
    0.00261996      3.23713 
    0.00262002      2.96686 
    0.00262006      2.77979 
    0.00262011      2.60539 
    0.00262016      2.44295 
     0.0026202      2.29184 
    0.00262025      2.15139 
    0.00262029      2.02097 
    0.00262034      1.89996 
    0.00262038      1.78776 
    0.00262043      1.68379 
    0.00262048       1.5875 
    0.00262054      1.46776 
     0.0026206      1.36003 
    0.00262066      1.26313 
    0.00262073      1.17598 
    0.00262079      1.09757 
    0.00262085      1.02699 
    0.00262091     0.963421 
    0.00262098     0.906097 
    0.00262104      0.85434 
     0.0026211     0.807538 
    0.00262117     0.764223 
    0.00262123     0.723331 
     0.0026213     0.686369 
    0.00262137      0.65287 
    0.00262146     0.612892 
    0.00262155     0.577517 
    0.00262163     0.546049 
    0.00262172     0.517908 
    0.00262181      0.49261 
    0.00262191      0.46742 
    0.00262202     0.442695 
    0.00262213      0.42056 
    0.00262224     0.400626 
    0.00262234     0.382579 
    0.00262251     0.358501 
    0.00262267     0.337428 
    0.00262284     0.317707 
    0.00262302      0.29984 
     0.0026232     0.284069 
    0.00262338     0.270079 
    0.00262356     0.257616 
    0.00262376     0.245168 
      0.002624     0.231882 
    0.00262425     0.220396 
    0.00262449     0.210434 
    0.00262474     0.201777 
    0.00262498     0.194245 
    0.00262527     0.186611 
    0.00262556     0.180149 
    0.00262585     0.174702 
    0.00262614     0.170145 
    0.00262643     0.166375 
    0.00262687     0.162018 
     0.0026273     0.159029 
    0.00262775     0.157192 
    0.00262821     0.156546 
    0.00262866     0.157003 
    0.00262912     0.158509 
    0.00262958     0.161033 
    0.00263003     0.164569 
    0.00263049     0.169136 
    0.00263089     0.173958 
    0.00263137     0.181062 
    0.00263186     0.189564 
    0.00263222     0.196946 
    0.00263259     0.205277 
    0.00263306     0.217495 
    0.00263337     0.226714 
    0.00263368      0.23689 
    0.00263402     0.249079 
    0.00263438     0.263728 
    0.00263467     0.276821 
      0.002635     0.293278 
     0.0026353     0.309738 
    0.00263562     0.329399 
    0.00263596     0.353023 
    0.00263623     0.374222 
    0.00263654     0.400967 
    0.00263676     0.422032 
    0.00263701     0.448657 
    0.00263727     0.478201 
    0.00263749     0.506602 
    0.00263771     0.537879 
    0.00263793     0.572431 
    0.00263815     0.610733 
    0.00263837     0.653352 
    0.00263859     0.700968 
    0.00263875     0.740449 
    0.00263892     0.783614 
     0.0026391     0.836933 
    0.00263929     0.896287 
    0.00263942     0.945341 
    0.00263956     0.998816 
     0.0026397      1.05631 
    0.00263983      1.11712 
    0.00263996      1.18371 
     0.0026401      1.25682 
    0.00264023      1.33736 
    0.00264036      1.42638 
    0.00264049       1.5251 
    0.00264062      1.63497 
    0.00264076      1.75765 
    0.00264089      1.89511 
    0.00264098      1.99608 
    0.00264106      2.10538 
    0.00264115      2.22017 
    0.00264123      2.34442 
    0.00264132      2.47903 
     0.0026414      2.62497 
    0.00264149       2.7833 
    0.00264158      2.95513 
    0.00264166      3.14164 
    0.00264175      3.34406 
    0.00264183      3.55423 
    0.00264191      3.78138 
    0.00264199       4.0267 
    0.00264207      4.29137 
    0.00264216      4.57658 
    0.00264224      4.88343 
    0.00264232        5.213 
     0.0026424      5.56624 
    0.00264251      6.05841 
    0.00264261      6.59272 
    0.00264272       7.1699 
    0.00264282      7.78995 
    0.00264296      8.62387 
    0.00264309      9.51929 
    0.00264322      10.4694 
     0.0026434      11.8034 
    0.00264379      14.9108 
    0.00264397      16.2306 
     0.0026441       17.148 
    0.00264423      17.9767 
    0.00264435      18.6499 
    0.00264448      19.2086 
     0.0026446      19.6382 
    0.00264472      19.9273 
    0.00264485      20.0669 
     0.0026449      20.0813 
    0.00264501      20.0206 
    0.00264509      19.8915 
    0.00264522      19.5798 
    0.00264534       19.129 
    0.00264546      18.5513 
    0.00264559      17.8618 
    0.00264572      17.0186 
    0.00264585      16.0902 
    0.00264603      14.7613 
    0.00264647      11.3163 
    0.00264664      10.0073 
    0.00264677      9.08225 
    0.00264691      8.21544 
    0.00264703      7.48968 
    0.00264712      6.96232 
    0.00264721      6.46785 
     0.0026473      6.00611 
    0.00264739      5.57654 
    0.00264749      5.17821 
    0.00264758      4.82682 
    0.00264766      4.50148 
    0.00264775      4.20087 
    0.00264784      3.92357 
    0.00264793      3.66811 
    0.00264802      3.43301 
     0.0026481      3.21682 
    0.00264819      3.01809 
    0.00264828      2.83545 
    0.00264837      2.66758 
    0.00264846      2.51324 
    0.00264854      2.37125 
    0.00264863      2.24053 
    0.00264872      2.12007 
    0.00264881      2.00895 
     0.0026489      1.90631 
    0.00264903      1.76659 
    0.00264916      1.64193 
    0.00264929      1.53033 
    0.00264942      1.43006 
    0.00264956      1.33967 
    0.00264969       1.2537 
    0.00264984      1.17417 
    0.00264998      1.10227 
    0.00265012      1.03704 
    0.00265027     0.977657 
    0.00265042     0.919839 
    0.00265059     0.860707 
    0.00265076     0.807298 
    0.00265093     0.758879 
    0.00265111     0.714832 
    0.00265128     0.674633 
    0.00265147     0.634869 
    0.00265165     0.598624 
    0.00265184     0.565485 
    0.00265203     0.535101 
    0.00265222     0.507169 
     0.0026524     0.481426 
    0.00265268     0.446429 
    0.00265289     0.423435 
    0.00265311     0.400569 
    0.00265333     0.379553 
    0.00265355     0.360189 
    0.00265388     0.333875 
    0.00265421     0.310412 
    0.00265454     0.289399 
    0.00265479     0.274801 
    0.00265517     0.254944 
    0.00265554     0.237218 
    0.00265592     0.221326 
     0.0026563      0.20702 
     0.0026567     0.193318 
    0.00265715     0.179582 
     0.0026576       0.1673 
    0.00265805      0.15627 
     0.0026585     0.146329 
    0.00265895     0.137335 
    0.00265943     0.128522 
    0.00265992     0.120559 
    0.00266041     0.113337 
     0.0026609     0.106768 
    0.00266138     0.100774 
     0.0026619    0.0950137 
    0.00266242    0.0896273 
    0.00266295    0.0847043 
    0.00266347    0.0801925 
      0.002664    0.0760468 
    0.00266456    0.0719597 
     0.0026652    0.0677185 
    0.00266584     0.063858 
    0.00266648    0.0603336 
    0.00266713    0.0571072 
    0.00266777    0.0541458 
    0.00266848    0.0511346 
    0.00266919    0.0483813 
    0.00266966    0.0466745 
    0.00267061    0.0435359 
    0.00267156    0.0407214 
    0.00267254    0.0381177 
    0.00267351    0.0357729 
    0.00267449    0.0336529 
    0.00267547     0.031727 
    0.00267644     0.029972 
    0.00267748     0.028273 
    0.00267855    0.0266823 
    0.00267962     0.025233 
    0.00268069    0.0239087 
    0.00268176    0.0226952 
    0.00268288    0.0215284 
     0.0026841    0.0203632 
    0.00268533    0.0192998 
    0.00268655    0.0183262 
    0.00268819    0.0171505 
    0.00268951    0.0162886 
    0.00269103    0.0153863 
    0.00269255    0.0145664 
    0.00269407    0.0138192 
    0.00269609    0.0129228 
    0.00269806    0.0121446 
    0.00269996    0.0114665 
    0.00270186    0.0108537 
    0.00270377    0.0102975 
    0.00270567    0.0097914 
    0.00270757   0.00932976 
    0.00271043   0.00871057 
    0.00271325   0.00816822 
    0.00271602   0.00769839 
    0.00271878    0.0072798 
    0.00272154   0.00690529 
    0.00272431   0.00656966 
    0.00272707   0.00626787 
    0.00273008    0.0059719 
    0.00273309   0.00570566 
    0.00273625   0.00545491 
    0.00273975   0.00520893 
    0.00274324   0.00499184 
    0.00274683   0.00479225 
    0.00274927   0.00467035 
    0.00275413   0.00445422 
    0.00275883   0.00427666 
    0.00276353   0.00412639 
    0.00276865   0.00398936 
    0.00277377   0.00387761 
    0.00277992   0.00377218 
    0.00278607   0.00369465 
    0.00279205   0.00364482 
    0.00279767   0.00361886 
    0.00280203   0.00361249 
    0.00280857   0.00362494 
     0.0028151   0.00366275 
    0.00282164   0.00372808 
    0.00282818   0.00382077 
    0.00283384   0.00392564 
    0.00283852   0.00403114 
    0.00284411   0.00418177 
     0.0028489   0.00433385 
    0.00285289   0.00447733 
    0.00285689   0.00464032 
    0.00286088   0.00482362 
    0.00286487   0.00502957 
    0.00286886   0.00526097 
    0.00287291   0.00552469 
      0.002877   0.00582602 
    0.00288109   0.00616699 
    0.00288519   0.00655389 
    0.00288828   0.00688106 
    0.00289141   0.00724766 
    0.00289454   0.00765453 
    0.00289768   0.00810862 
    0.00290082   0.00861419 
    0.00290396    0.0091816 
     0.0029071   0.00982082 
    0.00291024    0.0105433 
    0.00291234    0.0110785 
    0.00291433    0.0116325 
    0.00291631    0.0122351 
     0.0029183    0.0128912 
    0.00292029    0.0136107 
    0.00292237     0.014441 
    0.00292446    0.0153595 
    0.00292654    0.0163794 
    0.00292863    0.0175169 
    0.00293065    0.0187516 
    0.00293217    0.0197718 
    0.00293369    0.0208874 
    0.00293521    0.0221099 
    0.00293673    0.0234531 
    0.00293806    0.0247392 
    0.00293938    0.0261437 
    0.00294071    0.0276824 
    0.00294204    0.0293707 
    0.00294337    0.0312292 
     0.0029445    0.0329771 
    0.00294589    0.0353357 
    0.00294693    0.0372877 
    0.00294798    0.0394183 
    0.00294902    0.0417504 
    0.00294992    0.0439491 
    0.00295102    0.0469152 
    0.00295213     0.050215 
    0.00295296    0.0529406 
    0.00295379    0.0559098 
    0.00295484    0.0600567 
    0.00295589    0.0647163 
    0.00295659    0.0681525 
    0.00295743    0.0727242 
    0.00295828    0.0778049 
    0.00295891    0.0819643 
    0.00295954    0.0864893 
     0.0029602    0.0916977 
    0.00296087    0.0974238 
    0.00296156     0.104074 
    0.00296222     0.111038 
    0.00296285      0.11836 
    0.00296338     0.125207 
      0.002964     0.134102 
    0.00296447     0.141451 
     0.0029649     0.148905 
    0.00296547     0.159444 
     0.0029659     0.168354 
    0.00296635     0.178536 
     0.0029668     0.189728 
    0.00296724     0.201925 
    0.00296769      0.21533 
    0.00296813     0.230198 
    0.00296857     0.246756 
    0.00296901     0.265276 
    0.00296931     0.278874 
     0.0029696     0.293604 
     0.0029699       0.3096 
    0.00297019     0.327014 
    0.00297049     0.346022 
    0.00297078      0.36683 
    0.00297108     0.389676 
    0.00297137     0.414843 
    0.00297167     0.442663 
    0.00297196     0.473531 
    0.00297226     0.507919 
    0.00297248     0.536358 
     0.0029727     0.567378 
    0.00297292     0.600362 
    0.00297312     0.634392 
    0.00297332     0.671548 
    0.00297353     0.712234 
    0.00297373     0.756922 
    0.00297393     0.806167 
    0.00297411       0.8532 
    0.00297429     0.904679 
    0.00297446     0.961193 
    0.00297464      1.02343 
    0.00297482      1.09221 
      0.002975      1.16848 
    0.00297517      1.25338 
    0.00297535      1.34825 
    0.00297553      1.45469 
    0.00297564      1.53301 
    0.00297576      1.61794 
    0.00297588      1.71022 
      0.002976      1.81066 
    0.00297612      1.92015 
    0.00297623      2.03968 
    0.00297635      2.17035 
    0.00297647      2.31337 
    0.00297659      2.47003 
    0.00297671      2.64174 
    0.00297681      2.81039 
    0.00297691      2.97249 
      0.002977      3.14692 
     0.0029771      3.33454 
    0.00297719       3.5362 
    0.00297728      3.75275 
    0.00297738      3.98501 
    0.00297747      4.23375 
    0.00297758      4.53415 
     0.0029777      4.89448 
    0.00297782      5.28362 
    0.00297793      5.70207 
    0.00297805      6.14983 
    0.00297817      6.62634 
    0.00297835      7.39207 
    0.00297852      8.21197 
    0.00297876      9.36835 
    0.00297917      11.4422 
    0.00297935      12.2879 
    0.00297955      13.1648 
    0.00297969      13.7098 
    0.00297983      14.1776 
    0.00297998      14.5557 
    0.00298012      14.8316 
    0.00298026      15.0015 
     0.0029804      15.0609 
    0.00298048       15.042 
    0.00298061      14.9332 
    0.00298073      14.7471 
    0.00298085      14.4831 
    0.00298098      14.1469 
     0.0029811      13.7315 
    0.00298123      13.2395 
    0.00298143      12.4035 
    0.00298166      11.2771 
    0.00298216      8.79106 
    0.00298234      7.94357 
    0.00298251      7.14299 
    0.00298263      6.64059 
    0.00298275       6.1657 
    0.00298287      5.71956 
    0.00298298      5.30273 
     0.0029831       4.9152 
    0.00298322      4.55646 
    0.00298334      4.22561 
    0.00298345      3.93606 
    0.00298356      3.68288 
    0.00298366      3.44912 
    0.00298377      3.23359 
    0.00298388      3.03507 
    0.00298398      2.85236 
    0.00298409      2.68426 
    0.00298419      2.52963 
    0.00298431       2.3798 
    0.00298442      2.23564 
    0.00298454      2.10407 
    0.00298466      1.98388 
    0.00298478      1.87394 
     0.0029849      1.77326 
    0.00298501      1.68091 
    0.00298513      1.59608 
    0.00298525      1.51802 
    0.00298543      1.41221 
     0.0029856      1.31824 
    0.00298578      1.23447 
    0.00298596      1.15955 
    0.00298613      1.09231 
    0.00298629      1.03755 
    0.00298645      0.98762 
    0.00298667     0.927651 
    0.00298688     0.874282 
    0.00298706     0.834056 
    0.00298727     0.790216 
    0.00298749     0.750943 
     0.0029877     0.715694 
    0.00298791     0.684007 
    0.00298813     0.655491 
    0.00298837     0.627396 
     0.0029886     0.602356 
    0.00298884      0.58005 
    0.00298907     0.560208 
    0.00298943     0.534572 
    0.00298978     0.513337 
    0.00299002     0.501377 
    0.00299031     0.488685 
    0.00299061      0.47833 
     0.0029909     0.470162 
     0.0029912     0.464069 
    0.00299159     0.459004 
    0.00299199     0.457433 
    0.00299231     0.458705 
    0.00299263      0.46229 
    0.00299297     0.468532 
    0.00299333     0.478224 
    0.00299368     0.491248 
      0.002994     0.505681 
    0.00299429     0.521882 
    0.00299458     0.541041 
    0.00299486     0.561988 
    0.00299513     0.586184 
    0.00299532     0.604327 
    0.00299559     0.634412 
    0.00299586     0.668942 
    0.00299609     0.702297 
    0.00299632      0.73987 
    0.00299651     0.775061 
    0.00299667     0.808494 
    0.00299688      0.85391 
    0.00299709     0.906417 
    0.00299725     0.951487 
    0.00299741      1.00107 
    0.00299757      1.05574 
    0.00299774       1.1162 
     0.0029979      1.18325 
    0.00299806      1.25783 
    0.00299822      1.34107 
    0.00299838       1.4343 
    0.00299855      1.53907 
    0.00299865      1.61623 
    0.00299876      1.69997 
    0.00299887      1.79097 
    0.00299898         1.89 
    0.00299909      1.99793 
    0.00299919      2.11567 
     0.0029993      2.24427 
    0.00299941      2.38482 
    0.00299952      2.53853 
    0.00299962      2.69791 
    0.00299972      2.86198 
    0.00299981      3.03982 
    0.00299991      3.23249 
    0.00300001      3.45314 
    0.00300012      3.70594 
    0.00300023      3.98123 
    0.00300034      4.28036 
    0.00300045      4.60455 
    0.00300055      4.95485 
    0.00300066      5.33205 
    0.00300077       5.7366 
    0.00300088      6.16858 
    0.00300099      6.62758 
    0.00300115      7.36453 
    0.00300131      8.15423 
    0.00300153      9.27272 
    0.00300201      11.8867 
    0.00300223      12.9793 
    0.00300239      13.7209 
    0.00300255      14.3683 
    0.00300268       14.803 
    0.00300281      15.1524 
    0.00300294      15.4079 
    0.00300307      15.5633 
     0.0030032      15.6145 
    0.00300332      15.5694 
    0.00300346      15.4083 
    0.00300359      15.1312 
    0.00300373       14.742 
    0.00300388      14.2543 
    0.00300402      13.6815 
    0.00300419      12.8559 
    0.00300441      11.7514 
    0.00300495      8.84752 
    0.00300511      8.01821 
    0.00300527      7.23392 
    0.00300544      6.50337 
    0.00300554      6.04894 
    0.00300565      5.62164 
    0.00300576      5.22177 
    0.00300585      4.89426 
    0.00300598      4.50328 
     0.0030061      4.14506 
    0.00300622      3.81802 
    0.00300634      3.52036 
    0.00300646      3.25006 
    0.00300657      3.03108 
    0.00300668       2.8306 
    0.00300679      2.64716 
    0.00300689      2.47935 
      0.003007      2.32581 
    0.00300711      2.18529 
    0.00300722      2.05659 
    0.00300733       1.9386 
    0.00300743      1.83031 
    0.00300754      1.73079 
    0.00300765      1.63922 
    0.00300776      1.55481 
    0.00300787      1.47689 
    0.00300803      1.37083 
    0.00300819      1.27615 
    0.00300835      1.19132 
    0.00300851      1.11502 
    0.00300868      1.04614 
    0.00300884     0.983738 
      0.003009     0.927019 
    0.00300918     0.869972 
    0.00300937     0.815883 
    0.00300956     0.766925 
    0.00300974     0.722455 
    0.00300993      0.68193 
    0.00301013     0.643997 
    0.00301033     0.607674 
    0.00301053     0.574487 
    0.00301073     0.544078 
      0.003011     0.507327 
    0.00301126     0.475921 
     0.0030115     0.448912 
    0.00301175      0.42425 
    0.00301199     0.401665 
    0.00301223     0.380925 
    0.00301247     0.361831 
    0.00301284     0.335902 
    0.00301322     0.311991 
    0.00301349     0.296521 
    0.00301389     0.275494 
     0.0030143     0.256741 
     0.0030147     0.239937 
    0.00301511     0.224818 
    0.00301556     0.209603 
    0.00301604     0.195272 
    0.00301652     0.182441 
      0.003017     0.170904 
    0.00301747     0.160488 
    0.00301798      0.15059 
    0.00301853     0.140807 
    0.00301908        0.132 
    0.00301963     0.124042 
    0.00302018     0.116824 
    0.00302073     0.110256 
    0.00302134     0.103721 
    0.00302194    0.0977841 
    0.00302255     0.092373 
    0.00302315    0.0874255 
    0.00302395      0.08146 
    0.00302462    0.0770224 
    0.00302528    0.0729599 
    0.00302616    0.0680545 
    0.00302704    0.0636568 
    0.00302801    0.0593458 
     0.0030288      0.05617 
    0.00302958     0.053258 
    0.00303063    0.0497362 
    0.00303168    0.0465751 
    0.00303257    0.0441462 
    0.00303346    0.0419131 
    0.00303434    0.0398546 
    0.00303567    0.0370566 
      0.003037    0.0345611 
    0.00303834    0.0323249 
    0.00303966    0.0303242 
    0.00304098    0.0285208 
    0.00304229    0.0268842 
    0.00304361     0.025394 
    0.00304493    0.0240329 
     0.0030463    0.0227368 
    0.00304779    0.0214607 
    0.00304927    0.0202971 
    0.00305075    0.0192338 
    0.00305272    0.0179516 
    0.00305473    0.0167856 
    0.00305676    0.0157259 
     0.0030588    0.0147727 
    0.00306083    0.0139122 
    0.00306282    0.0131498 
    0.00306476    0.0124718 
     0.0030667    0.0118519 
    0.00306864     0.011281 
    0.00307063    0.0107434 
    0.00307267    0.0102369 
    0.00307574    0.0095522 
     0.0030788   0.00894583 
    0.00308187   0.00840811 
    0.00308493   0.00792732 
    0.00308821   0.00746746 
    0.00309159   0.00704574 
    0.00309498   0.00667111 
    0.00309858   0.00631789 
    0.00310219    0.0060035 
    0.00310578   0.00572529 
    0.00310936   0.00547931 
    0.00311294   0.00526089 
    0.00311616   0.00508639 
    0.00312022    0.0048931 
    0.00312466   0.00471216 
    0.00312949   0.00454878 
    0.00313424   0.00441959 
    0.00313891   0.00432126 
    0.00314353   0.00425212 
     0.0031481   0.00420842 
    0.00315176   0.00419216 
    0.00315313   0.00419098 
    0.00315736   0.00420322 
     0.0031616   0.00424042 
    0.00316589   0.00430662 
    0.00317018   0.00440454 
     0.0031734   0.00450089 
    0.00317662   0.00462034 
    0.00317981   0.00476454 
    0.00318294   0.00493469 
    0.00318607   0.00513689 
    0.00318829   0.00530245 
    0.00319063   0.00550083 
    0.00319298   0.00572623 
    0.00319532    0.0059825 
    0.00319757   0.00626089 
    0.00319971    0.0065614 
    0.00320186   0.00690114 
      0.003204   0.00728745 
    0.00320613   0.00772427 
    0.00320772   0.00808949 
    0.00320931    0.0084939 
     0.0032109   0.00894265 
    0.00321248   0.00944087 
    0.00321354   0.00980495 
     0.0032152    0.0104347 
    0.00321645    0.0109599 
    0.00321769    0.0115368 
    0.00321894    0.0121721 
    0.00322018    0.0128736 
    0.00322151    0.0137023 
    0.00322283      0.01463 
    0.00322382    0.0154006 
    0.00322482    0.0162439 
    0.00322581    0.0171667 
    0.00322679    0.0181762 
    0.00322777    0.0192898 
    0.00322876     0.020522 
    0.00322974    0.0218902 
    0.00323073     0.023415 
    0.00323167     0.025045 
    0.00323261    0.0268672 
    0.00323356    0.0289129 
    0.00323418    0.0304192 
    0.00323481    0.0320548 
    0.00323544    0.0338349 
    0.00323614    0.0360085 
    0.00323672    0.0379765 
     0.0032373    0.0401201 
    0.00323788    0.0424609 
    0.00323845    0.0450234 
    0.00323901    0.0477258 
    0.00323952    0.0504481 
    0.00324004    0.0534203 
    0.00324055    0.0566744 
    0.00324106    0.0602474 
    0.00324157    0.0641825 
    0.00324202    0.0679519 
    0.00324247    0.0720752 
    0.00324292    0.0765982 
    0.00324336    0.0815745 
    0.00324381    0.0870674 
     0.0032442    0.0922902 
    0.00324456    0.0975441 
    0.00324491     0.103273 
    0.00324527     0.109535 
    0.00324563     0.116402 
    0.00324597     0.123685 
    0.00324629     0.131107 
    0.00324661     0.139236 
    0.00324693     0.148165 
    0.00324725     0.158005 
    0.00324757     0.168885 
    0.00324787      0.17993 
    0.00324816     0.192125 
    0.00324846      0.20564 
    0.00324875     0.220677 
    0.00324901     0.235315 
    0.00324927     0.251508 
    0.00324954     0.270379 
    0.00324973     0.285498 
    0.00324991     0.300539 
    0.00325016      0.32312 
    0.00325041     0.348455 
    0.00325061     0.372019 
    0.00325079     0.395431 
    0.00325099     0.422448 
    0.00325118     0.451818 
    0.00325134     0.480073 
     0.0032515     0.511241 
    0.00325167     0.545765 
    0.00325183     0.584182 
    0.00325195     0.615939 
    0.00325208      0.65058 
     0.0032522      0.68849 
    0.00325232      0.73012 
    0.00325244     0.776002 
    0.00325257     0.826759 
    0.00325269     0.883126 
    0.00325281      0.94597 
    0.00325291      1.00304 
    0.00325301       1.0658 
    0.00325312      1.13497 
    0.00325322      1.21139 
    0.00325331      1.28897 
     0.0032534       1.3743 
    0.00325349       1.4683 
    0.00325359      1.57195 
    0.00325368      1.68635 
    0.00325378      1.81796 
    0.00325387      1.96683 
    0.00325397       2.1322 
    0.00325407      2.31579 
    0.00325417      2.51941 
    0.00325427      2.74489 
    0.00325437      2.99411 
    0.00325446      3.26894 
    0.00325456      3.57116 
    0.00325466      3.90243 
    0.00325476      4.26425 
    0.00325486      4.65785 
    0.00325496      5.08411 
    0.00325505      5.54353 
    0.00325515      6.03612 
    0.00325525      6.56129 
    0.00325538      7.31002 
    0.00325553       8.2128 
    0.00325568       9.1693 
    0.00325594      10.9544 
     0.0032562      12.7483 
     0.0032564      14.0145 
    0.00325653      14.7846 
    0.00325666      15.4729 
    0.00325676      15.9524 
    0.00325688      16.4049 
      0.003257      16.7554 
    0.00325709      16.9593 
    0.00325721      17.1022 
     0.0032573      17.1387 
    0.00325742      17.0722 
    0.00325754      16.8876 
    0.00325764      16.6469 
    0.00325776      16.2602 
    0.00325788       15.775 
    0.00325798      15.2698 
    0.00325811      14.5544 
    0.00325824       13.763 
    0.00325844      12.4763 
     0.0032589      9.33701 
    0.00325908      8.14462 
    0.00325923      7.24648 
    0.00325935      6.57432 
    0.00325947      5.93048 
    0.00325957      5.44491 
    0.00325966      4.99253 
    0.00325976      4.57322 
    0.00325986      4.18639 
    0.00325996      3.83109 
    0.00326006      3.50602 
    0.00326016      3.20966 
    0.00326025       2.9403 
    0.00326035      2.69615 
    0.00326045      2.47535 
    0.00326055      2.27601 
    0.00326065      2.09631 
    0.00326075      1.93447 
    0.00326084      1.78877 
    0.00326094      1.65763 
    0.00326101      1.57755 
    0.00326109      1.48587 
    0.00326117      1.40171 
    0.00326125       1.3244 
    0.00326133       1.2533 
    0.00326141      1.18785 
    0.00326149      1.12752 
    0.00326162      1.04558 
     0.0032617     0.993413 
    0.00326179     0.942838 
    0.00326188     0.896269 
    0.00326202     0.833048 
    0.00326215     0.776747 
    0.00326229     0.726374 
    0.00326238      0.69567 
    0.00326252     0.649767 
    0.00326267     0.608575 
    0.00326282     0.571436 
    0.00326297     0.537808 
    0.00326311     0.507238 
    0.00326326     0.479345 
    0.00326341      0.45381 
    0.00326356      0.43036 
    0.00326372     0.406469 
    0.00326388     0.384597 
    0.00326405     0.364512 
    0.00326421     0.346019 
    0.00326446     0.320897 
     0.0032647     0.298498 
    0.00326487     0.284883 
    0.00326507     0.269132 
    0.00326528     0.254688 
    0.00326548     0.241405 
    0.00326569     0.229161 
    0.00326599     0.212511 
     0.0032663     0.197651 
    0.00326662     0.183917 
    0.00326696     0.170859 
     0.0032673     0.159171 
    0.00326763     0.148666 
    0.00326797     0.139188 
    0.00326831     0.130605 
    0.00326868     0.122117 
    0.00326905     0.114446 
    0.00326942      0.10749 
    0.00326979     0.101162 
    0.00327016    0.0953877 
    0.00327056    0.0896154 
    0.00327099    0.0841412 
    0.00327141    0.0791644 
    0.00327183    0.0746261 
    0.00327226     0.070476 
     0.0032727    0.0665165 
    0.00327317    0.0626081 
    0.00327365     0.059043 
    0.00327413     0.055782 
    0.00327445    0.0537602 
    0.00327508    0.0500422 
    0.00327569    0.0468769 
    0.00327629    0.0440121 
    0.00327689    0.0414106 
    0.00327749     0.039041 
    0.00327809    0.0368765 
    0.00327877    0.0346716 
    0.00327948    0.0325664 
    0.00328019    0.0306558 
    0.00328089    0.0289166 
     0.0032816    0.0273285 
    0.00328244    0.0256212 
    0.00328317    0.0242652 
    0.00328391    0.0230206 
    0.00328464    0.0218757 
    0.00328574    0.0203222 
    0.00328684    0.0189389 
    0.00328794    0.0177023 
    0.00328896    0.0166607 
    0.00328999    0.0157168 
    0.00329102    0.0148585 
    0.00329205    0.0140759 
    0.00329307    0.0133602 
     0.0032942    0.0126432 
    0.00329538     0.011962 
    0.00329656    0.0113417 
    0.00329774    0.0107753 
    0.00329891    0.0102566 
    0.00330019   0.00974405 
    0.00330165   0.00920972 
    0.00330311   0.00872629 
    0.00330457    0.0082877 
    0.00330554   0.00801781 
    0.00330749   0.00752485 
    0.00330955   0.00706284 
     0.0033116   0.00665391 
    0.00331366   0.00629013 
    0.00331572    0.0059653 
    0.00331791   0.00565683 
     0.0033201   0.00538185 
    0.00332229   0.00513446 
    0.00332448   0.00491234 
    0.00332685   0.00469799 
    0.00332921    0.0045062 
    0.00333157   0.00433469 
    0.00333502   0.00411458 
     0.0033383   0.00393458 
    0.00334157   0.00377863 
    0.00334501   0.00363769 
    0.00334854   0.00351459 
    0.00335206    0.0034097 
    0.00335651   0.00329996 
    0.00336097   0.00321269 
    0.00336514   0.00314896 
     0.0033693   0.00310101 
    0.00337512   0.00305757 
    0.00338093   0.00303799 
    0.00338287   0.00303658 
    0.00338771   0.00304519 
    0.00339255   0.00306841 
    0.00339709   0.00310356 
    0.00340162   0.00315244 
    0.00340628   0.00321709 
    0.00341094   0.00329691 
     0.0034156   0.00339282 
    0.00342025   0.00350603 
    0.00342491   0.00363806 
    0.00342957   0.00379085 
    0.00343382   0.00395047 
    0.00343807   0.00413166 
    0.00344211   0.00432609 
    0.00344575   0.00452144 
    0.00344938   0.00473765 
    0.00345301   0.00497963 
    0.00345664   0.00524956 
    0.00346028   0.00555119 
    0.00346361   0.00585982 
    0.00346695    0.0062031 
    0.00347023   0.00657997 
    0.00347342   0.00698737 
    0.00347661    0.0074421 
    0.00347979   0.00795136 
    0.00348298    0.0085238 
     0.0034851   0.00894585 
    0.00348731   0.00942263 
    0.00348959   0.00996125 
    0.00349188    0.0105548 
    0.00349416    0.0112077 
    0.00349636    0.0118988 
    0.00349846    0.0126282 
    0.00350056    0.0134305 
    0.00350266    0.0143178 
    0.00350478    0.0153084 
     0.0035069    0.0164172 
    0.00350849    0.0173342 
    0.00351008    0.0183341 
    0.00351168    0.0194271 
    0.00351317    0.0205499 
    0.00351462    0.0217358 
    0.00351607    0.0230311 
    0.00351752    0.0244493 
    0.00351896    0.0260072 
    0.00352034    0.0276346 
    0.00352157    0.0292292 
    0.00352281    0.0309695 
    0.00352404    0.0328738 
    0.00352527    0.0349632 
     0.0035265    0.0372623 
    0.00352782    0.0399775 
    0.00352881     0.042217 
    0.00352979    0.0446538 
    0.00353078    0.0473114 
    0.00353176     0.050217 
    0.00353263     0.052987 
    0.00353349    0.0559949 
    0.00353435    0.0592693 
    0.00353521    0.0628434 
     0.0035361    0.0668553 
    0.00353698     0.071268 
    0.00353786    0.0761168 
    0.00353874    0.0814389 
    0.00353944    0.0861123 
    0.00354025    0.0920953 
    0.00354107    0.0987284 
    0.00354188     0.106109 
    0.00354264     0.113734 
    0.00354322     0.120176 
     0.0035438     0.127184 
    0.00354437     0.134625 
    0.00354485     0.141446 
    0.00354543     0.150434 
    0.00354602      0.16031 
     0.0035466     0.171192 
    0.00354718     0.183225 
    0.00354776     0.196574 
    0.00354835     0.211439 
    0.00354878     0.223724 
    0.00354922     0.237112 
    0.00354965     0.251535 
    0.00355008     0.267315 
    0.00355051     0.284625 
    0.00355095      0.30367 
    0.00355141     0.326486 
    0.00355176     0.345324 
    0.00355211     0.365836 
    0.00355246     0.388223 
    0.00355281     0.412721 
    0.00355316     0.439601 
    0.00355351     0.469179 
    0.00355386     0.501823 
    0.00355421     0.537968 
    0.00355456     0.578124 
    0.00355491     0.622898 
    0.00355526     0.673009 
    0.00355549     0.709801 
    0.00355572     0.749642 
    0.00355595     0.792868 
    0.00355619     0.839862 
    0.00355642     0.891057 
    0.00355662     0.939687 
    0.00355689       1.0081 
    0.00355715      1.08399 
    0.00355741      1.16841 
    0.00355767      1.26259 
    0.00355785      1.33148 
    0.00355805      1.41875 
    0.00355828      1.52859 
    0.00355846      1.61884 
    0.00355863      1.71652 
    0.00355881      1.82231 
    0.00355898      1.93694 
    0.00355916      2.06116 
    0.00355933      2.19575 
    0.00355951      2.34152 
    0.00355968      2.49925 
    0.00355986       2.6697 
    0.00356003      2.85355 
    0.00356021      3.05138 
    0.00356038      3.26362 
    0.00356061      3.56934 
    0.00356085      3.90076 
    0.00356108      4.25646 
    0.00356131      4.63365 
    0.00356166      5.22961 
     0.0035623      6.34068 
    0.00356256      6.75422 
    0.00356281      7.12169 
      0.003563      7.35861 
    0.00356319      7.55964 
    0.00356337      7.71961 
    0.00356356       7.8343 
    0.00356368        7.884 
    0.00356389      7.91742 
     0.0035639      7.91746 
    0.00356409      7.88991 
    0.00356426      7.82065 
    0.00356444      7.71091 
    0.00356461      7.56319 
    0.00356484      7.30234 
    0.00356507      7.00005 
     0.0035653      6.65736 
     0.0035656      6.15702 
    0.00356637      4.82254 
     0.0035666      4.43635 
    0.00356684      4.06973 
    0.00356707      3.72623 
     0.0035673      3.40788 
    0.00356753      3.11548 
    0.00356771      2.91313 
    0.00356788       2.7249 
    0.00356806      2.55028 
    0.00356823       2.3886 
    0.00356841      2.23912 
    0.00356858      2.10107 
    0.00356876      1.97365 
    0.00356893      1.85607 
    0.00356911      1.74756 
    0.00356928      1.64739 
     0.0035694       1.5849 
    0.00356963      1.46934 
    0.00356982      1.38515 
       0.00357      1.30758 
    0.00357019        1.236 
    0.00357038      1.16988 
    0.00357056      1.10871 
    0.00357084      1.02527 
    0.00357112     0.950619 
    0.00357136     0.894304 
    0.00357159     0.842733 
    0.00357182     0.795406 
    0.00357205     0.751882 
    0.00357229     0.711775 
    0.00357252     0.674746 
    0.00357287     0.624326 
    0.00357322      0.57929 
    0.00357357     0.538909 
    0.00357392     0.502573 
    0.00357427     0.469764 
    0.00357462     0.440044 
    0.00357497     0.413042 
    0.00357532     0.388438 
    0.00357567     0.365958 
    0.00357602     0.345367 
    0.00357637      0.32646 
    0.00357672     0.309059 
    0.00357713     0.290139 
    0.00357755     0.272901 
    0.00357796     0.257151 
    0.00357838     0.242723 
    0.00357879     0.229474 
    0.00357922     0.216867 
    0.00357951     0.208901 
    0.00358009     0.194231 
    0.00358068     0.181055 
    0.00358126     0.169176 
    0.00358181     0.158943 
    0.00358237     0.149611 
    0.00358292     0.141076 
    0.00358347     0.133249 
    0.00358403     0.126055 
    0.00358458     0.119427 
    0.00358513      0.11331 
    0.00358569      0.10765 
    0.00358627      0.10214 
    0.00358714    0.0946354 
    0.00358802      0.08793 
    0.00358889    0.0819139 
    0.00358976    0.0764961 
     0.0035907    0.0712641 
    0.00359141    0.0676555 
    0.00359247    0.0627378 
    0.00359354    0.0583387 
     0.0035946     0.054387 
    0.00359566    0.0508245 
    0.00359681    0.0473598 
      0.003598    0.0441305 
    0.00359919     0.041222 
    0.00360038    0.0385933 
    0.00360157    0.0362096 
     0.0036028    0.0339695 
    0.00360412    0.0318016 
    0.00360543    0.0298358 
    0.00360675     0.028048 
    0.00360806    0.0264174 
    0.00360937     0.024926 
    0.00361084    0.0234066 
    0.00361231    0.0220233 
    0.00361378    0.0207606 
    0.00361524    0.0196045 
    0.00361671    0.0185429 
    0.00361833    0.0174688 
    0.00362003    0.0164421 
    0.00362173    0.0155043 
    0.00362342    0.0146456 
    0.00362512    0.0138572 
    0.00362736    0.0129142 
    0.00362956    0.0120762 
    0.00363177    0.0113181 
    0.00363397    0.0106302 
    0.00363625   0.00998645 
    0.00363859   0.00938427 
    0.00364092   0.00883598 
    0.00364326   0.00833532 
    0.00364567   0.00786448 
    0.00364814    0.0074221 
    0.00365061   0.00701661 
    0.00365308   0.00664422 
    0.00365658   0.00616675 
    0.00365998   0.00575222 
    0.00366338   0.00537925 
    0.00366694   0.00502692 
     0.0036705   0.00470923 
     0.0036741   0.00441935 
    0.00367775   0.00415176 
    0.00368141   0.00390859 
    0.00368507   0.00368694 
    0.00368872   0.00348434 
    0.00369238   0.00329864 
    0.00369725    0.0030742 
    0.00370213   0.00287293 
    0.00370717   0.00268592 
    0.00371221   0.00251734 
    0.00371724    0.0023649 
    0.00372228   0.00222658 
    0.00372732   0.00210066 
    0.00373236    0.0019857 
     0.0037374   0.00188043 
    0.00374243   0.00178384 
    0.00374975   0.00165698 
    0.00375707   0.00154392 
    0.00376439   0.00144274 
    0.00377171   0.00135181 
    0.00377903   0.00126978 
    0.00378635   0.00119549 
    0.00379415   0.00112384 
    0.00380289   0.00105142 
    0.00381234  0.000981265 
     0.0038218  0.000918413 
    0.00383125  0.000861842 
     0.0038407  0.000810743 
    0.00385016  0.000764431 
    0.00386022  0.000719695 
    0.00386714  0.000691398 
    0.00387799  0.000650499 
    0.00388884  0.000613423 
     0.0038997  0.000579696 
    0.00391055  0.000548914 
     0.0039214   0.00052073 
    0.00393226  0.000494851 
    0.00394854  0.000459834 
     0.0039614  0.000434917 
    0.00397427  0.000412163 
    0.00399035  0.000386381 
    0.00399397  0.000381264 
    0.00399437  0.000381955 
    0.00399457  0.000383451 
    0.00399477  0.000386746 
    0.00399492  0.000391329 
    0.00399502   0.00039597 
    0.00399513   0.00040241 
    0.00399523  0.000411265 
     0.0039953  0.000419968 
    0.00399538  0.000430904 
    0.00399545   0.00044459 
    0.00399553  0.000461647 
    0.00399558  0.000475253 
    0.00399563  0.000490943 
    0.00399568  0.000509003 
    0.00399573  0.000529758 
    0.00399578  0.000553568 
    0.00399583  0.000580839 
    0.00399588  0.000612019 
    0.00399593  0.000647612 
    0.00399598  0.000688175 
    0.00399602  0.000722229 
    0.00399605  0.000759708 
    0.00399609  0.000800921 
    0.00399613  0.000846197 
    0.00399617  0.000895892 
    0.00399621  0.000950386 
    0.00399624   0.00101009 
    0.00399628   0.00107544 
    0.00399632    0.0011469 
    0.00399636   0.00122498 
    0.00399639   0.00131021 
    0.00399643   0.00140316 
    0.00399647   0.00150444 
    0.00399651   0.00161469 
    0.00399654   0.00173461 
    0.00399658    0.0018649 
    0.00399662   0.00200636 
    0.00399666   0.00215979 
     0.0039967   0.00232606 
    0.00399673   0.00250606 
    0.00399677   0.00270078 
    0.00399681   0.00291121 
    0.00399685   0.00313842 
    0.00399688   0.00338352 
    0.00399692   0.00364769 
    0.00399696   0.00393213 
      0.003997   0.00423814 
    0.00399703   0.00456706 
    0.00399707   0.00492027 
    0.00399711   0.00529922 
    0.00399715   0.00570544 
    0.00399719   0.00614046 
    0.00399722   0.00660594 
    0.00399726   0.00710352 
     0.0039973   0.00763496 
    0.00399734   0.00820205 
    0.00399737   0.00880661 
    0.00399741   0.00945056 
    0.00399746    0.0103738 
    0.00399751    0.0113752 
    0.00399756    0.0124597 
    0.00399761    0.0136322 
    0.00399766     0.014898 
    0.00399771    0.0162622 
    0.00399776      0.01773 
    0.00399781    0.0193069 
    0.00399786    0.0209981 
    0.00399791    0.0228091 
    0.00399796    0.0247453 
    0.00399802    0.0268118 
    0.00399807    0.0290141 
    0.00399812    0.0313572 
    0.00399817     0.033846 
    0.00399822    0.0364855 
    0.00399827    0.0392802 
    0.00399834    0.0437727 
    0.00399842    0.0486378 
    0.00399849    0.0538872 
    0.00399857     0.059531 
    0.00399864    0.0655767 
    0.00399872    0.0720294 
    0.00399879    0.0788919 
    0.00399887    0.0861637 
    0.00399897    0.0964895 
    0.00399907     0.107519 
    0.00399917     0.119225 
     0.0039993      0.13475 
    0.00399945     0.154555 
     0.0039996     0.175439 
     0.0039998     0.204512 
    0.00400028      0.27507 
    0.00400044     0.298701 
    0.00400066     0.328484 
    0.00400083     0.349123 
    0.00400099     0.368041 
    0.00400116     0.385084 
    0.00400132     0.400172 
    0.00400149     0.413299 
    0.00400165     0.424523 
    0.00400187     0.436724 
    0.00400209     0.446106 
    0.00400231     0.453099 
    0.00400265     0.460087 
    0.00400298     0.464096 
    0.00400353     0.467029 
    0.00400499     0.468076 
    0.00447242     0.443395 
    0.00489707     0.424029 
    0.00530701     0.407443 
    0.00581353     0.389413 
    0.00636794     0.372096 
    0.00687857     0.357946 
    0.00758889     0.340314 
    0.00835531     0.323705 
    0.00919136     0.307787 
     0.0100875     0.292559 
     0.0110489     0.277309 
     0.0119299       0.2651 
     0.0131236     0.250603 
     0.0142139     0.239114 
     0.0155351     0.226928 
     0.0170263     0.214968 
     0.0182521     0.206391 
     0.0198114     0.196581 
      0.021815     0.184863 
     0.0233502     0.176944 
     0.0248159     0.170103 
     0.0266888     0.162281 
     0.0284949     0.155556 
     0.0306379     0.148413 
     0.0326919     0.142123 
     0.0345037     0.137158 
     0.0371513     0.130567 
     0.0405643      0.12319 
     0.0428916     0.118781 
     0.0463107     0.112917 
     0.0503527     0.106885 
     0.0549156     0.101115 
     0.0592164    0.0963185 
     0.0652646    0.0906479 
     0.0704938    0.0864103 
     0.0758889    0.0826651 
          0.08    0.0800535 
          0.09      0.09402 
      0.100705    0.0909151 
      0.113732    0.0882851 
      0.129603    0.0854662 
        0.1526    0.0820881 
      0.172164    0.0797019 
       0.19704    0.0770622 
      0.204252    0.0765318 
      0.251909    0.0739332 
           0.3    0.0717975 
       0.36128    0.0756633 
      0.402822    0.0780088 
      0.510631    0.0814362 
          0.54    0.0825432 
      0.543809    0.0782653 
      0.549133    0.0726423 
       0.55521    0.0667955 
      0.559393    0.0630812 
      0.565726    0.0579017 
         0.567    0.0569114 
      0.583267    0.0534719 
           0.6    0.0502438 
      0.646388    0.0470188 
      0.689652    0.0443659 
           0.7    0.0437712 
         0.722    0.0432464 
           0.8    0.0454638 
           0.9    0.0460471 
       1.01411    0.0477785 
         1.131    0.0498613 
         1.188    0.0461624 
         1.213    0.0456442 
         1.231    0.0416093 
         1.252    0.0402932 
         1.274    0.0393832 
         1.388    0.0374382 
           1.5     0.037487 
         1.646    0.0381189 
         1.728    0.0372761 
       1.78651    0.0373376 
         1.821    0.0374548 
         1.867    0.0369521 
         1.913     0.036893 
         1.959    0.0369554 
         1.985    0.0356696 
       2.08602    0.0361661 
           2.1    0.0362499 
           2.5    0.0353938 
       2.63505    0.0328917 
       2.76186     0.030788 
       2.85181    0.0294369 
       2.98438    0.0276128 
             3    0.0274079 
       3.08426    0.0255112 
        3.1566    0.0240249 
       3.23915    0.0224714 
       3.30248    0.0213725 
       3.39981    0.0198242 
           3.5    0.0183879 
       3.55891    0.0173057 
       3.63442    0.0160344 
       3.69885    0.0150424 
       3.77194    0.0140097 
       3.84883     0.013019 
        3.9345     0.012018 
             4     0.011318 
       4.05933    0.0105777 
        4.1352   0.00971479 
       4.19979   0.00904696 
       4.27291   0.00835713 
       4.34965   0.00770079 
       4.40276    0.0072831 
       4.48368   0.00669957 
           4.5   0.00658748 
       4.55966   0.00612417 
       4.61251   0.00574556 
       4.67985    0.0053024 
       4.73697   0.00495788 
        4.8014   0.00460049 
       4.86876    0.0042589 
       4.94333   0.00391511 
             5   0.00367559 
       5.05993   0.00340374 
       5.11295   0.00318241 
       5.18043   0.00292434 
        5.2376    0.0027245 
         5.302   0.00251798 
       5.36925    0.0023214 
       5.41558   0.00219623 
       5.48586   0.00202131 
       5.56015   0.00183576 
       5.61331   0.00171236 
       5.68091   0.00156886 
       5.73811   0.00145805 
       5.80249   0.00134383 
       5.86964    0.0012354 
       5.91587   0.00116653 
       5.97182   0.00108894 
       6.06033  0.000973234 
       6.11362   0.00090909 
       6.18132  0.000834378 
       6.23855  0.000776588 
       6.30291   0.00071693 
       6.36998  0.000660203 
       6.41611  0.000624121 
       6.49406   0.00056797 
       6.56049  0.000521634 
       6.61388  0.000487129 
       6.68166  0.000446951 
       6.73892  0.000415882 
       6.80326  0.000383818 
       6.87026  0.000353339 
       6.91632  0.000333958 
       6.99415  0.000303793 
       7.06063  0.000278881 
       7.11411  0.000260326 
       7.18196   0.00023873 
       7.23924  0.000222039 
       7.30357  0.000204819 
        7.3705   0.00018846 
       7.41649  0.000178062 
       7.47206  0.000166339 
       7.56075  0.000148679 
       7.61431  0.000138847 
       7.68222  0.000127399 
       7.73952  0.000118546 
       7.80383  0.000109409 
       7.87072  0.000100724 
       7.91665   9.52008e-5 
       7.97212   8.89713e-5 
       8.06085   7.96164e-5 
       8.11448   7.44122e-5 
       8.18244   6.83466e-5 
       8.23976   6.36517e-5 
       8.30406   5.88019e-5 
        8.3709   5.41872e-5 
       8.41678   5.12503e-5 
       8.47217   4.79353e-5 
       8.53042   4.46382e-5 
       8.58775   4.15817e-5 
       8.63823   3.90795e-5 
       8.70345   3.60877e-5 
       8.77206   3.32083e-5 
        8.8285    3.1028e-5 
       8.88937   2.88506e-5 
       8.94452   2.70219e-5 
       9.03046   2.43872e-5 
       9.08786   2.27485e-5 
       9.16206   2.08057e-5 
       9.22188   1.93708e-5 
       9.27226   1.82463e-5 
       9.32868   1.70707e-5 
       9.38951    1.5895e-5 
       9.44459   1.49062e-5 
           9.5   1.39791e-5 
            10   7.22156e-6 
       10.1411   6.20259e-6 
       10.2842   5.16941e-6 
       10.4292   4.12165e-6 
       10.5764   3.05911e-6 
       10.7256   1.98157e-6 
       10.8769    8.8884e-7 
            11            0 
       11.1552            0 
       11.3126            0 
       11.4722            0 
        11.634            0 
       11.7982            0 
       11.9646            0 
       12.1334            0 
       12.3046            0 
       12.4782            0 
       12.6542            0 
       12.8328            0 
       13.0138            0 
       13.1974            0 
       13.3836            0 
       13.5724            0 
       13.7639            0 
       13.9581            0 
        14.155            0 
       14.3547            0 
       14.5572            0 
       14.7626            0 
       14.9709            0 
       15.1821            0 
       15.3963            0 
       15.6135            0 
       15.8338            0 
       16.0572            0 
       16.2837            0 
       16.5134            0 
       16.7464            0 
       16.9827            0 
       17.2223            0 
       17.4652            0 
       17.7116            0 
       17.9615            0 
       18.2149            0 
       18.4719            0 
       18.7325            0 
       18.9968            0 
       19.2648            0 
       19.5366            0 
       19.8122            0 
            20            0 
//
#-------------------------------------------------------------------------------
