#ZVView-data-copy:  10-Jul-2025 09:27:11
#=======================================
#
#name:   ENDF/B-VIII.1: XE-131(N,G)XE-132
#X.axis: Incident Energy
#Y.axis: Cross Section
#wdata:  2
#ldata:  11821
#data...
#            X            Y
#          MeV        barns
         1e-11      4518.01 
   1.10304e-11      4301.82 
   1.21669e-11      4095.97 
   1.34206e-11      3899.98 
   1.48034e-11      3713.36 
   1.63287e-11      3535.67 
   1.80111e-11      3366.49 
   1.98669e-11       3205.4 
   2.19139e-11      3052.02 
   2.41719e-11      2905.98 
   2.66625e-11      2766.92 
   2.94097e-11      2634.52 
     3.244e-11      2508.46 
   3.57825e-11      2388.43 
   3.94694e-11      2274.14 
   4.35362e-11      2165.32 
   4.80221e-11      2061.71 
   5.29701e-11      1963.06 
    5.8428e-11      1869.12 
   6.44483e-11      1779.69 
   7.10888e-11      1694.53 
   7.84136e-11      1613.44 
   8.64931e-11      1536.24 
   9.54051e-11      1462.73 
   1.05235e-10      1392.74 
   1.16078e-10       1326.1 
   1.28039e-10      1262.64 
   1.41231e-10      1202.22 
   1.55784e-10       1144.7 
   1.71835e-10      1089.93 
    1.8954e-10      1037.77 
    2.0907e-10      988.116 
   2.30612e-10      940.835 
   2.54374e-10      895.817 
   2.80584e-10      852.953 
   3.09494e-10      812.141 
   3.41383e-10      773.281 
   3.76558e-10      736.281 
   4.15358e-10      701.051 
   4.58155e-10      667.508 
   5.05362e-10      635.569 
   5.57433e-10      605.159 
   6.14869e-10      576.205 
   6.78223e-10      548.636 
   7.48105e-10      522.386 
   8.25188e-10      497.392 
   9.10213e-10      473.595 
      1.004e-9      450.936 
    1.10745e-9      429.362 
    1.22155e-9      408.821 
    1.34742e-9      389.262 
    1.48625e-9       370.64 
    1.63939e-9      352.909 
    1.80831e-9      336.026 
    1.99463e-9      319.952 
    2.20016e-9      304.647 
    2.42685e-9      290.075 
    2.67691e-9        276.2 
    2.95273e-9      262.989 
    3.25697e-9      250.411 
    3.59256e-9      238.435 
    3.96272e-9      227.033 
    4.37103e-9      216.177 
    4.82141e-9       205.84 
    5.31819e-9          196 
    5.86616e-9      186.631 
    6.47059e-9      177.712 
     7.1373e-9       169.22 
    7.87271e-9      161.136 
    8.68389e-9      153.439 
    9.57865e-9       146.11 
    1.05656e-8      139.131 
    1.16543e-8      132.486 
    1.28551e-8      126.159 
    1.41796e-8      120.135 
    1.56406e-8        114.4 
    1.72522e-8       108.94 
    1.90298e-8      103.742 
    2.09906e-8      98.7935 
    2.31534e-8      94.0823 
    2.52419e-8      90.1214 
       2.53e-8      90.0182 
    2.79068e-8      85.7291 
    3.07823e-8      81.6463 
     3.3954e-8      77.7596 
    3.74525e-8      74.0598 
    4.13115e-8      70.5381 
    4.55681e-8      67.1861 
    5.02633e-8      63.9957 
    5.54423e-8      60.9592 
    6.11549e-8      58.0693 
    6.74561e-8       55.319 
    7.44066e-8      52.7023 
    8.20732e-8      50.2122 
    9.05297e-8      47.8424 
    9.98577e-8      45.5881 
    1.10147e-7      43.4435 
    1.21496e-7      41.4035 
    1.34014e-7      39.4632 
    1.47823e-7       37.618 
    1.63054e-7      35.8635 
    1.79855e-7      34.1954 
    1.98386e-7      32.6098 
    2.18827e-7      31.1029 
    2.41375e-7      29.6711 
    2.66245e-7      28.3111 
    2.93678e-7      27.0197 
    3.26223e-7      25.7083 
    3.62357e-7      24.4693 
    4.02512e-7      23.2982 
    4.47096e-7      22.1929 
    4.96642e-7      21.1496 
    5.51652e-7      20.1666 
    6.12785e-7      19.2406 
    6.80659e-7      18.3701 
    7.56088e-7      17.5523 
    8.39835e-7      16.7865 
    9.32904e-7      16.0701 
    1.03624e-6      15.4025 
    1.15107e-6      14.7823 
    1.27857e-6      14.2096 
    1.42025e-6      13.6829 
    1.57757e-6      13.2032 
    1.75239e-6      12.7709 
    1.94649e-6      12.3879 
    2.14705e-6      12.0799 
    2.36827e-6      11.8145 
    2.61229e-6      11.6038 
    2.84137e-6      11.4823 
    2.94171e-6      11.4643 
    3.02397e-6      11.4987 
    3.05746e-6      11.5496 
    3.09115e-6      11.6537 
    3.12531e-6      11.8462 
    3.16574e-6      12.1453 
    3.18428e-6      12.2402 
    3.19888e-6      12.2661 
    3.20927e-6      12.2539 
    3.23103e-6       12.154 
    3.28647e-6       11.744 
    3.32016e-6      11.5754 
    3.36508e-6      11.4593 
    3.43246e-6       11.389 
    3.58446e-6      11.3525 
    3.60147e-6      11.3523 
    3.89004e-6      11.4003 
    4.26081e-6      11.5568 
    4.63444e-6      11.8045 
    5.00578e-6      12.1402 
      5.369e-6      12.5575 
    5.71823e-6      13.0474 
    6.04782e-6      13.5974 
    6.35192e-6      14.1891 
    6.67097e-6      14.9072 
    6.95732e-6      15.6491 
    7.25596e-6      16.5346 
    7.51478e-6      17.4076 
    7.78245e-6      18.4301 
    8.00359e-6      19.3811 
    8.23102e-6      20.4721 
    8.46491e-6      21.7322 
    8.64489e-6      22.8109 
    8.82826e-6      24.0191 
    9.01596e-6      25.3894 
    9.20721e-6      26.9422 
    9.40297e-6      28.7198 
    9.60242e-6       30.759 
     9.7379e-6       32.295 
    9.87528e-6      33.9946 
    1.00146e-5      35.8822 
    1.01559e-5      37.9873 
    1.02992e-5       40.346 
    1.04445e-5      43.0032 
    1.05918e-5      46.0011 
    1.07039e-5      48.5254 
     1.0817e-5      51.3138 
    1.09312e-5       54.405 
    1.10465e-5      57.8454 
    1.11634e-5      61.7098 
    1.12813e-5      66.0512 
    1.14004e-5      70.9515 
    1.14806e-5      74.5864 
    1.15613e-5      78.5578 
    1.16425e-5      82.9084 
    1.17244e-5      87.6893 
    1.18068e-5        92.96 
    1.18898e-5      98.7917 
    1.19734e-5      105.269 
    1.20575e-5      112.495 
    1.21423e-5      120.589 
    1.22062e-5      127.305 
    1.22706e-5      134.694 
    1.23351e-5      142.774 
    1.24002e-5      151.719 
    1.24655e-5      161.611 
    1.25309e-5      172.533 
    1.25972e-5      184.818 
    1.26635e-5      198.515 
    1.27301e-5      213.928 
    1.27749e-5      225.365 
    1.28197e-5       237.77 
    1.28646e-5      251.258 
    1.29097e-5      266.065 
    1.29552e-5      282.373 
    1.30006e-5      300.265 
    1.30461e-5      319.952 
    1.30918e-5      341.845 
    1.31379e-5      366.289 
     1.3184e-5      393.499 
    1.32186e-5      415.978 
    1.32532e-5      440.468 
     1.3295e-5      473.199 
    1.33265e-5      500.246 
    1.33579e-5       529.72 
    1.33893e-5      561.921 
    1.34207e-5      597.193 
    1.34565e-5      641.603 
    1.34833e-5      678.281 
    1.35101e-5      718.228 
    1.35369e-5      761.846 
    1.35638e-5        809.6 
    1.35942e-5      869.483 
     1.3617e-5      918.898 
    1.36399e-5      972.677 
    1.36627e-5      1031.34 
    1.36855e-5      1095.51 
    1.37084e-5      1165.87 
    1.37312e-5      1243.25 
     1.3754e-5       1328.6 
    1.37768e-5      1423.05 
    1.37997e-5      1527.92 
    1.38225e-5      1644.77 
    1.38453e-5      1775.46 
    1.38606e-5      1871.36 
    1.38758e-5      1975.16 
     1.3891e-5      2087.73 
    1.39062e-5      2210.05 
    1.39214e-5      2343.24 
    1.39355e-5      2477.22 
    1.39485e-5      2610.48 
    1.39614e-5      2754.47 
    1.39743e-5      2910.32 
    1.39873e-5      3079.27 
    1.40002e-5      3262.74 
    1.40131e-5      3462.27 
    1.40261e-5      3679.62 
    1.40402e-5      3938.67 
    1.40554e-5      4248.25 
    1.40668e-5      4502.84 
    1.40782e-5      4778.61 
    1.40896e-5      5077.48 
     1.4101e-5      5401.47 
    1.41124e-5      5752.67 
    1.41239e-5      6133.24 
    1.41353e-5      6545.31 
    1.41467e-5      6990.94 
    1.41581e-5      7472.04 
    1.41695e-5      7990.24 
    1.41809e-5      8546.76 
    1.41924e-5      9142.27 
    1.42076e-5      9996.74 
    1.42228e-5      10917.6 
     1.4238e-5      11898.6 
    1.42608e-5      13458.3 
    1.43035e-5      16451.9 
    1.43217e-5      17651.6 
    1.43354e-5      18469.8 
    1.43491e-5      19191.3 
    1.43622e-5      19769.9 
    1.43753e-5      20221.6 
    1.43884e-5        20532 
    1.44015e-5      20691.1 
    1.44092e-5      20711.7 
    1.44205e-5      20643.9 
    1.44334e-5      20425.8 
    1.44451e-5      20101.7 
    1.44569e-5      19666.8 
    1.44687e-5      19132.1 
    1.44843e-5      18286.8 
    1.45006e-5      17287.7 
    1.45257e-5      15580.6 
    1.45668e-5      12688.2 
     1.4582e-5        11665 
    1.45972e-5      10693.6 
    1.46124e-5      9783.63 
    1.46276e-5      8940.73 
    1.46391e-5      8353.96 
    1.46505e-5      7806.02 
    1.46619e-5      7296.13 
    1.46733e-5      6822.97 
    1.46847e-5      6384.85 
    1.46961e-5      5979.85 
    1.47076e-5      5605.89 
     1.4719e-5      5260.85 
    1.47304e-5      4942.59 
    1.47418e-5      4649.04 
    1.47532e-5      4378.21 
    1.47646e-5      4128.22 
    1.47722e-5      3972.25 
    1.47875e-5      3683.79 
    1.48027e-5      3423.66 
    1.48156e-5      3222.38 
    1.48286e-5      3037.46 
    1.48415e-5      2867.28 
    1.48544e-5      2710.42 
    1.48674e-5      2565.61 
    1.48803e-5      2431.71 
    1.48997e-5       2249.1 
    1.49138e-5      2128.84 
     1.4929e-5      2009.08 
    1.49442e-5      1898.91 
    1.49594e-5      1797.36 
    1.49747e-5      1703.58 
    1.49975e-5      1575.84 
    1.50203e-5       1461.7 
    1.50432e-5      1359.33 
     1.5066e-5      1267.19 
    1.50888e-5      1183.98 
    1.51116e-5       1108.6 
    1.51345e-5       1040.1 
    1.51573e-5      977.675 
    1.51801e-5      920.642 
     1.5203e-5      868.398 
    1.52258e-5      820.429 
    1.52562e-5      762.347 
    1.52809e-5      719.688 
    1.53091e-5      674.987 
    1.53374e-5      634.279 
    1.53656e-5      597.104 
    1.53939e-5      563.066 
    1.54221e-5      531.824 
    1.54507e-5      502.804 
    1.54792e-5      476.071 
    1.55173e-5      443.589 
    1.55553e-5      414.292 
    1.55881e-5      391.311 
    1.56293e-5      364.997 
    1.56705e-5      341.218 
    1.57117e-5      319.658 
    1.57529e-5      300.051 
    1.57941e-5      282.171 
    1.58358e-5      265.602 
    1.58776e-5      250.433 
    1.59194e-5      236.512 
    1.59612e-5      223.705 
    1.60169e-5      208.166 
    1.60734e-5      193.984 
    1.61299e-5      181.186 
    1.61864e-5      169.599 
    1.62429e-5      159.076 
    1.63001e-5      149.361 
    1.63574e-5      140.496 
    1.64147e-5      132.384 
     1.6472e-5      124.945 
    1.65301e-5      118.013 
    1.65882e-5      111.633 
    1.66463e-5       105.75 
    1.67044e-5      100.312 
    1.67928e-5      92.7996 
    1.68812e-5      86.0878 
    1.69699e-5       80.041 
    1.70596e-5      74.5507 
    1.71492e-5       69.597 
    1.72397e-5      65.0727 
    1.73305e-5        60.95 
    1.74214e-5      57.2003 
    1.75136e-5      53.7343 
    1.76058e-5      50.5692 
    1.76984e-5      47.6583 
    1.77918e-5      44.9627 
    1.78853e-5      42.4846 
    1.79797e-5      40.1814 
     1.8106e-5      37.3731 
    1.82333e-5       34.827 
    1.83615e-5      32.5123 
    1.84906e-5      30.4025 
    1.86205e-5      28.4756 
    1.87514e-5      26.7136 
    1.88832e-5       25.095 
     1.9016e-5      23.6045 
    1.91496e-5       22.231 
    1.92843e-5      20.9635 
    1.94198e-5      19.7915 
    1.95563e-5      18.7059 
    1.96938e-5      17.6987 
    1.98322e-5      16.7628 
    1.99716e-5       15.892 
     2.0112e-5      15.0805 
    2.03241e-5      13.9655 
    2.05391e-5      12.9542 
    2.07562e-5      12.0388 
    2.09753e-5      11.2081 
    2.11965e-5      10.4522 
    2.14208e-5      9.76026 
    2.16472e-5      9.12791 
    2.18757e-5      8.54869 
    2.21063e-5      8.01731 
    2.23402e-5       7.5267 
    2.25764e-5      7.07509 
    2.28147e-5      6.65866 
    2.30552e-5      6.27404 
    2.32992e-5      5.91668 
    2.35454e-5      5.58652 
     2.3794e-5      5.27949 
    2.40449e-5      4.99421 
    2.43841e-5      4.64358 
    2.47281e-5      4.32416 
     2.5077e-5       4.0327 
    2.54308e-5      3.76628 
    2.57896e-5      3.52203 
    2.61534e-5       3.2978 
    2.65224e-5      3.09184 
    2.68966e-5      2.90232 
     2.7276e-5      2.72765 
    2.76608e-5      2.56648 
    2.80511e-5      2.41758 
    2.84468e-5      2.27988 
    2.88482e-5      2.15241 
    2.92552e-5      2.03431 
    2.96679e-5      1.92524 
    3.00865e-5      1.82328 
    3.05109e-5      1.72902 
    3.09414e-5      1.64154 
    3.13779e-5      1.56034 
    3.18206e-5      1.48501 
    3.22695e-5      1.41516 
    3.27248e-5      1.35049 
    3.31865e-5      1.29071 
    3.36547e-5      1.23581 
    3.41295e-5      1.18506 
     3.4611e-5      1.13884 
    3.50993e-5      1.09692 
    3.55945e-5      1.05937 
    3.60967e-5      1.02625 
    3.66059e-5     0.997779 
    3.71224e-5     0.974384 
    3.76461e-5     0.956616 
    3.81772e-5     0.945353 
    3.86246e-5     0.941753 
    3.90333e-5      0.94425 
    3.94458e-5     0.953024 
    3.97221e-5     0.963022 
    4.00023e-5     0.977348 
    4.02825e-5     0.996482 
    4.05667e-5       1.0217 
    4.08508e-5      1.05396 
     4.1067e-5      1.08415 
    4.12831e-5      1.12018 
    4.15002e-5      1.16329 
    4.17194e-5      1.21529 
    4.18655e-5      1.25563 
    4.20116e-5      1.30124 
    4.21598e-5      1.35363 
     4.2308e-5      1.41318 
    4.24562e-5      1.48128 
    4.26044e-5      1.55945 
    4.27169e-5       1.6265 
    4.28294e-5      1.70123 
    4.29419e-5      1.78489 
    4.30544e-5      1.87893 
    4.31669e-5      1.98503 
    4.32595e-5       2.0828 
    4.33697e-5      2.21337 
    4.34523e-5        2.323 
     4.3535e-5      2.44423 
    4.36176e-5      2.57874 
    4.36895e-5      2.70806 
    4.37782e-5      2.88573 
    4.38447e-5      3.03402 
    4.39113e-5       3.1971 
    4.39778e-5      3.37697 
    4.40368e-5      3.55249 
    4.41105e-5      3.79577 
    4.41657e-5      3.99833 
     4.4221e-5      4.22056 
    4.42762e-5      4.46512 
    4.43256e-5       4.7053 
    4.43877e-5      5.03943 
    4.44342e-5      5.31734 
    4.44807e-5      5.62202 
    4.45272e-5      5.95703 
    4.45706e-5      6.30043 
    4.46124e-5      6.66351 
    4.46542e-5      7.06232 
     4.4696e-5      7.50176 
    4.47378e-5      7.98761 
    4.47767e-5       8.4875 
    4.48098e-5      8.95424 
    4.48429e-5      9.46387 
    4.48761e-5      10.0219 
    4.49092e-5      10.6347 
    4.49423e-5      11.3099 
    4.49713e-5      11.9588 
    4.50003e-5      12.6693 
    4.50292e-5      13.4497 
    4.50582e-5      14.3097 
    4.50872e-5      15.2608 
    4.51134e-5      16.2112 
    4.51382e-5      17.2016 
    4.51631e-5      18.2923 
    4.51879e-5      19.4977 
    4.52127e-5      20.8353 
    4.52372e-5      22.3004 
    4.52608e-5      23.8808 
    4.52844e-5      25.6499 
    4.53001e-5      26.9506 
    4.53159e-5       28.362 
    4.53316e-5      29.8983 
    4.53474e-5      31.5761 
     4.5363e-5      33.4094 
    4.53787e-5      35.4199 
    4.53943e-5      37.6404 
      4.541e-5      40.1041 
    4.54256e-5       42.851 
    4.54374e-5      45.1261 
    4.54491e-5      47.6118 
    4.54609e-5      50.3365 
    4.54726e-5      53.3324 
    4.54859e-5      57.1033 
    4.54969e-5      60.5513 
    4.55078e-5      64.3522 
    4.55188e-5      68.5525 
    4.55297e-5      73.2047 
    4.55407e-5      78.3681 
    4.55516e-5      84.1089 
    4.55626e-5      90.5011 
    4.55721e-5      96.6132 
      4.558e-5      102.233 
     4.5588e-5       108.32 
     4.5596e-5      114.914 
     4.5604e-5      122.056 
     4.5612e-5      129.789 
    4.56199e-5      138.159 
    4.56279e-5      147.215 
    4.56382e-5      159.927 
    4.56476e-5      172.724 
     4.5657e-5      186.707 
    4.56663e-5      201.959 
    4.56757e-5       218.56 
    4.56851e-5      236.588 
    4.56945e-5      256.117 
    4.57039e-5      277.212 
    4.57133e-5      299.931 
    4.57227e-5      324.319 
    4.57321e-5       350.41 
    4.57415e-5      378.219 
     4.5754e-5      417.968 
    4.57665e-5      460.707 
    4.57759e-5      494.646 
    4.57884e-5      542.246 
    4.58072e-5      618.073 
    4.58322e-5      725.258 
    4.58761e-5      916.384 
    4.58948e-5      993.259 
    4.59136e-5      1063.13 
    4.59261e-5      1104.47 
    4.59387e-5      1140.71 
    4.59512e-5      1171.17 
    4.59643e-5      1196.29 
    4.59781e-5      1214.49 
    4.59919e-5      1223.93 
    4.59993e-5       1225.3 
    4.60138e-5      1220.44 
    4.60269e-5      1207.51 
    4.60401e-5      1186.77 
    4.60551e-5      1154.11 
    4.60676e-5      1120.23 
    4.60801e-5      1080.97 
    4.60989e-5      1013.65 
    4.61177e-5      938.581 
    4.61427e-5      831.267 
    4.61797e-5      670.104 
    4.61966e-5      599.273 
    4.62091e-5      549.077 
    4.62216e-5      501.245 
    4.62341e-5      456.067 
    4.62466e-5      413.746 
    4.62592e-5      374.407 
    4.62686e-5      346.894 
    4.62779e-5      321.087 
    4.62873e-5      296.969 
    4.62967e-5      274.503 
    4.63061e-5      253.644 
    4.63155e-5      234.333 
    4.63249e-5      216.505 
    4.63343e-5      200.085 
    4.63444e-5      183.828 
    4.63546e-5      169.026 
    4.63647e-5      155.578 
    4.63749e-5       143.38 
     4.6385e-5      132.331 
    4.63925e-5      124.875 
    4.64007e-5      117.326 
    4.64089e-5      110.367 
    4.64171e-5      103.952 
    4.64252e-5        98.04 
    4.64334e-5      92.5896 
    4.64416e-5      87.5633 
    4.64498e-5      82.9258 
    4.64605e-5      77.3709 
    4.64705e-5      72.7014 
    4.64805e-5      68.4538 
    4.64904e-5      64.5838 
    4.65004e-5      61.0513 
    4.65104e-5      57.8206 
    4.65204e-5      54.8597 
    4.65337e-5      51.2829 
     4.6547e-5      48.0768 
    4.65603e-5      45.1915 
     4.6572e-5      42.8779 
    4.65837e-5      40.7558 
    4.65994e-5      38.1873 
     4.6615e-5      35.8776 
    4.66307e-5       33.791 
    4.66463e-5      31.8974 
     4.6662e-5      30.1722 
    4.66776e-5      28.5944 
    4.66944e-5      27.0464 
    4.67123e-5      25.5384 
    4.67303e-5      24.1613 
    4.67482e-5      22.8995 
    4.67661e-5      21.7399 
     4.6793e-5      20.1677 
    4.68198e-5      18.7687 
    4.68395e-5       17.842 
    4.68608e-5      16.9145 
    4.68821e-5      16.0609 
     4.6914e-5       14.902 
     4.6946e-5      13.8696 
     4.6978e-5      12.9454 
    4.70102e-5      12.1083 
    4.70429e-5      11.3421 
    4.70757e-5      10.6496 
    4.71084e-5      10.0214 
    4.71411e-5      9.44965 
    4.71738e-5      8.92773 
    4.72086e-5      8.42196 
    4.72433e-5      7.96005 
    4.72665e-5      7.67399 
    4.73128e-5      7.14859 
    4.73591e-5      6.67812 
    4.74047e-5      6.26127 
    4.74503e-5      5.88447 
    4.74959e-5      5.54269 
    4.75415e-5       5.2317 
    4.75871e-5      4.94787 
    4.76371e-5      4.66404 
    4.76894e-5      4.39481 
    4.77416e-5      4.14998 
    4.77938e-5      3.92666 
    4.78461e-5      3.72239 
    4.79006e-5      3.52744 
    4.79594e-5      3.33494 
    4.80183e-5      3.15928 
    4.80772e-5      2.99854 
    4.81558e-5      2.80462 
    4.82198e-5      2.66162 
    4.82941e-5      2.51053 
    4.83685e-5      2.37354 
    4.84428e-5      2.24892 
    4.84924e-5      2.17199 
    4.85915e-5      2.03121 
    4.86841e-5      1.91364 
    4.87766e-5      1.80764 
    4.88691e-5      1.71169 
    4.89617e-5      1.62452 
    4.90542e-5      1.54509 
    4.91636e-5      1.45993 
    4.92815e-5       1.3775 
    4.93994e-5      1.30343 
    4.95173e-5      1.23661 
    4.96352e-5      1.17604 
    4.97576e-5      1.11888 
    4.98892e-5      1.06326 
    5.00207e-5       1.0129 
    5.01522e-5     0.967166 
    5.03275e-5     0.912402 
    5.05041e-5     0.863312 
    5.06819e-5     0.819095 
    5.08597e-5     0.779399 
    5.10375e-5     0.743684 
    5.12166e-5     0.711226 
    5.14871e-5     0.667673 
    5.17576e-5     0.629676 
    5.20306e-5     0.596025 
    5.23049e-5      0.56619 
    5.25792e-5      0.53968 
    5.28574e-5     0.515673 
    5.31356e-5     0.494137 
    5.35091e-5     0.468503 
    5.38852e-5     0.445931 
     5.4264e-5     0.425776 
    5.46454e-5     0.407755 
    5.50296e-5     0.391553 
    5.56098e-5     0.370158 
    5.61982e-5     0.351565 
    5.67922e-5     0.335373 
    5.73917e-5     0.321202 
    5.79968e-5     0.308759 
    5.86105e-5     0.297785 
      5.923e-5     0.288174 
    6.00656e-5     0.277259 
     6.0913e-5     0.268365 
    6.17724e-5     0.261445 
    6.24245e-5     0.257581 
    6.30827e-5     0.254936 
    6.37502e-5     0.253622 
     6.4015e-5     0.253478 
    6.47352e-5     0.254474 
    6.54194e-5     0.257444 
    6.58776e-5     0.260739 
    6.63423e-5     0.265345 
     6.6807e-5     0.271453 
    6.72783e-5     0.279491 
    6.76317e-5     0.286976 
    6.79885e-5     0.296041 
    6.83469e-5     0.306928 
    6.87054e-5     0.320032 
    6.89477e-5     0.330383 
      6.919e-5     0.342136 
    6.94324e-5     0.355514 
    6.96747e-5     0.370784 
    6.99204e-5     0.388522 
    7.01662e-5     0.408935 
    7.03505e-5     0.426283 
    7.05348e-5     0.445694 
    7.07122e-5     0.466661 
    7.08758e-5     0.488271 
    7.10394e-5     0.512357 
     7.1203e-5     0.539261 
    7.13665e-5     0.569449 
    7.15301e-5     0.603514 
    7.16943e-5     0.642278 
    7.18174e-5     0.674841 
    7.19405e-5      0.71084 
    7.20637e-5     0.750758 
    7.21868e-5     0.795187 
    7.23156e-5     0.847268 
    7.24122e-5      0.89066 
    7.25087e-5     0.938295 
    7.26053e-5     0.990735 
    7.27019e-5      1.04864 
    7.28045e-5      1.11703 
    7.29071e-5      1.19361 
    7.29841e-5      1.25722 
     7.3061e-5      1.32688 
    7.31356e-5      1.40086 
    7.32053e-5      1.47659 
     7.3275e-5      1.55946 
    7.33447e-5      1.65038 
    7.34144e-5      1.75046 
    7.34841e-5      1.86096 
     7.3542e-5      1.96175 
    7.35999e-5      2.07179 
    7.36578e-5      2.19224 
    7.37157e-5      2.32448 
    7.37736e-5      2.47011 
    7.38254e-5      2.61325 
    7.38741e-5      2.76054 
    7.39229e-5      2.92159 
    7.39716e-5       3.0982 
    7.40204e-5      3.29246 
    7.40675e-5      3.49925 
    7.41113e-5      3.71075 
    7.41551e-5      3.94327 
    7.41989e-5      4.19975 
    7.42427e-5      4.48366 
    7.42865e-5      4.79916 
    7.43212e-5      5.07482 
    7.43559e-5      5.37635 
    7.43906e-5      5.70719 
    7.44253e-5      6.07141 
      7.446e-5       6.4738 
    7.44981e-5      6.96527 
    7.45245e-5       7.3431 
     7.4551e-5      7.75455 
    7.45774e-5      8.20397 
    7.46039e-5      8.69646 
    7.46303e-5      9.23807 
    7.46568e-5       9.8361 
    7.46832e-5      10.4993 
    7.47075e-5      11.1733 
    7.47317e-5      11.9211 
    7.47559e-5      12.7555 
    7.47802e-5      13.6919 
    7.47963e-5      14.3823 
    7.48125e-5      15.1338 
    7.48289e-5      15.9676 
    7.48453e-5      16.8831 
    7.48617e-5      17.8924 
    7.48781e-5        19.01 
    7.48945e-5      20.2529 
    7.49109e-5      21.6416 
    7.49232e-5      22.7931 
    7.49355e-5      24.0518 
    7.49478e-5      25.4309 
    7.49601e-5      26.9455 
    7.49724e-5      28.6125 
    7.49847e-5      30.4509 
     7.4997e-5      32.4818 
    7.50093e-5      34.7289 
    7.50216e-5      37.2183 
    7.50339e-5      39.9787 
    7.50462e-5      43.0419 
    7.50585e-5      46.4422 
    7.50708e-5      50.2167 
    7.50794e-5       53.103 
    7.50884e-5      56.3601 
    7.50974e-5      59.8732 
    7.51065e-5      63.6603 
    7.51155e-5        67.74 
    7.51245e-5      72.1313 
    7.51335e-5      76.8537 
    7.51425e-5      81.9267 
    7.51546e-5      89.2877 
    7.51659e-5      96.8416 
    7.51772e-5      105.057 
    7.51885e-5      113.971 
    7.51998e-5      123.615 
    7.52074e-5      130.466 
    7.52199e-5      142.548 
    7.52323e-5      155.605 
    7.52448e-5      169.658 
    7.52572e-5      184.718 
    7.52704e-5      201.657 
    7.52835e-5      219.692 
    7.52966e-5      238.786 
    7.53147e-5      266.662 
    7.53343e-5      298.974 
    7.53622e-5       347.38 
    7.54213e-5      453.133 
    7.54475e-5      497.492 
    7.54672e-5      527.982 
    7.54868e-5      555.163 
    7.55065e-5      578.256 
    7.55262e-5      596.571 
      7.554e-5      606.242 
    7.55544e-5      613.401 
      7.557e-5      617.576 
    7.55799e-5      618.281 
    7.55951e-5      616.374 
    7.56087e-5      611.685 
    7.56226e-5      603.953 
    7.56371e-5      593.021 
    7.56508e-5      579.962 
    7.56705e-5       557.26 
    7.56902e-5      530.422 
    7.57099e-5      500.219 
    7.57361e-5      456.149 
     7.5807e-5      329.823 
    7.58267e-5      296.101 
    7.58463e-5      264.018 
     7.5866e-5      233.949 
    7.58791e-5      215.156 
    7.58923e-5      197.429 
    7.59054e-5      180.798 
    7.59185e-5      165.277 
    7.59316e-5      150.863 
    7.59447e-5       137.54 
    7.59554e-5      127.537 
    7.59675e-5      116.897 
    7.59797e-5       107.11 
    7.59919e-5      98.1354 
    7.60041e-5      89.9302 
    7.60162e-5      82.4476 
    7.60253e-5      77.3429 
    7.60343e-5      72.5891 
    7.60433e-5      68.1667 
    7.60523e-5      64.0566 
    7.60613e-5      60.2398 
    7.60704e-5      56.6977 
    7.60794e-5      53.4126 
    7.60884e-5      50.3672 
    7.60995e-5      46.9329 
    7.61105e-5      43.8056 
    7.61216e-5       40.958 
    7.61327e-5      38.3646 
    7.61438e-5      36.0017 
    7.61548e-5      33.8474 
    7.61659e-5      31.8817 
     7.6177e-5      30.0861 
     7.6188e-5      28.4439 
    7.61991e-5        26.94 
    7.62106e-5      25.5115 
    7.62229e-5      24.1138 
    7.62352e-5      22.8386 
    7.62475e-5      21.6725 
    7.62639e-5      20.2668 
    7.62803e-5      19.0094 
    7.62967e-5      17.8796 
    7.63131e-5      16.8601 
    7.63295e-5      15.9359 
     7.6348e-5      14.9937 
    7.63685e-5      14.0516 
    7.63891e-5      13.2049 
    7.64096e-5      12.4402 
    7.64302e-5      11.7461 
    7.64507e-5      11.1135 
    7.64713e-5      10.5348 
    7.64918e-5      10.0034 
    7.65134e-5      9.49102 
     7.6536e-5      8.99842 
    7.65585e-5      8.54548 
    7.65924e-5      7.93101 
    7.66262e-5      7.38378 
    7.66601e-5      6.89393 
     7.6695e-5      6.44044 
     7.6732e-5      6.00888 
     7.6769e-5      5.62106 
     7.6806e-5      5.27111 
     7.6843e-5      4.95414 
      7.688e-5      4.66604 
    7.69224e-5      4.36702 
    7.69648e-5      4.09696 
    7.70072e-5      3.85217 
    7.70496e-5      3.62954 
     7.7092e-5      3.42645 
     7.7138e-5      3.22561 
    7.71858e-5      3.03585 
    7.72336e-5      2.86307 
    7.72814e-5      2.70527 
    7.73291e-5      2.56077 
    7.73811e-5        2.417 
    7.74414e-5      2.26552 
    7.75018e-5      2.12856 
    7.75621e-5       2.0043 
    7.76224e-5      1.89121 
    7.76827e-5      1.78799 
    7.77498e-5      1.68337 
    7.78169e-5      1.58825 
    7.78841e-5      1.50151 
    7.79512e-5       1.4222 
    7.80407e-5      1.32656 
    7.81204e-5       1.2499 
    7.82001e-5      1.18024 
    7.82798e-5      1.11675 
    7.83595e-5      1.05873 
    7.84657e-5     0.988815 
    7.85617e-5     0.932074 
    7.86577e-5     0.880617 
    7.87537e-5     0.833801 
    7.88497e-5     0.791081 
    7.89776e-5     0.739695 
    7.90836e-5     0.701368 
    7.91895e-5     0.666386 
    7.93308e-5       0.6243 
    7.94721e-5     0.586734 
    7.96314e-5     0.549011 
    7.97643e-5     0.520761 
    7.98973e-5      0.49508 
    8.00746e-5     0.464319 
    8.02519e-5     0.437004 
    8.04386e-5     0.411403 
    8.06253e-5     0.388541 
     8.0812e-5     0.368052 
    8.09987e-5     0.349638 
    8.11855e-5     0.333023 
     8.1391e-5     0.316545 
    8.16059e-5     0.301078 
    8.18208e-5     0.287145 
    8.21074e-5     0.270614 
    8.23939e-5     0.256083 
    8.26846e-5     0.243066 
    8.29752e-5      0.23152 
    8.32658e-5     0.221229 
    8.35564e-5      0.21201 
    8.38511e-5     0.203618 
    8.42932e-5     0.192572 
    8.47352e-5     0.183012 
    8.51835e-5     0.174597 
    8.56318e-5     0.167256 
    8.60822e-5     0.160787 
    8.65368e-5     0.155051 
     8.7143e-5     0.148411 
    8.77577e-5     0.142673 
    8.83724e-5     0.137772 
    8.89958e-5     0.133525 
    8.96192e-5      0.12991 
    9.05675e-5     0.125414 
    9.15247e-5      0.12192 
    9.24909e-5     0.119349 
    9.34661e-5     0.117648 
     9.4455e-5     0.116725 
    9.49112e-5     0.116582 
    9.59154e-5      0.11692 
    9.69292e-5     0.118178 
    9.76081e-5     0.119601 
    9.82967e-5     0.121578 
    9.89852e-5     0.124148 
    9.96834e-5      0.12744 
   0.000100382     0.131531 
    0.00010109      0.13664 
   0.000101621     0.141214 
   0.000102157      0.14659 
   0.000102696     0.152877 
   0.000103234     0.160188 
    0.00010378     0.168919 
   0.000104144     0.175581 
   0.000104508     0.183023 
   0.000104875     0.191423 
   0.000105244     0.200937 
   0.000105614      0.21168 
   0.000105983     0.223856 
   0.000106355      0.23781 
   0.000106636     0.249649 
   0.000106916     0.262784 
   0.000107197     0.277445 
   0.000107478     0.293849 
   0.000107665     0.305883 
   0.000107915     0.323517 
   0.000108166     0.343176 
   0.000108416      0.36518 
   0.000108666     0.389918 
   0.000108904     0.416384 
   0.000109082     0.438415 
    0.00010926     0.462581 
   0.000109438     0.489162 
   0.000109617     0.518488 
   0.000109806     0.553089 
   0.000109996     0.591794 
   0.000110138     0.623918 
    0.00011028     0.659061 
   0.000110417     0.696347 
   0.000110546     0.734474 
   0.000110675     0.776145 
   0.000110803     0.821812 
   0.000110932     0.872006 
   0.000111061     0.927352 
   0.000111168     0.977763 
   0.000111274      1.03272 
   0.000111381      1.09279 
   0.000111488      1.15861 
   0.000111595      1.23096 
   0.000111691      1.30194 
   0.000111781      1.37483 
   0.000111871      1.45436 
   0.000111961      1.54137 
   0.000112051      1.63684 
   0.000112138      1.73819 
   0.000112219      1.84155 
   0.000112299      1.95482 
    0.00011238      2.07933 
   0.000112461      2.21663 
   0.000112542      2.36854 
   0.000112606       2.5007 
    0.00011267      2.64466 
   0.000112734      2.80188 
   0.000112798      2.97405 
   0.000112863      3.16317 
   0.000112922      3.35513 
   0.000112979      3.55676 
   0.000113035      3.77774 
   0.000113092       4.0207 
   0.000113149      4.28871 
   0.000113204      4.57215 
   0.000113253      4.85653 
   0.000113303      5.16927 
   0.000113352      5.51435 
   0.000113402      5.89651 
   0.000113452      6.32144 
   0.000113491      6.69523 
   0.000113531      7.10462 
    0.00011357      7.55445 
    0.00011361      8.05047 
   0.000113649      8.59953 
   0.000113686      9.16658 
   0.000113722      9.77109 
   0.000113757      10.4414 
   0.000113793      11.1882 
   0.000113828      12.0246 
   0.000113861      12.9042 
    0.00011389      13.7535 
   0.000113919      14.6993 
   0.000113948      15.7587 
   0.000113967      16.5385 
   0.000113986      17.3863 
   0.000114005       18.311 
   0.000114024      19.2831 
   0.000114042      20.3479 
   0.000114061      21.5186 
   0.000114079      22.8111 
   0.000114098      24.2438 
   0.000114116      25.8387 
   0.000114135      27.6212 
   0.000114149       29.099 
    0.00011416      30.4747 
   0.000114175       32.308 
   0.000114189      34.3274 
   0.000114204      36.5557 
   0.000114219      39.0186 
   0.000114233      41.7447 
   0.000114248      44.7654 
   0.000114262      48.1153 
   0.000114274      51.1057 
   0.000114287      54.8859 
   0.000114301      59.0542 
   0.000114315      63.6491 
   0.000114328      68.7119 
   0.000114342      74.2859 
   0.000114356      80.4166 
   0.000114369      87.1513 
   0.000114383      94.5387 
   0.000114396      102.628 
    0.00011441       111.47 
   0.000114424      121.517 
   0.000114439      132.705 
   0.000114453      144.906 
   0.000114467       158.17 
   0.000114482      172.543 
   0.000114498      189.997 
   0.000114511      205.198 
   0.000114524      221.383 
   0.000114537      238.558 
   0.000114551      257.758 
   0.000114566       279.14 
   0.000114587      313.387 
   0.000114609      350.065 
   0.000114631      388.884 
    0.00011466      443.278 
   0.000114737      592.357 
    0.00011477      653.294 
   0.000114792      689.728 
   0.000114814       722.58 
   0.000114836      751.076 
   0.000114857      774.519 
   0.000114872      787.044 
   0.000114891      799.343 
    0.00011491      806.921 
    0.00011493      809.635 
   0.000114947      807.577 
   0.000114969      798.809 
   0.000114985      788.498 
   0.000115008       767.79 
    0.00011503       742.72 
   0.000115052      712.815 
   0.000115074        678.8 
   0.000115103      628.424 
   0.000115142      554.537 
   0.000115203        436.3 
   0.000115232      382.329 
   0.000115254      343.911 
   0.000115276      307.682 
    0.00011529      284.883 
   0.000115305      263.237 
   0.000115319      242.781 
   0.000115334      223.535 
    0.00011535      203.446 
   0.000115363      187.927 
   0.000115377      173.431 
    0.00011539      159.934 
   0.000115404      147.405 
   0.000115418      135.394 
   0.000115433      123.586 
   0.000115448      112.815 
   0.000115463      103.018 
   0.000115478      94.1305 
   0.000115488      88.6777 
   0.000115501      82.0294 
   0.000115513      76.3558 
   0.000115525      71.1448 
   0.000115538      66.3628 
    0.00011555      61.9776 
   0.000115562      57.9585 
   0.000115574      54.2761 
   0.000115587      50.9029 
   0.000115599       47.813 
   0.000115611      44.9819 
   0.000115623       42.387 
   0.000115637      39.7554 
   0.000115651      37.3631 
   0.000115664      35.1859 
   0.000115678      33.2018 
   0.000115691       31.391 
   0.000115705      29.7355 
   0.000115714      28.7102 
   0.000115732       26.828 
    0.00011575      25.1449 
   0.000115769      23.6342 
   0.000115786      22.3507 
   0.000115803      21.1828 
   0.000115814      20.4614 
   0.000115837      19.1393 
    0.00011586      17.9577 
   0.000115882      16.8956 
   0.000115905      15.9361 
   0.000115928       15.065 
   0.000115951      14.2707 
   0.000115975      13.4755 
      0.000116      12.7506 
   0.000116025      12.0872 
    0.00011605      11.4779 
   0.000116088      10.6521 
   0.000116125      9.91714 
   0.000116164      9.24008 
   0.000116205      8.59853 
   0.000116246      8.02418 
   0.000116287       7.5076 
   0.000116328      7.04102 
   0.000116369      6.61799 
   0.000116416      6.17997 
   0.000116463      5.78523 
    0.00011651      5.42814 
   0.000116556      5.10395 
   0.000116603      4.80866 
   0.000116654      4.51708 
   0.000116707      4.24197 
    0.00011676       3.9918 
   0.000116813       3.7636 
   0.000116866      3.55484 
   0.000116923      3.34735 
    0.00011699      3.12896 
   0.000117057      2.93169 
   0.000117124      2.75289 
    0.00011719       2.5903 
   0.000117257        2.442 
   0.000117331      2.29181 
   0.000117406      2.15536 
    0.00011748      2.03102 
   0.000117554      1.91738 
   0.000117628      1.81324 
   0.000117712      1.70615 
     0.0001178      1.60333 
   0.000117888      1.50978 
   0.000117977       1.4244 
   0.000118065      1.34627 
   0.000118159      1.26993 
   0.000118265      1.19164 
   0.000118372       1.1206 
   0.000118478      1.05595 
   0.000118584     0.996928 
    0.00011869     0.942907 
   0.000118807     0.888418 
   0.000118925     0.838717 
   0.000119042      0.79326 
   0.000119159     0.751577 
   0.000119316     0.701172 
   0.000119463     0.658457 
    0.00011961      0.61974 
   0.000119757     0.584538 
   0.000119904     0.552438 
   0.000120051     0.523087 
   0.000120213     0.493686 
   0.000120381      0.46575 
    0.00012055     0.440309 
   0.000120719      0.41707 
   0.000120887     0.395783 
   0.000121063     0.375442 
   0.000121253     0.355335 
   0.000121443     0.336969 
   0.000121633     0.320149 
   0.000121887     0.299838 
   0.000122093     0.284851 
   0.000122333     0.269007 
   0.000122573     0.254629 
   0.000122813     0.241543 
   0.000122973     0.233462 
   0.000123293      0.21867 
   0.000123592     0.206314 
    0.00012389     0.195184 
   0.000124189     0.185105 
   0.000124488     0.175937 
   0.000124886     0.164977 
   0.000125308     0.154692 
   0.000125731     0.145586 
   0.000126154     0.137495 
   0.000126577     0.130269 
   0.000127003     0.123697 
    0.00012743     0.117789 
   0.000127857     0.112459 
   0.000128284      0.10764 
   0.000128921      0.10123 
   0.000129559     0.095623 
   0.000130214    0.0905798 
   0.000130901    0.0859265 
   0.000131589    0.0818583 
   0.000132283    0.0782316 
   0.000132981     0.074999 
   0.000133678    0.0721272 
   0.000134621     0.068736 
   0.000135564    0.0658243 
    0.00013652    0.0632807 
   0.000137477    0.0610889 
   0.000138721    0.0586919 
   0.000140117    0.0565055 
   0.000141596    0.0546909 
   0.000143089    0.0533207 
   0.000144555    0.0523776 
   0.000146006    0.0518146 
   0.000147295    0.0516158 
   0.000147623    0.0516106 
   0.000149185    0.0518594 
   0.000150234    0.0522858 
    0.00015129    0.0529507 
    0.00015231    0.0538297 
   0.000153295    0.0549498 
   0.000154245    0.0563121 
    0.00015516    0.0579283 
   0.000156068    0.0598804 
   0.000156968    0.0622258 
   0.000157655    0.0643393 
   0.000158363    0.0668571 
   0.000159071    0.0698084 
   0.000159817    0.0734637 
   0.000160326    0.0763474 
   0.000160836    0.0796032 
   0.000161345     0.083288 
   0.000161802    0.0870198 
   0.000162259     0.091218 
   0.000162716    0.0959553 
   0.000163173     0.101352 
   0.000163534     0.106153 
   0.000163894     0.111503 
   0.000164254     0.117475 
   0.000164615     0.124174 
   0.000164975     0.131746 
   0.000165266     0.138591 
   0.000165607     0.147605 
   0.000165863     0.155165 
   0.000166119     0.163508 
   0.000166375     0.172755 
   0.000166598     0.181631 
   0.000166871     0.193812 
   0.000167077     0.203978 
   0.000167282     0.215156 
   0.000167488     0.227486 
   0.000167662     0.238988 
   0.000167875     0.254418 
   0.000168087     0.271682 
   0.000168246     0.286012 
   0.000168405     0.301694 
   0.000168598     0.322783 
   0.000168742     0.340297 
   0.000168887     0.359471 
   0.000169032     0.380525 
   0.000169177     0.403714 
     0.0001693     0.425361 
   0.000169423      0.44899 
   0.000169546     0.474852 
   0.000169669      0.50324 
   0.000169793     0.534495 
   0.000169924     0.571552 
    0.00017006     0.614357 
   0.000170151     0.645833 
   0.000170242     0.679969 
   0.000170332     0.717078 
   0.000170423     0.757516 
   0.000170514     0.801701 
   0.000170616     0.856676 
   0.000170702     0.907331 
   0.000170787     0.962886 
   0.000170873        1.024 
   0.000170958      1.09147 
    0.00017104      1.16262 
   0.000171113       1.2335 
   0.000171187      1.31139 
   0.000171261      1.39727 
   0.000171335       1.4923 
   0.000171409      1.59784 
   0.000171466      1.68779 
   0.000171523      1.78591 
    0.00017158      1.89325 
   0.000171638      2.01104 
   0.000171695      2.14071 
   0.000171748      2.27494 
     0.0001718      2.41788 
   0.000171852      2.57543 
   0.000171904      2.74975 
   0.000171956       2.9434 
   0.000172006      3.14819 
    0.00017205      3.35147 
   0.000172094      3.57645 
   0.000172139      3.82655 
   0.000172183      4.10599 
   0.000172227      4.42001 
   0.000172263      4.70047 
   0.000172298       5.0115 
   0.000172333      5.35834 
   0.000172369      5.74755 
   0.000172392      6.03459 
   0.000172416       6.3471 
   0.000172438      6.66271 
    0.00017246      7.00659 
   0.000172482      7.38265 
   0.000172504      7.79547 
   0.000172525      8.25043 
   0.000172547      8.75387 
   0.000172569      9.31319 
   0.000172591      9.93707 
   0.000172612       10.603 
   0.000172633      11.3475 
   0.000172649      11.9645 
   0.000172664      12.6378 
    0.00017268      13.3738 
   0.000172696      14.1794 
   0.000172711       15.062 
   0.000172727      16.0299 
   0.000172743      17.0921 
   0.000172758      18.2584 
   0.000172774      19.5394 
    0.00017279      20.9464 
   0.000172805      22.4916 
   0.000172821       24.188 
   0.000172837      26.0494 
   0.000172853        28.09 
   0.000172868      30.3251 
   0.000172884      32.7702 
     0.0001729      35.4413 
   0.000172915      38.3548 
   0.000172932      41.6376 
   0.000172949      45.4562 
   0.000172966      49.6298 
   0.000172983      54.1788 
   0.000173001      59.1227 
   0.000173018      64.4785 
   0.000173033      69.5012 
   0.000173048      74.8575 
   0.000173068      82.5285 
   0.000173088      90.8114 
   0.000173106      98.9417 
   0.000173123      106.773 
   0.000173148      119.281 
   0.000173173      132.646 
   0.000173199      146.778 
   0.000173232      166.596 
   0.000173327      225.602 
   0.000173356      242.588 
   0.000173389      261.311 
   0.000173414      274.089 
   0.000173439      285.492 
   0.000173465      295.275 
    0.00017349      303.224 
   0.000173517      309.636 
   0.000173544      313.386 
   0.000173569      314.527 
   0.000173595      313.346 
   0.000173622      309.609 
   0.000173642      305.188 
   0.000173667      297.818 
   0.000173692       288.56 
   0.000173717      277.619 
   0.000173742      265.231 
   0.000173776       246.91 
   0.000173816       223.04 
   0.000173905      168.181 
   0.000173938      148.318 
   0.000173963      134.133 
   0.000173988      120.702 
   0.000174013      108.117 
    0.00017403      100.229 
    0.00017405      91.4045 
    0.00017407      83.1764 
    0.00017409      75.5458 
   0.000174105      70.2107 
    0.00017412      65.0321 
   0.000174136      60.1154 
   0.000174151      55.5405 
   0.000174167      51.2947 
   0.000174183      47.3642 
   0.000174198      43.7921 
   0.000174213      40.6029 
   0.000174228       37.657 
   0.000174243      34.9403 
   0.000174258       32.439 
   0.000174273      30.1391 
   0.000174288       28.027 
   0.000174303      26.0894 
   0.000174318      24.3135 
   0.000174332      22.6869 
   0.000174347      21.1979 
   0.000174362      19.8812 
   0.000174376      18.6937 
    0.00017439      17.6023 
   0.000174404      16.5988 
   0.000174418      15.6761 
   0.000174428      15.1023 
   0.000174446      14.0455 
   0.000174465      13.0981 
   0.000174484      12.2474 
   0.000174503      11.4821 
   0.000174521      10.8026 
    0.00017454      10.1874 
   0.000174558      9.62915 
   0.000174577      9.12118 
   0.000174596      8.65768 
   0.000174614      8.23356 
   0.000174639      7.72168 
   0.000174663      7.26288 
   0.000174688      6.84962 
   0.000174715      6.44838 
   0.000174743      6.06166 
   0.000174772      5.71307 
     0.0001748      5.39722 
   0.000174829      5.10971 
   0.000174857      4.84688 
   0.000174886      4.60569 
   0.000174928      4.27903 
    0.00017496      4.06384 
   0.000175006      3.77225 
   0.000175053      3.51281 
     0.0001751      3.28069 
   0.000175147        3.072 
   0.000175195      2.87771 
   0.000175246      2.69159 
   0.000175297      2.52372 
   0.000175349      2.37172 
     0.0001754      2.23359 
   0.000175451      2.10766 
   0.000175512        1.972 
   0.000175573      1.84951 
   0.000175634      1.73851 
   0.000175695      1.63759 
   0.000175756      1.54553 
   0.000175825      1.45043 
   0.000175899      1.35927 
   0.000175972      1.27677 
   0.000176046      1.20187 
   0.000176119      1.13364 
   0.000176195      1.06926 
   0.000176276       1.0067 
   0.000176357      0.94973 
   0.000176438     0.897701 
   0.000176492     0.865479 
     0.0001766     0.806303 
   0.000176702     0.756287 
   0.000176803     0.711056 
   0.000176905     0.670017 
   0.000177007     0.632666 
   0.000177108     0.598575 
    0.00017722     0.564483 
   0.000177336     0.532147 
   0.000177453     0.502748 
   0.000177569     0.475942 
   0.000177686     0.451432 
   0.000177807     0.428052 
   0.000177938      0.40498 
    0.00017807     0.383945 
   0.000178201     0.364716 
   0.000178376     0.341546 
   0.000178519     0.324486 
   0.000178685      0.30649 
    0.00017885     0.290204 
   0.000179016     0.275422 
   0.000179127     0.266315 
   0.000179348     0.249691 
   0.000179554     0.235863 
    0.00017976     0.223446 
   0.000179967     0.212255 
   0.000180173     0.202135 
   0.000180448     0.190097 
   0.000180711     0.179944 
   0.000180974     0.170921 
   0.000181237     0.162881 
     0.0001815     0.155698 
    0.00018185     0.147254 
   0.000182213     0.139679 
   0.000182576     0.133118 
   0.000182938     0.127424 
   0.000183301     0.122479 
   0.000183664      0.11818 
    0.00018404     0.114324 
   0.000184295     0.112014 
   0.000184804     0.108057 
   0.000185313      0.10488 
   0.000185823     0.102352 
   0.000186349     0.100351 
   0.000186874    0.0989018 
     0.0001874    0.0979485 
   0.000188062    0.0974022 
   0.000188198    0.0973766 
   0.000188725    0.0975429 
   0.000189253    0.0981128 
    0.00018978    0.0990816 
   0.000190557     0.101242 
   0.000191309     0.104182 
    0.00019206     0.108015 
   0.000192582     0.111244 
   0.000193126     0.115146 
    0.00019367     0.119651 
   0.000194213     0.124829 
   0.000194751     0.130678 
   0.000195282     0.137259 
   0.000195813     0.144785 
   0.000196345      0.15338 
   0.000196844      0.16258 
   0.000197311     0.172327 
   0.000197778      0.18336 
   0.000198129     0.192602 
   0.000198479     0.202788 
   0.000198893     0.216205 
   0.000199204      0.22739 
   0.000199514     0.239669 
   0.000199825     0.253183 
   0.000200135     0.268103 
   0.000200479     0.286505 
   0.000200737     0.301784 
   0.000200995     0.318502 
   0.000201253     0.336844 
    0.00020151     0.357023 
   0.000201785     0.380838 
    0.00020206     0.407388 
   0.000202335      0.43709 
    0.00020261     0.470444 
   0.000202793     0.495014 
   0.000203037     0.531171 
   0.000203221     0.561249 
   0.000203405     0.594135 
   0.000203589     0.630172 
   0.000203773     0.669777 
   0.000203956     0.713455 
   0.000204111     0.753766 
   0.000204266     0.797772 
    0.00020442     0.845932 
   0.000204575     0.898786 
   0.000204729     0.956962 
   0.000204865      1.01311 
   0.000204992      1.07016 
   0.000205119      1.13234 
   0.000205245      1.20029 
   0.000205372      1.27477 
   0.000205494      1.35383 
   0.000205609      1.43459 
   0.000205723      1.52301 
   0.000205837      1.62011 
   0.000205952      1.72706 
   0.000206066      1.84525 
   0.000206159       1.9505 
   0.000206251      2.06524 
   0.000206344      2.19069 
   0.000206437      2.32822 
   0.000206529      2.47945 
   0.000206614      2.63051 
   0.000206694      2.78755 
   0.000206774      2.95944 
   0.000206854      3.14816 
   0.000206934      3.35599 
   0.000207011      3.57725 
   0.000207083      3.80324 
   0.000207155      4.05195 
   0.000207227      4.32658 
   0.000207298      4.63097 
    0.00020737      4.96969 
   0.000207426      5.25904 
   0.000207481      5.57529 
   0.000207537        5.922 
   0.000207592      6.30334 
   0.000207648      6.72428 
     0.0002077      7.15806 
    0.00020775      7.61925 
     0.0002078      8.12882 
    0.00020785      8.69422 
     0.0002079      9.32448 
   0.000207947      9.98925 
   0.000207988      10.6412 
    0.00020803      11.3648 
   0.000208072      12.1721 
   0.000208113      13.0782 
   0.000208141      13.7464 
   0.000208168      14.4571 
   0.000208195      15.2139 
   0.000208221      16.0403 
   0.000208248      16.9463 
   0.000208275      17.9434 
   0.000208301      19.0455 
   0.000208328      20.2689 
   0.000208354       21.633 
   0.000208381      23.1513 
     0.0002084      24.4044 
    0.00020842      25.7746 
    0.00020844      27.2763 
   0.000208459      28.9254 
   0.000208479      30.7396 
   0.000208499      32.7391 
   0.000208518      34.9457 
   0.000208538       37.384 
   0.000208558      40.0809 
   0.000208578      43.0657 
   0.000208593      45.6823 
   0.000208609      48.5212 
   0.000208625      51.6012 
   0.000208641      54.9418 
   0.000208656      58.5639 
   0.000208672      62.4891 
   0.000208688      66.7397 
   0.000208704      71.3392 
   0.000208723      77.6152 
   0.000208743      84.5207 
   0.000208763      92.1037 
   0.000208782      100.412 
   0.000208802      109.491 
    0.00020882        118.7 
   0.000208838      128.285 
   0.000208856      138.589 
   0.000208873      149.637 
   0.000208891      161.448 
   0.000208913      177.427 
   0.000208934      193.607 
   0.000208956       210.89 
   0.000208977      229.261 
   0.000208998      248.687 
   0.000209029      279.682 
    0.00020906      312.666 
   0.000209102      359.092 
   0.000209214      486.394 
   0.000209256      531.351 
   0.000209287      562.163 
   0.000209319      589.604 
    0.00020935      612.936 
   0.000209382      631.509 
   0.000209407      642.577 
   0.000209432      650.048 
   0.000209457      653.762 
    0.00020947      654.219 
   0.000209499       651.54 
   0.000209518      647.088 
   0.000209544      637.953 
   0.000209569       625.31 
     0.0002096       604.94 
   0.000209632      580.042 
   0.000209663      551.304 
   0.000209695      519.486 
   0.000209737      473.654 
   0.000209844      351.115 
   0.000209886       305.16 
   0.000209917      272.634 
   0.000209949       242.16 
    0.00020997      223.105 
   0.000209991      205.114 
   0.000210012      188.214 
   0.000210033      172.417 
   0.000210054      157.719 
   0.000210071      146.617 
    0.00021009      134.741 
    0.00021011      123.751 
   0.000210129      113.614 
   0.000210149      104.291 
   0.000210168      95.7412 
   0.000210183      89.8803 
   0.000210197      84.4008 
   0.000210212       79.284 
   0.000210226      74.5112 
    0.00021024      70.0636 
   0.000210255      65.9228 
   0.000210269      62.0707 
    0.00021029      57.0985 
   0.000210307       53.169 
   0.000210325      49.5813 
   0.000210343      46.3069 
   0.000210361       43.319 
   0.000210378      40.5924 
   0.000210396      38.1035 
   0.000210414      35.8305 
   0.000210431      33.7533 
   0.000210449      31.8533 
   0.000210467      30.1137 
   0.000210486      28.4062 
   0.000210506      26.7972 
   0.000210525      25.3312 
   0.000210545      23.9926 
   0.000210565      22.7679 
   0.000210591      21.2909 
   0.000210617      19.9694 
   0.000210643      18.7818 
    0.00021067      17.7102 
   0.000210699      16.6224 
   0.000210732        15.54 
   0.000210765       14.572 
   0.000210798      13.7013 
   0.000210831      12.9143 
   0.000210864      12.1994 
   0.000210897      11.5473 
   0.000210929      10.9502 
   0.000210964      10.3757 
      0.000211      9.82471 
   0.000211036      9.31901 
   0.000211072      8.85346 
   0.000211127      8.22097 
   0.000211181      7.65676 
   0.000211235      7.15091 
   0.000211294      6.65516 
   0.000211353      6.21085 
   0.000211413      5.81088 
   0.000211472      5.44937 
   0.000211531      5.12143 
   0.000211596      4.79538 
   0.000211664      4.48779 
   0.000211732      4.20948 
     0.0002118      3.95679 
   0.000211868      3.72662 
   0.000211938      3.50782 
   0.000212015      3.29261 
   0.000212091      3.09694 
   0.000212168      2.91848 
   0.000212244      2.75527 
   0.000212321      2.60558 
   0.000212417      2.43368 
   0.000212514       2.2785 
    0.00021261      2.13791 
   0.000212707      2.01013 
   0.000212803      1.89364 
   0.000212907      1.77952 
   0.000213015       1.6721 
   0.000213122      1.57428 
    0.00021323      1.48492 
   0.000213337      1.40308 
   0.000213451      1.32344 
   0.000213579      1.24232 
   0.000213706      1.16855 
   0.000213834      1.10129 
   0.000213961      1.03977 
   0.000214089     0.983372 
   0.000214259     0.915105 
    0.00021443     0.853854 
     0.0002146     0.798681 
    0.00021477     0.748806 
   0.000214941     0.703574 
   0.000215142     0.655354 
   0.000215359     0.608924 
   0.000215575     0.567389 
   0.000215792     0.530078 
   0.000216009     0.496446 
   0.000216224     0.466209 
   0.000216437     0.439079 
    0.00021665     0.414349 
   0.000216863     0.391742 
   0.000217005     0.377733 
   0.000217288      0.35199 
   0.000217551     0.330576 
   0.000217813     0.311166 
   0.000218076     0.293515 
   0.000218338     0.277419 
   0.000218601     0.262701 
   0.000218882     0.248278 
   0.000219173      0.23468 
   0.000219464     0.222262 
   0.000219755     0.210894 
   0.000220046     0.200461 
   0.000220358     0.190184 
   0.000220713     0.179533 
   0.000221068     0.169854 
   0.000221423     0.161034 
    0.00022166     0.155582 
   0.000222133     0.145591 
    0.00022255     0.137684 
   0.000222968     0.130511 
   0.000223246     0.126092 
   0.000223802     0.118024 
   0.000224358      0.11086 
   0.000224816     0.105542 
   0.000225275     0.100693 
   0.000225886    0.0948669 
   0.000226498    0.0896907 
   0.000227095    0.0851526 
   0.000227679    0.0811595 
   0.000228262    0.0775521 
   0.000228846    0.0742855 
   0.000229478    0.0710885 
   0.000230158    0.0679957 
   0.000230838     0.065219 
   0.000231858    0.0615832 
   0.000232776    0.0587572 
   0.000233694    0.0563078 
   0.000234612    0.0541808 
   0.000235529    0.0523476 
   0.000236753     0.050269 
    0.00023775     0.048862 
   0.000239079    0.0473286 
   0.000240181     0.046336 
    0.00024172    0.0453261 
   0.000243166    0.0447185 
   0.000244517    0.0444607 
   0.000245193    0.0444251 
   0.000246871    0.0446519 
   0.000248047    0.0450575 
    0.00024928    0.0457172 
   0.000250545    0.0466533 
   0.000251841    0.0479087 
   0.000253048    0.0493697 
   0.000254165    0.0510008 
   0.000255281    0.0529339 
   0.000256398    0.0552095 
   0.000257287    0.0572998 
   0.000258281    0.0599604 
   0.000259274    0.0630316 
   0.000260212    0.0663477 
   0.000261122    0.0700195 
   0.000262032    0.0742277 
   0.000262942    0.0790541 
   0.000263549    0.0826699 
   0.000264156    0.0866529 
   0.000264762    0.0910418 
   0.000265366    0.0958631 
    0.00026597      0.10122 
   0.000266574     0.107181 
   0.000267205     0.114145 
   0.000267698     0.120194 
   0.000268192     0.126848 
   0.000268685     0.134195 
   0.000269178     0.142326 
   0.000269507     0.148229 
   0.000270024     0.158381 
   0.000270412     0.166809 
   0.000270799     0.176036 
   0.000271187     0.186156 
   0.000271574     0.197284 
   0.000271983     0.210252 
   0.000272391     0.224686 
     0.0002728     0.240815 
   0.000273106     0.254185 
   0.000273405     0.268422 
     0.0002737     0.283781 
   0.000273995     0.300598 
    0.00027429     0.319064 
   0.000274585     0.339397 
   0.000274782     0.354119 
   0.000275093     0.379601 
   0.000275327     0.400669 
    0.00027556     0.423636 
   0.000275794     0.448737 
   0.000276028     0.476245 
   0.000276235     0.502919 
   0.000276442     0.531992 
    0.00027665     0.563763 
   0.000276857      0.59858 
   0.000277064      0.63685 
   0.000277254     0.675304 
   0.000277435     0.715428 
   0.000277616     0.759352 
   0.000277797     0.807572 
   0.000277978     0.860669 
   0.000278098     0.899108 
   0.000278291     0.966038 
   0.000278435       1.0214 
   0.000278579      1.08177 
   0.000278723       1.1478 
   0.000278867      1.22021 
   0.000278998      1.29202 
   0.000279128       1.3705 
   0.000279259      1.45651 
   0.000279389      1.55105 
    0.00027952       1.6553 
   0.000279636      1.75701 
   0.000279744      1.86118 
   0.000279853      1.97508 
   0.000279961      2.09998 
    0.00028007      2.23735 
   0.000280172      2.37966 
   0.000280261      2.51602 
   0.000280351      2.66469 
    0.00028044      2.82721 
    0.00028053       3.0054 
   0.000280619      3.20135 
     0.0002807      3.39587 
   0.000280781      3.60908 
   0.000280862      3.84352 
   0.000280943      4.10216 
   0.000281024      4.38852 
   0.000281102      4.69574 
   0.000281179      5.03121 
   0.000281255      5.40511 
   0.000281332      5.82373 
   0.000281384      6.13138 
   0.000281435      6.46498 
   0.000281486      6.82764 
   0.000281537      7.22301 
   0.000281589       7.6553 
    0.00028164      8.12952 
   0.000281691      8.65156 
   0.000281742      9.22847 
   0.000281794      9.86873 
   0.000281845      10.5826 
   0.000281886      11.2151 
   0.000281932      12.0021 
   0.000281978       12.882 
   0.000282024      13.8706 
   0.000282055      14.5997 
   0.000282086      15.3927 
   0.000282116      16.2575 
   0.000282154      17.4278 
   0.000282192      18.7386 
   0.000282217      19.7016 
   0.000282242      20.7445 
   0.000282267      21.8759 
   0.000282292      23.1051 
   0.000282317      24.4423 
   0.000282348      26.2437 
   0.000282379       28.247 
    0.00028241      30.4777 
    0.00028244      32.9635 
   0.000282471      35.7349 
   0.000282492      37.7572 
   0.000282512       39.931 
   0.000282533      42.2669 
   0.000282553      44.7757 
   0.000282574      47.4685 
   0.000282594      50.3566 
   0.000282615      53.4511 
   0.000282635      56.7633 
   0.000282656      60.3039 
   0.000282686       66.066 
   0.000282717      72.3984 
   0.000282748      79.3294 
   0.000282779      86.8815 
   0.000282809       95.069 
   0.000282836      102.532 
    0.00028287      113.196 
   0.000282905       124.65 
   0.000282949      139.996 
      0.000283      159.305 
   0.000283072      187.893 
   0.000283154      221.012 
   0.000283215      244.543 
   0.000283256      258.869 
   0.000283299      272.236 
   0.000283333      281.258 
   0.000283367       288.77 
   0.000283404      295.058 
   0.000283441      299.197 
   0.000283477      301.058 
   0.000283489      301.192 
   0.000283524      300.151 
   0.000283552       297.93 
   0.000283591      292.477 
   0.000283631      284.585 
   0.000283658      278.082 
   0.000283699      266.364 
    0.00028374      252.881 
   0.000283781      238.018 
   0.000283843       214.01 
   0.000283966      164.498 
   0.000284017      144.906 
   0.000284063      128.361 
   0.000284094      118.017 
    0.00028413      106.707 
    0.00028416      97.6917 
   0.000284191      89.3148 
   0.000284222      81.5745 
   0.000284253      74.4591 
   0.000284283      67.9484 
   0.000284314      62.0159 
   0.000284335      58.3669 
   0.000284355      54.9507 
   0.000284376      51.7568 
   0.000284396      48.7741 
   0.000284417      45.9915 
   0.000284437      43.3978 
   0.000284458       40.982 
   0.000284478       38.733 
   0.000284499      36.6403 
   0.000284529      33.7717 
    0.00028456      31.1984 
   0.000284591      28.8893 
   0.000284613      27.3727 
   0.000284637      25.8673 
   0.000284661      24.4806 
   0.000284685      23.2021 
   0.000284708      22.0219 
   0.000284744       20.417 
    0.00028478      18.9869 
   0.000284817      17.6478 
   0.000284856      16.4259 
   0.000284894       15.334 
   0.000284933      14.3542 
   0.000284971      13.4714 
   0.000285008      12.6983 
   0.000285043      12.0407 
   0.000285089      11.2454 
   0.000285135      10.5309 
   0.000285181      9.88612 
   0.000285227      9.30188 
   0.000285274      8.77042 
    0.00028532      8.28529 
   0.000285366        7.841 
   0.000285417      7.38962 
   0.000285468      6.97752 
   0.000285519       6.6001 
   0.000285571      6.25345 
   0.000285622      5.93421 
   0.000285699      5.50052 
   0.000285776      5.11386 
   0.000285847      4.79124 
   0.000285918      4.49888 
    0.00028599      4.23304 
   0.000286061      3.99056 
   0.000286132      3.76874 
   0.000286225      3.50736 
   0.000286294      3.33053 
   0.000286398      3.08974 
   0.000286501      2.87454 
   0.000286605       2.6814 
   0.000286708      2.50737 
   0.000286791      2.38078 
   0.000286914       2.2084 
   0.000287038      2.05434 
   0.000287162      1.91609 
   0.000287285      1.79154 
   0.000287408      1.67929 
   0.000287531      1.57809 
   0.000287653      1.48592 
   0.000287776      1.40173 
   0.000287898      1.32462 
    0.00028802      1.25382 
    0.00028817        1.175 
   0.000288319      1.10353 
   0.000288468      1.03851 
   0.000288618     0.979209 
   0.000288767     0.924968 
    0.00028896      0.86132 
   0.000289104     0.818327 
    0.00028932     0.759809 
   0.000289535      0.70754 
   0.000289751     0.660661 
   0.000289966     0.618466 
   0.000290219      0.57422 
   0.000290471     0.534787 
   0.000290723     0.499506 
   0.000290976     0.467826 
   0.000291228     0.439286 
   0.000291478     0.413711 
   0.000291728     0.390616 
   0.000291977     0.369613 
   0.000292226     0.350472 
   0.000292475     0.332996 
   0.000292731      0.31659 
   0.000293001     0.300826 
   0.000293271     0.286474 
   0.000293541     0.273401 
     0.0002939     0.257768 
   0.000294211     0.245763 
   0.000294604     0.232363 
   0.000294997      0.22074 
   0.000295389     0.210756 
   0.000295782     0.202338 
   0.000296175     0.195446 
   0.000296538     0.190421 
   0.000296902     0.186745 
   0.000297174     0.184935 
   0.000297492     0.183951 
   0.000297566     0.183912 
   0.000297865     0.184565 
   0.000298102     0.186107 
   0.000298338     0.188705 
   0.000298575      0.19255 
   0.000298811     0.197899 
   0.000299017     0.204036 
   0.000299207     0.211209 
   0.000299398     0.220131 
   0.000299525     0.227246 
   0.000299652     0.235465 
   0.000299779     0.244974 
   0.000299906     0.256003 
   0.000300012     0.266659 
   0.000300119     0.278797 
   0.000300226     0.292672 
   0.000300332       0.3086 
   0.000300439     0.326972 
   0.000300526     0.343985 
   0.000300602     0.360867 
   0.000300678     0.379782 
   0.000300755     0.401065 
   0.000300831     0.425127 
   0.000300901     0.449907 
   0.000300957     0.472179 
   0.000301013     0.496843 
   0.000301069     0.524274 
   0.000301125     0.554938 
   0.000301181     0.589417 
   0.000301229     0.622868 
   0.000301278      0.66035 
   0.000301326     0.702668 
   0.000301374      0.75088 
   0.000301407     0.786974 
   0.000301439     0.826841 
   0.000301468     0.866275 
   0.000301497     0.909835 
   0.000301526     0.958217 
   0.000301555      1.01226 
   0.000301584      1.07299 
   0.000301613      1.14162 
   0.000301634      1.19918 
   0.000301656      1.26274 
   0.000301682      1.34685 
   0.000301704      1.42936 
   0.000301726      1.52164 
   0.000301749      1.62509 
   0.000301766      1.71097 
   0.000301782      1.80477 
   0.000301799      1.90733 
   0.000301816      2.01953 
   0.000301833      2.14235 
   0.000301849      2.27684 
   0.000301865       2.4088 
    0.00030188      2.55203 
   0.000301895      2.70749 
    0.00030191       2.8762 
   0.000301925      3.05923 
    0.00030194      3.25773 
   0.000301955       3.4729 
    0.00030197      3.70601 
   0.000301985      3.95837 
   0.000302001      4.23138 
   0.000302019      4.59516 
   0.000302036      4.95675 
   0.000302053      5.34997 
   0.000302069      5.77699 
   0.000302086      6.24004 
   0.000302103      6.74137 
    0.00030212      7.28325 
   0.000302137      7.86794 
   0.000302153      8.48339 
   0.000302169      9.12869 
   0.000302185      9.81898 
   0.000302201       10.556 
   0.000302217      11.3415 
   0.000302233      12.1769 
   0.000302249      13.0635 
   0.000302273      14.4922 
   0.000302297      16.0236 
   0.000302321      17.6749 
   0.000302345      19.4466 
   0.000302369      21.3373 
   0.000302392      23.3438 
   0.000302424      26.1906 
    0.00030246      29.6061 
   0.000302504      34.0687 
   0.000302574      41.5904 
   0.000302651      49.7163 
   0.000302689      53.5467 
   0.000302725      56.9736 
    0.00030276      59.8394 
    0.00030279       62.066 
   0.000302816      63.6575 
   0.000302841      64.9849 
   0.000302866      66.0292 
   0.000302892      66.7753 
    0.00030292      67.2385 
    0.00030294      67.3356 
   0.000302965       67.177 
   0.000302993      66.6267 
    0.00030302      65.7605 
   0.000303045      64.6338 
   0.000303071      63.2293 
   0.000303097      61.4777 
   0.000303134      58.6424 
    0.00030317      55.5159 
   0.000303208      51.8339 
   0.000303259       46.563 
   0.000303367      34.9847 
   0.000303406      30.9634 
   0.000303437      27.9275 
   0.000303465      25.2642 
   0.000303489      23.1588 
   0.000303513      21.1646 
   0.000303537      19.2864 
   0.000303561       17.527 
   0.000303584      15.8877 
   0.000303608      14.3679 
   0.000303632      12.9659 
   0.000303648      12.0952 
   0.000303664      11.2743 
    0.00030368       10.502 
   0.000303695      9.77677 
   0.000303717      8.87558 
   0.000303733      8.24119 
   0.000303749       7.6499 
   0.000303765      7.09974 
   0.000303782       6.5887 
   0.000303798      6.11475 
   0.000303814      5.67586 
    0.00030383      5.27001 
   0.000303846      4.89524 
   0.000303863      4.54958 
   0.000303879      4.23115 
   0.000303896       3.9303 
   0.000303912      3.65077 
   0.000303929      3.39495 
   0.000303946      3.16099 
   0.000303963      2.94717 
    0.00030398      2.75187 
   0.000303997      2.57355 
   0.000304014      2.41077 
   0.000304031      2.26219 
   0.000304047      2.12656 
   0.000304064      2.00273 
   0.000304082      1.88313 
     0.0003041      1.77441 
   0.000304118      1.67551 
   0.000304136      1.58544 
   0.000304154      1.50332 
   0.000304172      1.42834 
   0.000304196      1.33825 
    0.00030422      1.25804 
   0.000304243      1.18639 
    0.00030427      1.11512 
   0.000304285      1.07922 
   0.000304314      1.01385 
   0.000304344     0.955884 
   0.000304373      0.90418 
   0.000304403      0.85778 
   0.000304432     0.815898 
   0.000304461     0.777884 
   0.000304491     0.743205 
   0.000304524      0.70813 
   0.000304556     0.676112 
   0.000304605     0.632947 
   0.000304654      0.59468 
   0.000304703     0.560488 
   0.000304752     0.529737 
   0.000304812      0.49615 
   0.000304871     0.466232 
   0.000304931     0.439424 
   0.000304991     0.415277 
   0.000305051     0.393429 
   0.000305122     0.369779 
     0.0003052     0.346914 
   0.000305278     0.326511 
   0.000305356     0.308216 
   0.000305434     0.291735 
   0.000305519     0.275532 
   0.000305618     0.258635 
   0.000305718     0.243604 
   0.000305817     0.230163 
   0.000305916     0.218088 
   0.000306015     0.207192 
    0.00030611     0.197761 
   0.000306252     0.185118 
   0.000306394     0.174006 
   0.000306536     0.164178 
   0.000306678     0.155434 
   0.000306843     0.146441 
   0.000306983     0.139619 
   0.000307123     0.133447 
   0.000307333     0.125224 
   0.000307543     0.118041 
   0.000307753      0.11172 
   0.000307893     0.107914 
   0.000308116     0.102419 
    0.00030834    0.0975323 
   0.000308563    0.0931595 
   0.000308787    0.0892246 
   0.000309122    0.0840122 
   0.000309457    0.0794829 
    0.00030968     0.076778 
       0.00031    0.0732781 
    0.00031032    0.0701499 
   0.000310639    0.0673368 
   0.000311119      0.06361 
   0.000311598    0.0603662 
   0.000312077    0.0575132 
   0.000312573    0.0549009 
   0.000313077    0.0525402 
   0.000313582    0.0504315 
   0.000314254    0.0479358 
   0.000314926    0.0457411 
    0.00031564    0.0436835 
   0.000316354    0.0418604 
   0.000317068    0.0402348 
   0.000318112    0.0381576 
   0.000319102    0.0364599 
   0.000320092    0.0349829 
   0.000321141    0.0336223 
   0.000322221    0.0324141 
     0.0003233    0.0313819 
   0.000324668    0.0302938 
   0.000325693    0.0296361 
   0.000326745    0.0291059 
    0.00032781    0.0287303 
   0.000328874    0.0285373 
   0.000329196    0.0285217 
   0.000330195    0.0286363 
    0.00033086    0.0288755 
   0.000331525    0.0292923 
   0.000332089    0.0298286 
    0.00033255    0.0304393 
   0.000333011    0.0312531 
   0.000333356    0.0320358 
   0.000333702    0.0330096 
    0.00033397    0.0339293 
   0.000334237    0.0350309 
   0.000334505    0.0363597 
   0.000334773     0.037976 
   0.000334951     0.039253 
    0.00033513    0.0407262 
   0.000335327    0.0426344 
   0.000335459     0.044102 
    0.00033559    0.0457562 
   0.000335722    0.0476296 
   0.000335853    0.0497621 
   0.000335985    0.0522038 
   0.000336117    0.0550174 
   0.000336218    0.0574841 
   0.000336324    0.0604106 
    0.00033643    0.0637469 
   0.000336537    0.0675751 
   0.000336607     0.070451 
   0.000336678    0.0736296 
   0.000336749    0.0771564 
   0.000336814     0.080749 
   0.000336879    0.0847337 
   0.000336944    0.0891735 
   0.000337009    0.0941464 
   0.000337074    0.0997506 
   0.000337136     0.105793 
   0.000337197     0.112486 
   0.000337237     0.117473 
   0.000337277     0.122957 
   0.000337318     0.129023 
   0.000337358     0.135778 
   0.000337398      0.14336 
   0.000337433     0.150677 
   0.000337462     0.157476 
   0.000337491     0.164998 
    0.00033752     0.173364 
   0.000337549     0.182724 
   0.000337578     0.193259 
   0.000337607     0.205185 
   0.000337629     0.215198 
   0.000337651     0.226267 
   0.000337677     0.241071 
   0.000337696     0.253472 
   0.000337716     0.267137 
   0.000337735     0.282222 
   0.000337755     0.298898 
   0.000337774     0.317357 
   0.000337794     0.337812 
   0.000337813     0.360496 
   0.000337833     0.385667 
   0.000337852     0.413609 
   0.000337869     0.439755 
   0.000337884     0.465695 
   0.000337899     0.493817 
   0.000337914     0.524297 
   0.000337929     0.557321 
   0.000337944     0.593086 
   0.000337959     0.631799 
   0.000337974     0.673678 
   0.000337989     0.718952 
   0.000338005     0.767858 
    0.00033802     0.820643 
   0.000338038     0.889461 
   0.000338056     0.964692 
   0.000338074      1.04681 
   0.000338092       1.1363 
    0.00033811      1.23365 
   0.000338128      1.33937 
   0.000338146      1.45396 
   0.000338165      1.57792 
    0.00033818      1.68871 
   0.000338195      1.80661 
    0.00033821       1.9319 
   0.000338232      2.13425 
   0.000338255      2.35457 
   0.000338278      2.59359 
     0.0003383      2.84406 
   0.000338321       3.1089 
   0.000338343        3.392 
   0.000338365      3.69343 
   0.000338386      4.01311 
   0.000338415      4.46449 
   0.000338444      4.94328 
   0.000338479      5.58082 
   0.000338515      6.25665 
   0.000338558      7.10786 
   0.000338683      9.68355 
   0.000338728        10.58 
   0.000338774       11.405 
   0.000338807      11.9413 
   0.000338838      12.3828 
   0.000338877      12.8468 
   0.000338911       13.161 
   0.000338945      13.3779 
   0.000338973      13.4779 
      0.000339      13.5108 
   0.000339032      13.4637 
   0.000339058      13.3568 
   0.000339092      13.1276 
   0.000339127      12.8022 
   0.000339155      12.4629 
   0.000339184      12.0676 
   0.000339218       11.528 
   0.000339252      10.9287 
   0.000339286      10.2822 
   0.000339349      9.02075 
   0.000339445      7.04017 
   0.000339484      6.27593 
   0.000339522      5.54758 
   0.000339558      4.91309 
   0.000339586      4.43685 
   0.000339615      3.99056 
   0.000339636      3.67622 
   0.000339662      3.32793 
   0.000339687      3.00454 
   0.000339712      2.70583 
   0.000339729      2.52018 
   0.000339746      2.34507 
   0.000339763      2.18027 
   0.000339781      2.01402 
     0.0003398      1.84838 
    0.00033982      1.69507 
   0.000339839      1.55354 
   0.000339859       1.4232 
   0.000339878      1.30344 
   0.000339897      1.19364 
   0.000339917       1.0932 
   0.000339932      1.02154 
   0.000339948      0.95091 
   0.000339964      0.88553 
    0.00033998     0.825074 
   0.000339996     0.769233 
   0.000340012     0.717706 
   0.000340028     0.670203 
   0.000340043     0.626446 
   0.000340059      0.58617 
   0.000340075     0.549123 
   0.000340091     0.515063 
   0.000340108     0.481816 
   0.000340126     0.450557 
   0.000340143     0.422087 
   0.000340161     0.396161 
   0.000340178     0.372549 
   0.000340196     0.351041 
   0.000340213     0.331442 
   0.000340231     0.313573 
   0.000340248      0.29727 
    0.00034026     0.287196 
   0.000340283     0.268773 
   0.000340304     0.254102 
   0.000340325      0.24087 
   0.000340346     0.228911 
   0.000340367     0.218077 
   0.000340394     0.205158 
   0.000340422     0.193739 
    0.00034045     0.183595 
   0.000340477     0.174535 
   0.000340505       0.1664 
   0.000340538     0.157645 
   0.000340572     0.149849 
   0.000340605     0.142856 
   0.000340639     0.136543 
   0.000340689     0.128132 
   0.000340739     0.120765 
   0.000340795     0.113471 
   0.000340841     0.108168 
   0.000340887     0.103361 
   0.000340956    0.0969332 
   0.000341025    0.0912928 
   0.000341095    0.0863052 
   0.000341174    0.0812654 
    0.00034124    0.0775197 
   0.000341306    0.0741343 
   0.000341405    0.0696321 
   0.000341504    0.0657109 
   0.000341603     0.062272 
   0.000341669    0.0602083 
   0.000341772    0.0573064 
   0.000341875    0.0547341 
   0.000341978    0.0524422 
   0.000342081    0.0503909 
   0.000342235    0.0476943 
    0.00034239    0.0453769 
   0.000342558    0.0432076 
   0.000342753    0.0410614 
   0.000342947    0.0392388 
   0.000343142    0.0376784 
   0.000343337    0.0363326 
   0.000343532     0.035164 
   0.000343749    0.0340377 
   0.000344074    0.0326232 
   0.000344399    0.0314699 
   0.000344724    0.0305209 
   0.000345049    0.0297337 
   0.000345442    0.0289526 
   0.000345973    0.0281334 
   0.000346503    0.0275216 
   0.000347034    0.0270662 
   0.000347741    0.0266517 
   0.000348381    0.0264346 
   0.000349242    0.0263348 
   0.000349992    0.0264144 
   0.000350742    0.0266409 
   0.000351492    0.0270237 
   0.000352243    0.0275811 
   0.000352948    0.0282985 
   0.000353477    0.0289905 
   0.000354006     0.029842 
   0.000354535    0.0308907 
   0.000355064    0.0321877 
   0.000355434     0.033281 
   0.000355803    0.0345688 
   0.000356173    0.0360951 
   0.000356419    0.0372734 
   0.000356665    0.0386053 
   0.000356912    0.0401181 
   0.000357192    0.0421025 
   0.000357427    0.0440323 
   0.000357663    0.0462517 
   0.000357898    0.0488216 
   0.000358055    0.0507674 
   0.000358213    0.0529322 
   0.000358397    0.0558087 
   0.000358557    0.0586257 
   0.000358717    0.0618099 
   0.000358876    0.0654291 
   0.000359036    0.0695677 
    0.00035918    0.0738422 
   0.000359293    0.0776271 
   0.000359407    0.0818466 
    0.00035952    0.0865715 
   0.000359634    0.0918875 
   0.000359747    0.0979004 
   0.000359832     0.102924 
   0.000359917     0.108475 
   0.000360001     0.114633 
   0.000360086     0.121493 
   0.000360171      0.12917 
   0.000360245     0.136631 
   0.000360313     0.144284 
   0.000360381     0.152768 
    0.00036045     0.162213 
   0.000360518     0.172785 
   0.000360582     0.183835 
   0.000360636     0.194355 
   0.000360691     0.206039 
   0.000360745     0.219098 
   0.000360799     0.233803 
   0.000360836     0.244694 
    0.00036087     0.256021 
   0.000360903     0.267781 
   0.000360936     0.280659 
   0.000360969     0.294837 
   0.000361002      0.31054 
   0.000361035      0.32804 
   0.000361068     0.347674 
   0.000361101     0.369854 
   0.000361131     0.392815 
   0.000361158     0.416251 
   0.000361185     0.442597 
   0.000361206     0.464559 
   0.000361226     0.488672 
   0.000361247     0.515203 
   0.000361267     0.544456 
   0.000361288     0.576766 
   0.000361308      0.61251 
   0.000361329     0.652109 
   0.000361347     0.691185 
   0.000361364     0.731448 
   0.000361381      0.77543 
   0.000361399     0.823493 
   0.000361416     0.876026 
   0.000361433     0.933447 
    0.00036145     0.996208 
   0.000361468      1.06479 
   0.000361485      1.13971 
   0.000361502      1.22152 
   0.000361519       1.3108 
   0.000361535       1.3977 
    0.00036155      1.49156 
   0.000361566      1.59286 
   0.000361581      1.70212 
   0.000361597      1.81986 
   0.000361612      1.94661 
   0.000361628      2.08293 
   0.000361643      2.22939 
   0.000361659      2.38657 
   0.000361674      2.55507 
   0.000361692      2.76913 
   0.000361708      2.96947 
   0.000361724      3.18372 
    0.00036174      3.41251 
   0.000361756      3.65647 
   0.000361772      3.91621 
   0.000361787       4.1923 
   0.000361811      4.63834 
   0.000361834      5.11033 
   0.000361857      5.62135 
   0.000361881      6.17251 
   0.000361904      6.76465 
   0.000361927      7.39824 
    0.00036195      8.06033 
   0.000361972      8.75518 
   0.000362002      9.74076 
   0.000362032       10.791 
   0.000362068      12.1298 
   0.000362108      13.7247 
   0.000362162      15.9604 
   0.000362276       20.789 
   0.000362324      22.7115 
    0.00036236      24.0494 
   0.000362396      25.2663 
   0.000362437      26.4649 
   0.000362466      27.1768 
   0.000362502      27.8915 
   0.000362538      28.3958 
   0.000362563      28.6166 
     0.0003626      28.7373 
   0.000362624      28.6859 
    0.00036265       28.507 
   0.000362688      28.0523 
   0.000362724      27.3943 
   0.000362762      26.4744 
   0.000362794      25.5413 
   0.000362829      24.4004 
   0.000362853      23.5421 
   0.000362901      21.6876 
   0.000362964      19.0535 
   0.000363059      15.0227 
   0.000363104       13.221 
   0.000363134      12.0523 
   0.000363171      10.6661 
   0.000363201      9.62455 
   0.000363231      8.64793 
   0.000363253      7.95989 
   0.000363276      7.31073 
   0.000363298      6.70071 
   0.000363321      6.12971 
   0.000363339      5.70733 
   0.000363359      5.24941 
   0.000363379      4.82207 
     0.0003634      4.42439 
    0.00036342      4.05535 
   0.000363441      3.71382 
   0.000363461      3.39857 
   0.000363481      3.10831 
   0.000363497      2.90349 
   0.000363513      2.70666 
   0.000363529      2.52298 
   0.000363545      2.35182 
   0.000363561      2.19252 
   0.000363577      2.04443 
   0.000363593      1.90692 
   0.000363609      1.77939 
   0.000363625      1.66122 
   0.000363641      1.55183 
   0.000363656      1.45066 
   0.000363673      1.35356 
    0.00036369      1.26253 
   0.000363707      1.17893 
   0.000363724      1.10221 
   0.000363741      1.03182 
   0.000363758     0.967279 
   0.000363775     0.908109 
   0.000363791     0.853873 
   0.000363808      0.80416 
   0.000363825     0.758588 
   0.000363842     0.716801 
   0.000363863     0.670005 
   0.000363884       0.6279 
   0.000363905     0.589978 
   0.000363926     0.555777 
   0.000363946     0.524885 
   0.000363967     0.496933 
   0.000363988     0.471591 
   0.000364009     0.448564 
   0.000364037     0.421017 
   0.000364065      0.39659 
   0.000364095     0.372611 
   0.000364126     0.351384 
   0.000364157     0.332478 
   0.000364188     0.315537 
   0.000364219     0.300266 
   0.000364249     0.286423 
   0.000364296     0.267909 
    0.00036433     0.255668 
   0.000364367     0.243421 
   0.000364405     0.232261 
   0.000364461     0.217244 
   0.000364518     0.203959 
   0.000364574     0.192111 
   0.000364638     0.180248 
   0.000364689     0.171566 
    0.00036474     0.163624 
   0.000364818     0.152909 
   0.000364895     0.143424 
   0.000364972     0.134978 
   0.000365056     0.126729 
   0.000365123     0.120898 
   0.000365222     0.113056 
   0.000365322     0.106144 
   0.000365422     0.100017 
   0.000365521    0.0945582 
   0.000365638    0.0888916 
   0.000365763    0.0835453 
   0.000365888     0.078838 
   0.000366013    0.0746709 
   0.000366138    0.0709639 
   0.000366282    0.0671772 
   0.000366404    0.0643312 
   0.000366586    0.0605656 
   0.000366768    0.0573075 
   0.000366951      0.05447 
   0.000367133    0.0519843 
   0.000367291    0.0500718 
   0.000367485    0.0479809 
    0.00036768    0.0461378 
   0.000367874    0.0445058 
   0.000368166    0.0423889 
   0.000368457    0.0406002 
   0.000368749    0.0390779 
   0.000369043    0.0377645 
   0.000369337    0.0366345 
   0.000369778    0.0352198 
   0.000370219     0.034075 
   0.000370659    0.0331426 
     0.0003711    0.0323792 
   0.000371633    0.0316386 
   0.000372165    0.0310575 
   0.000372875    0.0304779 
   0.000373585    0.0300728 
   0.000374472    0.0297586 
   0.000375538    0.0295844 
   0.000376071    0.0295713 
   0.000377563    0.0297223 
   0.000379055    0.0301034 
   0.000380429    0.0306239 
   0.000381803    0.0312831 
   0.000383574     0.032324 
   0.000385286    0.0335251 
   0.000386881    0.0348301 
    0.00038836    0.0362055 
   0.000389861    0.0377765 
   0.000391383    0.0395745 
   0.000392897    0.0415832 
   0.000394403    0.0438334 
   0.000395908    0.0463735 
   0.000397413    0.0492517 
   0.000398573    0.0517325 
   0.000399796    0.0546441 
   0.000401018    0.0579051 
   0.000402133    0.0612331 
   0.000403194    0.0647668 
   0.000404255    0.0687046 
   0.000405315    0.0731429 
   0.000406375    0.0781636 
   0.000407082    0.0818902 
   0.000407849    0.0863346 
   0.000408616    0.0912613 
   0.000409384    0.0967425 
   0.000410151      0.10287 
   0.000410878     0.109389 
   0.000411605     0.116723 
    0.00041215     0.122839 
   0.000412695     0.129584 
   0.000413229     0.136911 
   0.000413742     0.144707 
   0.000414255     0.153359 
   0.000414768        0.163 
   0.000415281     0.173803 
   0.000415794     0.186007 
    0.00041618     0.196275 
   0.000416566     0.207629 
   0.000416952     0.220225 
   0.000417337     0.234251 
   0.000417723     0.249961 
   0.000418035     0.264111 
    0.00041831     0.277827 
   0.000418585     0.292863 
    0.00041886       0.3094 
   0.000419135      0.32765 
   0.000419319     0.340895 
     0.0004196     0.363119 
   0.000419881     0.388001 
   0.000420092     0.408681 
   0.000420303     0.431346 
   0.000420516     0.456621 
   0.000420736     0.485333 
   0.000420955     0.517256 
   0.000421175     0.552905 
   0.000421394     0.592909 
   0.000421541     0.622374 
   0.000421712     0.660116 
   0.000421859     0.695713 
   0.000422006     0.734631 
   0.000422153     0.777307 
     0.0004223     0.824253 
   0.000422441     0.873518 
   0.000422567     0.922224 
   0.000422693     0.975557 
    0.00042282      1.03414 
   0.000422946      1.09869 
   0.000423073      1.17008 
   0.000423207      1.25458 
   0.000423308      1.32467 
   0.000423408      1.40132 
   0.000423509      1.48542 
    0.00042361      1.57797 
     0.0004237      1.66936 
   0.000423791      1.76959 
   0.000423881      1.87988 
   0.000423972      2.00165 
   0.000424062      2.13663 
   0.000424142      2.26698 
   0.000424215      2.39975 
   0.000424288       2.5455 
   0.000424362      2.70606 
   0.000424435       2.8836 
   0.000424508      3.07811 
   0.000424578      3.28889 
   0.000424649      3.52418 
   0.000424719      3.78827 
   0.000424766       3.9829 
   0.000424813       4.1946 
   0.000424861       4.4256 
   0.000424907      4.67407 
   0.000424953      4.94679 
   0.000424999      5.24738 
   0.000425045      5.58014 
   0.000425092       5.9503 
   0.000425138      6.36414 
   0.000425173       6.7077 
   0.000425207      7.08386 
   0.000425249      7.58446 
   0.000425286      8.08122 
   0.000425323      8.63422 
    0.00042536      9.25181 
   0.000425388      9.76311 
   0.000425415      10.3207 
   0.000425443      10.9295 
   0.000425471      11.5952 
   0.000425499      12.3238 
   0.000425526      13.1219 
   0.000425551      13.8904 
   0.000425576       14.724 
     0.0004256      15.6284 
   0.000425625      16.6096 
   0.000425649      17.6739 
   0.000425674      18.8279 
   0.000425698      20.0786 
   0.000425723       21.433 
    0.00042575      23.1008 
   0.000425778      24.9219 
   0.000425806      26.9073 
   0.000425834      29.0677 
   0.000425861      31.4139 
   0.000425889      33.9561 
   0.000425917      36.7038 
   0.000425945      39.6656 
   0.000425972       42.849 
      0.000426      46.2601 
   0.000426028      49.9029 
   0.000426065      55.1241 
   0.000426102      60.7597 
    0.00042613      65.2525 
   0.000426167      71.5831 
   0.000426204      78.2764 
   0.000426259      88.9085 
   0.000426337       104.66 
   0.000426459      129.852 
   0.000426514      140.677 
    0.00042657      150.601 
   0.000426607      156.536 
   0.000426644      161.804 
   0.000426681      166.313 
   0.000426725      170.606 
   0.000426764      173.276 
   0.000426803      174.873 
    0.00042684      175.365 
   0.000426867      175.092 
     0.0004269      174.006 
   0.000426936      171.932 
   0.000426972      168.958 
   0.000427003      165.778 
    0.00042704      161.167 
   0.000427077       155.81 
   0.000427132      146.583 
   0.000427188      136.243 
   0.000427262      121.363 
   0.000427384      96.1466 
   0.000427439      85.1451 
   0.000427476      78.1414 
   0.000427513      71.4622 
    0.00042755      65.1457 
   0.000427587      59.2194 
   0.000427624      53.7001 
   0.000427652      49.8327 
    0.00042768      46.1988 
   0.000427708      42.7961 
   0.000427735      39.6204 
   0.000427763      36.6656 
   0.000427791      33.9244 
   0.000427819      31.3881 
   0.000427848      28.9257 
   0.000427878       26.613 
   0.000427908      24.5028 
   0.000427938      22.5812 
   0.000427968      20.8344 
   0.000427988      19.7604 
   0.000428012      18.5528 
   0.000428036      17.4373 
    0.00042806      16.4074 
   0.000428085      15.4569 
   0.000428109      14.5796 
   0.000428133        13.77 
   0.000428157      13.0227 
   0.000428191      12.0675 
   0.000428221      11.3208 
    0.00042825      10.6421 
    0.00042828      10.0245 
   0.000428309       9.4616 
   0.000428339      8.94772 
   0.000428368      8.47776 
   0.000428397      8.04712 
   0.000428437       7.5271 
   0.000428476      7.06125 
   0.000428519       6.6074 
   0.000428542      6.38235 
   0.000428588      5.96968 
   0.000428634      5.60072 
   0.000428681      5.26918 
   0.000428727      4.96985 
   0.000428773      4.69839 
   0.000428819       4.4512 
   0.000428866      4.22526 
   0.000428919      3.98944 
   0.000428972      3.77495 
   0.000429025      3.57913 
   0.000429078      3.39973 
    0.00042913      3.23488 
    0.00042921      3.01142 
   0.000429289      2.81262 
   0.000429352      2.67006 
   0.000429415      2.53921 
    0.00042951      2.36214 
   0.000429604      2.20497 
   0.000429699      2.06478 
   0.000429793      1.93917 
   0.000429896      1.81722 
   0.000429998      1.70802 
     0.0004301      1.60984 
   0.000430203      1.52126 
   0.000430305      1.44106 
   0.000430413       1.3646 
   0.000430523      1.29366 
   0.000430634      1.22934 
   0.000430744      1.17085 
   0.000430855      1.11754 
   0.000430973      1.06542 
   0.000431108      1.01184 
   0.000431243     0.963579 
   0.000431378     0.919988 
   0.000431557     0.868204 
   0.000431706     0.830051 
   0.000431884     0.789514 
   0.000432061     0.753638 
   0.000432239     0.721825 
   0.000432357     0.702625 
   0.000432594     0.668471 
   0.000432861     0.635809 
   0.000433128     0.608435 
   0.000433396     0.585553 
   0.000433663     0.566548 
    0.00043393     0.550929 
    0.00043422      0.53733 
   0.000434522     0.526442 
   0.000434823     0.518481 
   0.000435125     0.513154 
   0.000435427     0.510244 
   0.000435628     0.509563 
   0.000435958     0.510516 
   0.000436288     0.513922 
   0.000436729     0.522117 
   0.000437169     0.534407 
   0.000437608     0.550782 
   0.000438047     0.571356 
   0.000438376      0.58972 
   0.000438704     0.610771 
   0.000439033     0.634702 
   0.000439402     0.665283 
   0.000439791     0.702238 
    0.00044018     0.744626 
    0.00044057     0.793199 
   0.000440829     0.829469 
   0.000441088     0.869221 
     0.0004414     0.922056 
   0.000441672     0.973444 
   0.000441944      1.03029 
   0.000442217      1.09332 
   0.000442489      1.16341 
   0.000442744      1.23627 
   0.000442964      1.30555 
   0.000443184      1.38154 
   0.000443404      1.46509 
   0.000443624      1.55719 
   0.000443844      1.65903 
   0.000444061      1.77062 
   0.000444279      1.89467 
   0.000444496      2.03309 
   0.000444659      2.14768 
   0.000444818      2.26913 
   0.000444974      2.39971 
    0.00044513       2.5424 
   0.000445287      2.69875 
   0.000445443      2.87055 
     0.0004456      3.06164 
   0.000445761      3.27701 
   0.000445921      3.51667 
   0.000446082      3.78442 
   0.000446189      3.98076 
   0.000446295      4.19318 
   0.000446402      4.42351 
   0.000446547      4.76659 
   0.000446643       5.0185 
   0.000446739      5.29139 
   0.000446835      5.58767 
   0.000446932      5.91012 
   0.000447028      6.26195 
   0.000447124      6.64689 
   0.000447226      7.09397 
   0.000447333      7.61631 
   0.000447413       8.0478 
   0.000447493      8.51794 
   0.000447573      9.03154 
    0.00044765      9.57071 
   0.000447726      10.1481 
   0.000447801      10.7807 
   0.000447876       11.476 
   0.000447952      12.2428 
   0.000448023      13.0471 
   0.000448088      13.8386 
   0.000448152      14.7066 
   0.000448216      15.6613 
    0.00044828       16.715 
   0.000448344      17.8819 
   0.000448408      19.1789 
   0.000448472      20.6258 
   0.000448537      22.2462 
   0.000448579      23.4365 
   0.000448622      24.7256 
   0.000448665      26.1242 
   0.000448708       27.644 
    0.00044875       29.298 
   0.000448793      31.1005 
   0.000448836      33.0676 
   0.000448879      35.2163 
   0.000448922      37.5655 
   0.000448964      40.1354 
   0.000449007      42.9475 
   0.000449046      45.7044 
    0.00044908       48.349 
   0.000449114      51.1893 
   0.000449148      54.2375 
   0.000449182      57.5062 
   0.000449217      61.0075 
   0.000449251      64.7528 
   0.000449302      70.8519 
   0.000449345      76.3952 
   0.000449388      82.3721 
   0.000449431      88.7911 
   0.000449473      95.6543 
   0.000449516      102.956 
    0.00044958      114.696 
   0.000449644      127.293 
    0.00044973      145.155 
   0.000449901      182.319 
   0.000449987      200.032 
   0.000450063      214.432 
   0.000450115      222.857 
   0.000450166      230.109 
   0.000450211      235.398 
   0.000450271      240.539 
    0.00045031      242.788 
   0.000450363      244.262 
   0.000450379      244.342 
   0.000450425      243.665 
   0.000450462      242.096 
   0.000450517      238.275 
   0.000450571      232.717 
   0.000450625       225.58 
   0.000450679       217.06 
    0.00045075      204.285 
   0.000450821      190.093 
   0.000450953      161.497 
    0.00045106      138.445 
   0.000451124      125.244 
   0.000451188      112.777 
   0.000451253      101.185 
   0.000451295      93.9868 
   0.000451338      87.2285 
   0.000451381      80.9139 
   0.000451423      75.1809 
   0.000451464      69.8573 
   0.000451506      64.9296 
   0.000451548      60.3808 
   0.000451589      56.1914 
   0.000451622      53.1038 
   0.000451661      49.7717 
   0.000451699      46.6953 
   0.000451738      43.8568 
   0.000451776      41.2389 
   0.000451815      38.8249 
   0.000451853      36.5985 
   0.000451892      34.5446 
   0.000451933      32.5477 
   0.000451975      30.6187 
   0.000452018      28.8504 
   0.000452061      27.2274 
   0.000452104      25.7357 
   0.000452146      24.3624 
   0.000452189      23.0961 
   0.000452232      21.9266 
   0.000452296      20.3337 
    0.00045236      18.9107 
   0.000452424      17.6346 
   0.000452489      16.4858 
   0.000452553      15.4481 
   0.000452617      14.5074 
   0.000452681      13.6519 
   0.000452745      12.8715 
   0.000452809      12.1575 
   0.000452852      11.7147 
   0.000452938         10.9 
   0.000453023      10.1668 
   0.000453109      9.50648 
   0.000453195      8.90949 
   0.000453281      8.36789 
   0.000453367      7.87496 
   0.000453475      7.31104 
   0.000453556       6.9338 
   0.000453636       6.5854 
   0.000453756      6.11064 
   0.000453876        5.686 
   0.000453997       5.3046 
    0.00045409      5.03414 
   0.000454197      4.74987 
   0.000454304      4.48924 
   0.000454411      4.24968 
   0.000454518      4.02896 
   0.000454625      3.82516 
   0.000454785      3.54753 
    0.00045495      3.29365 
   0.000455122       3.0562 
   0.000455294      2.84376 
   0.000455466      2.65291 
   0.000455638      2.48081 
    0.00045581      2.32506 
   0.000455955      2.20448 
   0.000456101      2.09311 
   0.000456319      1.94136 
   0.000456538      1.80566 
   0.000456756      1.68382 
   0.000456974      1.57401 
   0.000457207      1.46879 
   0.000457439      1.37387 
   0.000457671      1.28795 
   0.000457903      1.20992 
   0.000458135      1.13884 
   0.000458373      1.07227 
   0.000458615       1.0107 
   0.000458856     0.954332 
   0.000459097     0.902611 
   0.000459339     0.855036 
   0.000459594     0.808753 
   0.000459877     0.761744 
    0.00046016     0.718767 
   0.000460443     0.679372 
   0.000460631     0.654906 
   0.000461009     0.609833 
   0.000461345     0.573534 
   0.000461681     0.540436 
   0.000462017     0.510174 
   0.000462354     0.482431 
   0.000462802     0.448886 
   0.000463204     0.421721 
   0.000463607     0.396997 
   0.000464009     0.374432 
   0.000464411     0.353781 
   0.000464814     0.334834 
   0.000465251     0.315979 
   0.000465705     0.298067 
   0.000466159     0.281678 
   0.000466613     0.266644 
   0.000467067     0.252822 
   0.000467566     0.238886 
   0.000468155     0.223936 
   0.000468743     0.210401 
   0.000469332     0.198112 
    0.00046992     0.186931 
   0.000470509     0.176727 
   0.000471143     0.166688 
   0.000471777     0.157535 
    0.00047241     0.149172 
   0.000473044     0.141513 
   0.000473889     0.132271 
   0.000474729     0.124057 
   0.000475568     0.116684 
   0.000476408     0.110052 
   0.000477247     0.104085 
    0.00047809    0.0986895 
   0.000478933    0.0938362 
   0.000479776    0.0894753 
   0.000480619    0.0855723 
   0.000481393    0.0823712 
   0.000482167    0.0795282 
   0.000482941    0.0770426 
   0.000483715    0.0749132 
   0.000484454    0.0732416 
   0.000485193    0.0719536 
   0.000485932    0.0711063 
   0.000486487    0.0708242 
   0.000486672    0.0708073 
   0.000487245    0.0710338 
   0.000487675    0.0715284 
   0.000488105    0.0723686 
   0.000488534    0.0736335 
   0.000488964    0.0754287 
   0.000489299    0.0772873 
   0.000489634     0.079652 
   0.000489969     0.082651 
   0.000490192    0.0850854 
   0.000490415    0.0879431 
   0.000490638    0.0913071 
   0.000490815    0.0944019 
   0.000491011    0.0983574 
   0.000491207     0.102976 
   0.000491403     0.108398 
   0.000491534     0.112547 
   0.000491664     0.117201 
   0.000491795      0.12244 
   0.000491928     0.128465 
   0.000492061     0.135324 
   0.000492193     0.143172 
   0.000492326     0.152208 
   0.000492415     0.159013 
   0.000492503     0.166549 
   0.000492615      0.17729 
    0.00049269      0.18533 
   0.000492764     0.194189 
   0.000492839     0.203986 
   0.000492913     0.214866 
   0.000492988     0.227009 
   0.000493063     0.240637 
   0.000493119     0.252197 
   0.000493178     0.265377 
   0.000493237     0.280042 
   0.000493296     0.296479 
   0.000493354     0.315058 
   0.000493393     0.328872 
   0.000493432     0.343796 
    0.00049347     0.359979 
   0.000493508     0.377904 
   0.000493546     0.397884 
   0.000493583     0.420307 
   0.000493621     0.445648 
    0.00049365     0.466915 
   0.000493678     0.490444 
   0.000493707     0.516577 
   0.000493731     0.541113 
    0.00049376     0.574243 
   0.000493789     0.611554 
   0.000493811     0.642677 
   0.000493833     0.676838 
   0.000493855      0.71439 
   0.000493877     0.755719 
     0.0004939     0.801255 
   0.000493922      0.85147 
   0.000493944     0.906883 
   0.000493964     0.964208 
   0.000493984      1.02503 
   0.000494004      1.09161 
   0.000494024      1.16449 
   0.000494044      1.24424 
   0.000494064      1.33149 
   0.000494084      1.42692 
   0.000494104      1.53121 
   0.000494124      1.64512 
   0.000494144      1.76944 
   0.000494164      1.90501 
   0.000494181      2.02992 
   0.000494198      2.16416 
   0.000494215      2.30831 
   0.000494233      2.46297 
   0.000494255      2.68659 
   0.000494278      2.93146 
   0.000494301      3.19911 
   0.000494323      3.49106 
   0.000494346      3.80887 
   0.000494364      4.08273 
   0.000494382      4.37489 
   0.000494401      4.68613 
   0.000494419      5.01718 
   0.000494437      5.36877 
   0.000494464      5.93611 
   0.000494492      6.55325 
   0.000494517      7.17153 
   0.000494542      7.83534 
   0.000494567      8.54555 
   0.000494593       9.3027 
   0.000494618      10.1069 
   0.000494651      11.2124 
   0.000494683      12.3799 
   0.000494723      13.9383 
   0.000494755      15.2585 
   0.000494803      17.3455 
   0.000494868      20.2802 
   0.000495001      26.5121 
   0.000495042      28.3541 
   0.000495094      30.5109 
   0.000495133      31.9839 
   0.000495171      33.3018 
   0.000495215      34.5754 
   0.000495254      35.4799 
   0.000495292      36.1592 
   0.000495332      36.6094 
   0.000495374      36.7955 
    0.00049538      36.7981 
   0.000495415      36.6929 
   0.000495456      36.3056 
   0.000495495      35.6916 
   0.000495533      34.8481 
   0.000495568      33.9071 
   0.000495603      32.8099 
   0.000495642      31.4292 
   0.000495693      29.3687 
   0.000495745      27.1197 
   0.000495826      23.3465 
   0.000495923      18.8399 
   0.000495966      16.8927 
   0.000496011      14.9665 
   0.000496043      13.6612 
   0.000496076      12.4217 
   0.000496108      11.2529 
   0.000496134      10.3567 
   0.000496164      9.38307 
   0.000496195      8.47678 
   0.000496225      7.63762 
   0.000496245      7.11499 
   0.000496265      6.62127 
   0.000496286      6.15588 
   0.000496308      5.67666 
    0.00049633      5.22969 
   0.000496352      4.81378 
   0.000496374       4.4277 
   0.000496396       4.0701 
   0.000496418      3.73961 
   0.000496441      3.43483 
   0.000496463      3.15431 
   0.000496481      2.94142 
   0.000496499       2.7431 
   0.000496517      2.55858 
   0.000496535      2.38709 
   0.000496554      2.22787 
   0.000496572      2.08022 
    0.00049659      1.94342 
   0.000496608      1.81678 
   0.000496626      1.69966 
   0.000496644       1.5914 
   0.000496664      1.48677 
   0.000496684      1.38207 
   0.000496705      1.28662 
   0.000496726      1.19964 
   0.000496747      1.12041 
   0.000496768      1.04827 
   0.000496788     0.982588 
   0.000496809     0.922778 
    0.00049683     0.868306 
   0.000496851     0.818678 
   0.000496872     0.773439 
   0.000496894     0.728844 
   0.000496918     0.686939 
   0.000496941     0.649066 
   0.000496965     0.614783 
   0.000496988     0.583696 
   0.000497004      0.56457 
   0.000497035     0.529732 
   0.000497066     0.498891 
   0.000497098     0.471469 
   0.000497129     0.446974 
   0.000497159     0.426101 
   0.000497188     0.407176 
   0.000497228     0.384535 
   0.000497267     0.364401 
   0.000497307     0.346365 
   0.000497346       0.3301 
   0.000497386      0.31534 
   0.000497445     0.295562 
   0.000497489     0.282431 
   0.000497555     0.264768 
   0.000497621     0.249141 
   0.000497686     0.235202 
   0.000497752     0.222683 
   0.000497825     0.210285 
   0.000497911     0.197197 
   0.000497997     0.185583 
   0.000498083     0.175216 
   0.000498169     0.165914 
   0.000498255     0.157528 
   0.000498362     0.148232 
   0.000498469     0.139967 
   0.000498575     0.132581 
   0.000498682     0.125949 
   0.000498789     0.119967 
   0.000498885     0.115041 
   0.000499007     0.109397 
   0.000499129     0.104316 
   0.000499251    0.0997234 
   0.000499434    0.0936157 
   0.000499617    0.0882955 
     0.0004998    0.0836285 
   0.000499998    0.0791958 
   0.000500196    0.0752957 
   0.000500394    0.0718424 
   0.000500592    0.0687668 
   0.000500856    0.0651573 
   0.000501113    0.0620828 
   0.000501371    0.0593767 
   0.000501628    0.0569789 
   0.000501886    0.0548413 
   0.000502272    0.0520381 
   0.000502659    0.0496295 
   0.000503091    0.0473081 
   0.000503616    0.0449127 
    0.00050414    0.0428781 
   0.000504665     0.041126 
   0.000505014    0.0400866 
   0.000505714    0.0382595 
   0.000506352     0.036831 
   0.000506989    0.0355815 
   0.000507839    0.0341383 
    0.00050869    0.0328992 
   0.000509565    0.0317951 
   0.000510464    0.0308097 
   0.000511814    0.0295457 
   0.000513169    0.0284901 
   0.000514533    0.0276096 
   0.000515896    0.0268797 
   0.000517405    0.0262314 
   0.000518986    0.0256998 
   0.000520567    0.0253174 
   0.000522237    0.0250704 
   0.000523906    0.0249841 
    0.00052551    0.0250594 
   0.000527114    0.0253079 
   0.000528454    0.0256618 
   0.000529794    0.0261665 
    0.00053115    0.0268538 
   0.000532537    0.0277728 
   0.000533462    0.0285285 
   0.000534387    0.0294172 
   0.000535274    0.0304085 
   0.000536161    0.0315635 
   0.000537048    0.0329137 
   0.000537936    0.0344854 
   0.000538817    0.0363057 
   0.000539478    0.0378685 
    0.00054014    0.0396355 
   0.000540801    0.0416375 
   0.000541462     0.043913 
   0.000542038    0.0461529 
   0.000542614    0.0486701 
    0.00054319    0.0515084 
   0.000543766    0.0547217 
   0.000544342    0.0583853 
   0.000544803    0.0617004 
   0.000545207    0.0649197 
   0.000545611    0.0684749 
   0.000546015    0.0724189 
   0.000546419    0.0768117 
   0.000546688    0.0800223 
   0.000547099    0.0854118 
   0.000547407    0.0898973 
   0.000547715    0.0948164 
   0.000548023     0.100227 
   0.000548331     0.106196 
   0.000548672     0.113555 
   0.000548928     0.119664 
   0.000549183     0.126349 
   0.000549439     0.133685 
   0.000549695     0.141758 
   0.000549982     0.151825 
   0.000550197     0.160173 
   0.000550413     0.169298 
   0.000550628     0.179301 
   0.000550843     0.190298 
   0.000551037     0.201143 
    0.00055123     0.213016 
   0.000551424     0.226052 
   0.000551618     0.240409 
   0.000551811     0.256273 
   0.000551978     0.271315 
   0.000552131     0.286421 
   0.000552285       0.3029 
   0.000552438     0.320923 
   0.000552591     0.340692 
   0.000552739     0.361584 
   0.000552875     0.382678 
   0.000553011     0.405763 
   0.000553147     0.431103 
   0.000553283     0.459004 
   0.000553419      0.48983 
   0.000553538     0.519456 
   0.000553656     0.551973 
   0.000553775     0.587777 
   0.000553894     0.627337 
   0.000554012     0.671209 
   0.000554115     0.713129 
    0.00055421     0.755503 
   0.000554304     0.801945 
   0.000554399     0.853008 
   0.000554494     0.909351 
   0.000554585     0.969695 
   0.000554671      1.03203 
   0.000554757      1.10091 
   0.000554842      1.17736 
   0.000554928      1.26258 
   0.000555014      1.35809 
   0.000555085      1.44655 
   0.000555156      1.54474 
   0.000555227      1.65432 
   0.000555298      1.77741 
   0.000555346      1.86829 
   0.000555393      1.96737 
   0.000555453      2.10615 
   0.000555493      2.20852 
   0.000555533      2.32004 
   0.000555573      2.44205 
   0.000555613      2.57618 
   0.000555653      2.72433 
   0.000555693      2.88883 
   0.000555731      3.06246 
   0.000555766        3.245 
   0.000555802      3.44828 
   0.000555838      3.67565 
   0.000555874      3.93099 
   0.000555901      4.14357 
   0.000555928      4.37664 
   0.000555954      4.63264 
   0.000555981       4.9143 
   0.000555999      5.11783 
   0.000556027      5.45804 
   0.000556054      5.83464 
   0.000556082      6.25192 
   0.000556109       6.7146 
   0.000556137      7.22785 
   0.000556164      7.79731 
   0.000556185      8.26496 
   0.000556206      8.77042 
    0.00055622      9.12983 
   0.000556246      9.88428 
   0.000556266      10.5015 
   0.000556287      11.1662 
   0.000556307      11.8815 
   0.000556327       12.651 
   0.000556347      13.4779 
   0.000556367      14.3658 
   0.000556394       15.651 
   0.000556421        17.06 
   0.000556447      18.5792 
   0.000556473      20.2115 
   0.000556499      21.9859 
   0.000556525      23.9105 
   0.000556551      25.9932 
   0.000556577      28.2415 
   0.000556603      30.6624 
   0.000556629      33.2621 
    0.00055666      36.6255 
   0.000556688      39.7924 
   0.000556715       43.172 
   0.000556742      46.7664 
   0.000556779      51.8931 
   0.000556814      57.1936 
   0.000556853      63.4803 
   0.000556892       70.161 
   0.000556943      79.4231 
   0.000556994       89.186 
   0.000557098      110.032 
   0.000557182      126.694 
   0.000557244      138.534 
   0.000557297      147.782 
   0.000557336      153.857 
   0.000557378      159.694 
   0.000557419      164.663 
   0.000557461      168.663 
   0.000557505      171.731 
    0.00055754      173.317 
   0.000557583      174.127 
   0.000557589       174.14 
   0.000557619      173.846 
   0.000557663      172.339 
   0.000557709       169.43 
    0.00055775      165.664 
   0.000557792       160.91 
   0.000557834      155.264 
   0.000557873      149.174 
    0.00055793      139.517 
   0.000557992      127.757 
   0.000558117      102.727 
   0.000558192      87.7661 
   0.000558244      77.9789 
   0.000558283      70.9797 
   0.000558326      63.6099 
   0.000558369      56.7152 
   0.000558409      50.7001 
   0.000558444      45.8382 
   0.000558479      41.3308 
   0.000558503      38.5223 
   0.000558526      35.8688 
   0.000558549      33.3677 
   0.000558573      31.0159 
   0.000558598      28.6909 
   0.000558624      26.4124 
    0.00055865      24.3006 
   0.000558676      22.3478 
   0.000558702      20.5465 
   0.000558728      18.8886 
   0.000558754      17.3658 
    0.00055878      15.9699 
   0.000558801      14.9224 
   0.000558826      13.8039 
    0.00055885      12.7777 
   0.000558875      11.8375 
   0.000558899       10.977 
   0.000558923      10.1902 
   0.000558948      9.47141 
   0.000558972      8.81522 
   0.000558997      8.21649 
   0.000559021      7.67038 
   0.000559046      7.17236 
   0.000559072      6.68996 
   0.000559099      6.23987 
   0.000559126      5.83286 
   0.000559153      5.46456 
   0.000559179        5.131 
   0.000559206      4.82857 
   0.000559233      4.55398 
    0.00055926       4.3043 
   0.000559287      4.07687 
   0.000559305      3.93643 
   0.000559341      3.67951 
    0.00055937      3.49009 
   0.000559399      3.31742 
   0.000559439      3.10995 
   0.000559478      2.92493 
   0.000559517      2.75907 
   0.000559556      2.60961 
   0.000559595      2.47425 
   0.000559634      2.35108 
   0.000559676      2.23067 
   0.000559721      2.11367 
   0.000559766      2.00702 
   0.000559811      1.90936 
   0.000559878      1.77729 
   0.000559946       1.6599 
   0.000560013      1.55482 
   0.000560089      1.44885 
   0.000560165       1.3541 
   0.000560241      1.26891 
   0.000560316      1.19196 
   0.000560392      1.12215 
   0.000560481      1.04806 
   0.000560577     0.976676 
   0.000560673     0.912634 
   0.000560769     0.854924 
   0.000560865     0.802714 
   0.000560964     0.753615 
   0.000561071      0.70597 
   0.000561177     0.662849 
   0.000561284     0.623685 
    0.00056139     0.587998 
   0.000561497     0.555382 
   0.000561623     0.520158 
    0.00056175     0.488282 
   0.000561876     0.459336 
   0.000562003     0.432968 
   0.000562129     0.408876 
   0.000562273     0.383943 
   0.000562426     0.360004 
   0.000562578     0.338308 
    0.00056273     0.318581 
   0.000562883      0.30059 
    0.00056304     0.283589 
   0.000563209     0.267051 
   0.000563377     0.251974 
   0.000563545     0.238189 
   0.000563657     0.229645 
   0.000563881     0.213938 
   0.000564093     0.200646 
   0.000564304     0.188611 
   0.000564515     0.177681 
   0.000564726     0.167723 
   0.000564937     0.158624 
   0.000565169     0.149518 
   0.000565411      0.14087 
   0.000565652        0.133 
   0.000565894     0.125816 
   0.000566136      0.11924 
   0.000566388      0.11296 
   0.000566661     0.106755 
   0.000566934      0.10109 
   0.000567206    0.0959035 
    0.00056757     0.089644 
   0.000567955    0.0837226 
   0.000568159    0.0808552 
   0.000568565    0.0755941 
   0.000568972    0.0708902 
   0.000569379    0.0666671 
   0.000569801    0.0627253 
   0.000570223    0.0591723 
   0.000570645    0.0559591 
   0.000571067    0.0530436 
   0.000571489    0.0503898 
   0.000571933    0.0478475 
   0.000572236    0.0462422 
   0.000572843     0.043314 
   0.000573449    0.0407153 
   0.000574055    0.0383999 
   0.000574662    0.0363264 
   0.000575268    0.0344592 
   0.000575875    0.0327748 
   0.000576481    0.0312505 
    0.00057729    0.0294332 
   0.000577988    0.0280384 
   0.000578685    0.0267789 
   0.000579615     0.025278 
   0.000580546    0.0239551 
   0.000581466    0.0227984 
   0.000582376    0.0217822 
   0.000583287     0.020872 
   0.000584197    0.0200531 
   0.000585143    0.0192883 
   0.000586615    0.0182467 
   0.000588088    0.0173591 
   0.000589443    0.0166533 
   0.000590308    0.0162512 
   0.000592038     0.015544 
     0.0005938    0.0149369 
   0.000595563    0.0144263 
   0.000597425     0.013975 
   0.000599286    0.0136013 
   0.000601521    0.0132414 
   0.000603755    0.0129669 
   0.000606468    0.0127326 
   0.000609315     0.012589 
   0.000611744     0.012547 
   0.000614016    0.0125773 
   0.000616289    0.0126729 
   0.000618442    0.0128309 
   0.000620596    0.0130596 
   0.000622454    0.0133245 
   0.000624313    0.0136646 
   0.000625876    0.0140196 
   0.000627439    0.0144514 
   0.000628964    0.0149636 
   0.000630417    0.0155569 
   0.000631385    0.0160233 
   0.000632353    0.0165589 
   0.000633261    0.0171368 
    0.00063417    0.0178019 
   0.000635079    0.0185754 
   0.000635987    0.0194818 
    0.00063666     0.020257 
   0.000637333    0.0211394 
   0.000638005     0.022152 
   0.000638678     0.023323 
    0.00063935    0.0246875 
   0.000639925    0.0260423 
   0.000640452    0.0274679 
   0.000640978    0.0291108 
   0.000641329    0.0303498 
    0.00064168    0.0317227 
   0.000642031    0.0332497 
   0.000642382    0.0349564 
   0.000642697     0.036663 
   0.000643011    0.0385657 
   0.000643325    0.0406951 
    0.00064364    0.0430885 
   0.000643954    0.0457927 
   0.000644208    0.0482487 
   0.000644433    0.0506461 
   0.000644657    0.0532915 
   0.000644882    0.0562204 
   0.000645106    0.0594754 
   0.000645256    0.0618515 
    0.00064548    0.0657695 
   0.000645705    0.0701755 
   0.000645873    0.0738514 
   0.000646041    0.0778933 
   0.000646154    0.0808162 
   0.000646343    0.0862058 
   0.000646484    0.0906834 
   0.000646626     0.095588 
   0.000646768     0.100977 
   0.000646909     0.106917 
   0.000647037     0.112791 
   0.000647164     0.119243 
   0.000647292     0.126353 
   0.000647419     0.134216 
   0.000647546     0.142945 
   0.000647656     0.151262 
   0.000647757     0.159656 
   0.000647858     0.168861 
   0.000647959     0.178988 
    0.00064806     0.190171 
   0.000648157     0.202078 
   0.000648246     0.214195 
   0.000648336     0.227572 
   0.000648426     0.242401 
   0.000648515     0.258916 
   0.000648605      0.27741 
   0.000648683     0.295451 
   0.000648761     0.315588 
   0.000648839      0.33822 
   0.000648891     0.354947 
   0.000648943     0.373209 
   0.000648995     0.393253 
   0.000649042     0.413031 
   0.000649084     0.432205 
   0.000649125     0.453155 
   0.000649167     0.476168 
   0.000649208     0.501593 
    0.00064925     0.529856 
   0.000649291     0.561481 
   0.000649333     0.597105 
   0.000649372     0.635484 
    0.00064941     0.676732 
   0.000649438     0.711225 
   0.000649466     0.749222 
   0.000649494      0.79119 
   0.000649523     0.837664 
   0.000649551     0.889244 
   0.000649579     0.946611 
   0.000649607      1.01053 
   0.000649636      1.08186 
   0.000649662      1.15681 
   0.000649686      1.22964 
   0.000649709       1.3096 
   0.000649732      1.39742 
   0.000649756      1.49389 
   0.000649779      1.59985 
   0.000649803      1.71625 
   0.000649826      1.84405 
   0.000649849      1.98433 
   0.000649873      2.13823 
   0.000649896      2.30694 
   0.000649917      2.47149 
   0.000649937        2.639 
   0.000649957      2.81963 
   0.000649976      3.01424 
   0.000649996      3.22376 
   0.000650016      3.44911 
   0.000650036      3.69129 
   0.000650055      3.95127 
   0.000650075      4.23008 
   0.000650095      4.52876 
   0.000650114      4.84836 
   0.000650138       5.2594 
   0.000650162       5.7037 
   0.000650185      6.18308 
   0.000650209      6.69935 
   0.000650232      7.25428 
   0.000650256      7.84957 
   0.000650279      8.48686 
   0.000650303      9.16768 
    0.00065033       10.009 
   0.000650357      10.9119 
   0.000650385      11.8783 
   0.000650412      12.9091 
   0.000650439      14.0054 
   0.000650475       15.536 
    0.00065051      17.1663 
   0.000650545      18.9043 
   0.000650589      21.2221 
   0.000650641      24.1132 
   0.000650692        27.18 
   0.000650755      31.1479 
   0.000650911      41.1881 
   0.000650974      45.0574 
   0.000651029      48.1786 
   0.000651084       50.982 
   0.000651125      52.8261 
   0.000651166      54.4133 
   0.000651207      55.7157 
   0.000651249      56.7099 
    0.00065129      57.3779 
   0.000651334      57.7171 
    0.00065135      57.7434 
   0.000651393      57.5553 
   0.000651436      56.9786 
   0.000651477      56.0957 
    0.00065152      54.8527 
    0.00065156      53.4067 
   0.000651612      51.1388 
   0.000651667      48.3585 
   0.000651722      45.2556 
   0.000651784       41.423 
    0.00065196      30.1301 
   0.000652012      26.9372 
   0.000652063      23.8855 
   0.000652114      21.0119 
   0.000652149      19.2087 
   0.000652183      17.5025 
   0.000652218      15.8641 
   0.000652253      14.3335 
   0.000652288      12.9116 
   0.000652323      11.5978 
   0.000652346      10.7811 
    0.00065237      10.0108 
   0.000652394      9.25652 
   0.000652418      8.55009 
   0.000652443      7.89001 
   0.000652467      7.27462 
   0.000652491      6.70213 
   0.000652516      6.17067 
    0.00065254       5.6783 
   0.000652564      5.22307 
    0.00065259      4.77871 
   0.000652616      4.37146 
   0.000652635      4.08895 
   0.000652654        3.825 
   0.000652674      3.57863 
   0.000652693       3.3489 
   0.000652712      3.13488 
   0.000652732      2.93568 
   0.000652751      2.75042 
    0.00065277      2.57826 
   0.000652794      2.38281 
   0.000652818      2.20459 
   0.000652842      2.04222 
   0.000652866      1.89439 
    0.00065289       1.7599 
   0.000652913      1.63759 
   0.000652937      1.52639 
   0.000652961      1.42533 
   0.000652985      1.33346 
   0.000653009      1.24995 
   0.000653033      1.17141 
    0.00065306      1.09549 
   0.000653086      1.02707 
   0.000653113     0.965342 
   0.000653139     0.909585 
   0.000653166     0.859144 
   0.000653192     0.813435 
   0.000653218     0.771935 
   0.000653236     0.746374 
   0.000653271     0.699746 
   0.000653307     0.658382 
   0.000653339     0.624485 
   0.000653371     0.593862 
   0.000653393      0.57505 
   0.000653435      0.54078 
   0.000653478      0.51036 
   0.000653522     0.483166 
   0.000653564     0.458692 
   0.000653607     0.436527 
    0.00065365     0.416335 
   0.000653701     0.394767 
   0.000653751      0.37519 
   0.000653802     0.357318 
   0.000653878     0.333217 
   0.000653954     0.311841 
   0.000654029     0.292736 
    0.00065411     0.274477 
   0.000654193     0.257591 
   0.000654277      0.24239 
    0.00065436     0.228641 
   0.000654443     0.216157 
   0.000654535     0.203726 
   0.000654642     0.190567 
    0.00065475     0.178783 
   0.000654857     0.168183 
   0.000654965      0.15861 
   0.000655073     0.149932 
   0.000655193     0.141165 
   0.000655313     0.133248 
   0.000655433     0.126073 
   0.000655553     0.119549 
   0.000655673     0.113599 
   0.000655806     0.107614 
   0.000655945     0.101928 
   0.000656084    0.0967656 
   0.000656223     0.092063 
   0.000656362    0.0877675 
   0.000656533    0.0829647 
    0.00065669     0.078975 
   0.000656848    0.0753397 
   0.000657084    0.0704638 
    0.00065732    0.0661813 
   0.000657556    0.0624008 
   0.000657793    0.0590246 
   0.000658035    0.0559789 
   0.000658276    0.0532618 
   0.000658517    0.0508289 
   0.000658678    0.0493465 
   0.000658999    0.0466739 
   0.000659258    0.0447701 
   0.000659646    0.0422626 
   0.000660034    0.0401067 
   0.000660423    0.0382445 
   0.000660811    0.0366297 
    0.00066107     0.035671 
   0.000661527    0.0341733 
   0.000661984    0.0328907 
   0.000662442    0.0317899 
   0.000662899    0.0308431 
   0.000663585    0.0296623 
   0.000664271    0.0287176 
   0.000664965     0.027958 
   0.000665674    0.0273492 
   0.000666382    0.0268809 
   0.000667091    0.0265302 
   0.000668036    0.0262173 
   0.000669081    0.0260427 
   0.000669654    0.0260127 
   0.000670657    0.0260589 
   0.000672162    0.0263321 
   0.000673667    0.0268205 
   0.000675109    0.0274716 
   0.000676551     0.028294 
   0.000677998    0.0292889 
   0.000679454    0.0304679 
    0.00068091    0.0318375 
   0.000682403     0.033461 
   0.000683916    0.0353607 
   0.000684924    0.0367868 
   0.000685913    0.0383352 
   0.000686884    0.0400132 
   0.000687854     0.041873 
   0.000688824    0.0439456 
   0.000689796    0.0462724 
   0.000690767     0.048909 
   0.000691496    0.0511256 
   0.000692225    0.0535955 
   0.000692954    0.0563757 
   0.000693552    0.0589367 
   0.000694085    0.0614774 
   0.000694618    0.0643161 
    0.00069515    0.0675188 
   0.000695683    0.0711736 
   0.000696164     0.074964 
   0.000696542    0.0783487 
    0.00069692    0.0821801 
   0.000697297    0.0865644 
   0.000697675    0.0916457 
   0.000697927    0.0955156 
   0.000698238     0.100967 
   0.000698517     0.106607 
   0.000698702     0.110862 
   0.000698888     0.115592 
   0.000699073     0.120883 
   0.000699259     0.126841 
   0.000699444     0.133602 
   0.000699596     0.139839 
   0.000699772     0.148073 
    0.00069989     0.154257 
   0.000700007     0.161097 
   0.000700125     0.168701 
   0.000700242     0.177203 
    0.00070036     0.186766 
   0.000700477     0.197599 
   0.000700582     0.208597 
   0.000700688     0.221079 
   0.000700793      0.23538 
   0.000700863     0.246145 
   0.000700933     0.258103 
   0.000701003      0.27149 
   0.000701065     0.284763 
   0.000701119     0.297619 
   0.000701173     0.311966 
   0.000701227      0.32812 
   0.000701281     0.346489 
   0.000701321     0.362031 
   0.000701362     0.379389 
   0.000701402     0.398901 
   0.000701442     0.420972 
   0.000701469     0.437347 
   0.000701507      0.46279 
   0.000701545     0.491738 
   0.000701573     0.516125 
   0.000701601     0.543142 
   0.000701629     0.573135 
   0.000701657     0.606491 
   0.000701686     0.643645 
   0.000701714     0.685081 
   0.000701742     0.731341 
    0.00070177     0.783023 
   0.000701793     0.829865 
   0.000701816     0.881187 
   0.000701839     0.937418 
   0.000701863     0.999022 
   0.000701886      1.06649 
   0.000701909      1.14037 
   0.000701932      1.22121 
   0.000701955      1.30962 
   0.000701978      1.40625 
   0.000702001      1.51176 
   0.000702023      1.62297 
   0.000702044      1.73537 
   0.000702065      1.85675 
   0.000702086      1.98771 
   0.000702107      2.12885 
   0.000702128      2.28081 
   0.000702148      2.44423 
   0.000702169      2.61979 
    0.00070219      2.80816 
   0.000702211      3.01002 
   0.000702232      3.22605 
    0.00070225      3.42702 
   0.000702272      3.69208 
   0.000702295      3.97609 
   0.000702318       4.2799 
    0.00070234      4.60432 
   0.000702363      4.95016 
   0.000702385      5.31816 
   0.000702408      5.70902 
   0.000702438        6.274 
   0.000702467      6.84809 
   0.000702496      7.46249 
   0.000702524      8.11787 
   0.000702553      8.81459 
   0.000702589      9.74739 
   0.000702623      10.6803 
   0.000702657      11.6685 
    0.00070269      12.7098 
   0.000702739      14.3019 
   0.000702787      15.9529 
   0.000702851      18.2635 
   0.000703025      24.7925 
   0.000703078      26.6913 
   0.000703135      28.6369 
   0.000703184      30.1382 
   0.000703232      31.4759 
   0.000703274       32.482 
   0.000703316      33.3252 
   0.000703355      33.9381 
   0.000703393      34.3952 
   0.000703431      34.6899 
    0.00070348      34.8232 
   0.000703518      34.7371 
    0.00070356      34.4491 
   0.000703599      34.0157 
   0.000703637      33.4255 
   0.000703678       32.633 
   0.000703729      31.4256 
   0.000703775      30.1565 
   0.000703826      28.5752 
   0.000703886      26.5583 
   0.000703978      23.1684 
   0.000704112      18.1326 
   0.000704176      15.8312 
    0.00070423      13.9963 
   0.000704268      12.7742 
   0.000704315      11.3341 
   0.000704354      10.2173 
   0.000704386      9.34421 
   0.000704419       8.5242 
   0.000704452       7.7575 
   0.000704484       7.0438 
   0.000704517      6.38228 
   0.000704541      5.93194 
   0.000704565      5.50808 
   0.000704588         5.11 
   0.000704612      4.73689 
   0.000704636       4.3879 
    0.00070466      4.06212 
   0.000704684      3.75858 
   0.000704707      3.47631 
   0.000704733      3.18971 
    0.00070476      2.92618 
   0.000704786      2.68433 
   0.000704812      2.46284 
   0.000704838      2.26037 
   0.000704864      2.07562 
    0.00070489      1.90733 
    0.00070491      1.79118 
   0.000704932      1.67013 
   0.000704955       1.5527 
   0.000704978      1.44513 
   0.000705002      1.34668 
   0.000705025      1.25666 
   0.000705048      1.17441 
   0.000705071      1.09931 
   0.000705095      1.03078 
   0.000705118     0.968266 
   0.000705141     0.911264 
   0.000705164     0.859295 
   0.000705185     0.816971 
   0.000705206     0.777987 
   0.000705237     0.725188 
   0.000705268     0.678471 
   0.000705299     0.637096 
    0.00070533     0.600404 
   0.000705361     0.567811 
   0.000705392     0.538801 
   0.000705423     0.512921 
   0.000705454     0.489772 
   0.000705485     0.469007 
   0.000705524     0.445651 
   0.000705568      0.42309 
   0.000705611     0.403382 
   0.000705655     0.386044 
   0.000705698     0.370683 
   0.000705756     0.352736 
   0.000705814     0.337149 
   0.000705872     0.323468 
    0.00070593     0.311348 
   0.000706014     0.295992 
   0.000706096     0.282982 
   0.000706179     0.271644 
   0.000706262     0.261683 
   0.000706345     0.252875 
   0.000706455     0.242632 
   0.000706566     0.233825 
   0.000706676     0.226213 
   0.000706786      0.21961 
   0.000706909       0.2133 
   0.000707043     0.207404 
   0.000707244      0.20022 
   0.000707445     0.194655 
   0.000707646     0.190392 
   0.000707847     0.187196 
   0.000708096     0.184453 
   0.000708369     0.182716 
   0.000708642     0.182075 
    0.00070894     0.182423 
   0.000709238     0.183711 
   0.000709636     0.186697 
   0.000710034     0.190975 
   0.000710377     0.195617 
   0.000710809     0.202672 
   0.000711241     0.211073 
   0.000711673     0.220869 
   0.000712104     0.232148 
   0.000712536     0.245043 
   0.000712937      0.25863 
   0.000713338     0.273969 
   0.000713739     0.291322 
    0.00071414     0.311009 
   0.000714408      0.32562 
   0.000714675     0.341578 
   0.000714994     0.362597 
   0.000715312     0.386114 
   0.000715631     0.412544 
    0.00071587     0.434579 
   0.000716086     0.456384 
    0.00071636     0.486828 
   0.000716564     0.512085 
   0.000716769     0.539718 
   0.000716974     0.570047 
   0.000717164     0.600841 
   0.000717346     0.633192 
   0.000717528     0.668653 
    0.00071771     0.707654 
   0.000717892     0.750703 
   0.000718013     0.781947 
   0.000718204     0.835857 
   0.000718347     0.880568 
   0.000718491     0.929474 
   0.000718634     0.983142 
   0.000718777      1.04224 
   0.000718906       1.1007 
   0.000719035      1.16488 
   0.000719164      1.23557 
   0.000719293      1.31374 
   0.000719422      1.40052 
   0.000719536      1.48539 
   0.000719642      1.57264 
   0.000719748      1.66878 
   0.000719854       1.7751 
   0.000719961      1.89319 
   0.000720065      2.02291 
   0.000720167      2.16354 
   0.000720268      2.32128 
   0.000720336      2.43745 
   0.000720404      2.56371 
   0.000720471      2.70135 
   0.000720539      2.85193 
   0.000720604      3.00989 
   0.000720666       3.1752 
   0.000720728      3.35659 
    0.00072079      3.55641 
   0.000720852      3.77748 
   0.000720914       4.0232 
   0.000720976      4.29763 
   0.000721022      4.52521 
   0.000721069       4.7741 
   0.000721111      5.02602 
   0.000721155      5.30114 
   0.000721198      5.60233 
   0.000721241      5.93283 
   0.000721284      6.29631 
   0.000721327      6.69687 
    0.00072137      7.13912 
   0.000721413       7.6282 
   0.000721445      8.03222 
   0.000721478      8.46888 
    0.00072151      8.94102 
   0.000721543      9.45172 
   0.000721575      10.0042 
   0.000721608      10.6019 
    0.00072164      11.2484 
   0.000721673      11.9476 
   0.000721713      12.9014 
   0.000721754      13.9515 
   0.000721794       15.106 
   0.000721835       16.373 
   0.000721876      17.7609 
   0.000721916      19.2774 
   0.000721957      20.9303 
   0.000721998      22.7266 
   0.000722038      24.6722 
   0.000722079      26.7724 
   0.000722119      29.0309 
    0.00072216      31.4495 
   0.000722201      34.0286 
   0.000722255      37.7129 
   0.000722309      41.6666 
   0.000722369      46.3023 
   0.000722438      51.9985 
   0.000722534      60.3429 
   0.000722696      74.6728 
   0.000722778      81.4193 
   0.000722832      85.5727 
   0.000722886      89.3534 
    0.00072294       92.682 
      0.000723      95.7349 
   0.000723059      98.0701 
   0.000723117      99.5888 
   0.000723175      100.329 
     0.0007232      100.402 
   0.000723259      99.9732 
   0.000723319      98.7051 
   0.000723368      97.0712 
   0.000723417      94.9322 
    0.00072346      92.6387 
   0.000723514      89.3054 
   0.000723568       85.522 
    0.00072365      79.1781 
   0.000723731      72.2824 
   0.000723931      54.6417 
   0.000723996      49.1618 
   0.000724067      43.5373 
   0.000724121      39.4796 
   0.000724175      35.6833 
   0.000724216      33.0171 
   0.000724256      30.5102 
   0.000724297      28.1635 
   0.000724337      25.9763 
   0.000724378      23.9456 
   0.000724419      22.0673 
   0.000724459      20.3358 
     0.0007245      18.7445 
    0.00072454      17.2864 
   0.000724581      15.9535 
   0.000724622      14.7379 
   0.000724662      13.6314 
   0.000724706       12.566 
   0.000724738      11.8405 
    0.00072477       11.169 
   0.000724802      10.5478 
   0.000724834      9.97327 
   0.000724866      9.44197 
   0.000724898      8.95064 
   0.000724931      8.49619 
   0.000724965      8.04391 
   0.000725003      7.59867 
    0.00072504       7.1912 
   0.000725077      6.81791 
   0.000725114      6.47554 
   0.000725152      6.16112 
   0.000725207      5.73607 
   0.000725262       5.3706 
   0.000725312      5.06407 
   0.000725363      4.78792 
   0.000725414      4.53831 
   0.000725465      4.31194 
   0.000725515        4.106 
   0.000725583        3.859 
   0.000725651      3.63918 
   0.000725719      3.44258 
   0.000725786      3.26595 
   0.000725847      3.12183 
   0.000725939      2.92837 
    0.00072603      2.75824 
   0.000726121      2.60785 
   0.000726213      2.47431 
   0.000726315      2.34216 
   0.000726397      2.24694 
   0.000726521      2.12053 
   0.000726645      2.01106 
   0.000726768      1.91599 
   0.000726892      1.83329 
   0.000727025      1.75603 
   0.000727164      1.68733 
   0.000727302      1.62872 
    0.00072744      1.57898 
   0.000727578       1.5371 
   0.000727727      1.49999 
   0.000727895      1.46664 
   0.000728063      1.44167 
   0.000728231      1.42433 
   0.000728399      1.41403 
   0.000728567      1.41034 
   0.000728746      1.41331 
   0.000728924      1.42315 
   0.000729103      1.43975 
   0.000729281      1.46312 
   0.000729459      1.49338 
   0.000729638      1.53077 
   0.000729816      1.57565 
   0.000729994       1.6285 
   0.000730194      1.69796 
   0.000730394      1.77933 
   0.000730594      1.87402 
   0.000730794       1.9838 
   0.000730927      2.06644 
   0.000731109      2.19291 
   0.000731254      2.30692 
   0.000731399      2.43398 
   0.000731544      2.57584 
    0.00073169      2.73457 
   0.000731835      2.91268 
   0.000731951      3.07121 
   0.000732067      3.24593 
   0.000732183        3.439 
     0.0007323      3.65299 
   0.000732416      3.89096 
   0.000732521      4.12879 
   0.000732619      4.37697 
   0.000732718      4.65123 
   0.000732817      4.95542 
   0.000732916      5.29417 
   0.000733019      5.68797 
   0.000733092      5.99991 
   0.000733165      6.34119 
   0.000733238      6.71581 
   0.000733312      7.12854 
   0.000733385      7.58511 
   0.000733458      8.09242 
   0.000733531      8.65884 
   0.000733594      9.19438 
   0.000733645      9.67834 
   0.000733696      10.2064 
   0.000733748      10.7843 
   0.000733799      11.4187 
    0.00073385      12.1174 
   0.000733901      12.8895 
   0.000733953      13.7453 
   0.000733997      14.5615 
   0.000734034      15.3116 
   0.000734072      16.1245 
   0.000734109      17.0068 
   0.000734146      17.9656 
   0.000734184      19.0087 
   0.000734221      20.1444 
   0.000734259       21.382 
   0.000734292      22.5802 
   0.000734336       24.309 
    0.00073438      26.2241 
   0.000734424      28.3451 
   0.000734468      30.6931 
   0.000734512      33.2899 
   0.000734555      36.1583 
   0.000734599      39.3213 
   0.000734643       42.802 
   0.000734687      46.6231 
   0.000734731      50.8061 
   0.000734775      55.3709 
   0.000734819      60.3348 
   0.000734863      65.7119 
   0.000734907      71.5122 
   0.000734951      77.7405 
   0.000734994      84.1672 
   0.000735033      90.5035 
   0.000735086      99.4616 
   0.000735139      108.964 
   0.000735207       122.09 
   0.000735304      141.559 
   0.000735467      175.162 
   0.000735555      192.469 
   0.000735634      206.691 
   0.000735689      215.601 
   0.000735748      223.757 
   0.000735798      229.557 
   0.000735859      235.115 
   0.000735921      238.752 
   0.000735968      240.176 
      0.000736       240.44 
   0.000736059      239.459 
   0.000736114      236.839 
   0.000736171      232.455 
   0.000736229      226.479 
   0.000736287      218.851 
   0.000736346      209.896 
   0.000736404      199.829 
   0.000736492      183.157 
   0.000736609      159.243 
   0.000736738       132.67 
    0.00073682      116.494 
   0.000736891      103.436 
   0.000736949      93.2557 
   0.000736993      86.0819 
   0.000737037      79.3237 
   0.000737081      72.9907 
   0.000737125      67.0854 
   0.000737169      61.6043 
   0.000737213      56.5386 
   0.000737257      51.8753 
   0.000737301      47.5978 
   0.000737345      43.6869 
   0.000737389      40.1214 
   0.000737433       36.879 
   0.000737477      33.9367 
   0.000737521      31.2714 
   0.000737565      28.8604 
   0.000737596      27.2678 
   0.000737628      25.7878 
    0.00073766      24.4127 
   0.000737707       22.531 
   0.000737755      20.8456 
   0.000737802      19.3351 
   0.000737837      18.3236 
   0.000737875      17.3046 
   0.000737914      16.3691 
   0.000737952      15.5092 
    0.00073799      14.7177 
   0.000738029       13.988 
   0.000738086      12.9967 
    0.00073814      12.1658 
   0.000738187      11.5127 
   0.000738233       10.915 
    0.00073828      10.3664 
   0.000738342       9.7023 
   0.000738404      9.10521 
   0.000738467      8.56603 
   0.000738529      8.07711 
   0.000738591      7.63203 
   0.000738659      7.19121 
   0.000738732      6.75913 
   0.000738806      6.36727 
   0.000738879      6.01052 
   0.000738952      5.68456 
   0.000739025      5.38578 
   0.000739098      5.11108 
   0.000739172      4.85784 
    0.00073925      4.60753 
   0.000739334      4.36196 
   0.000739418      4.13627 
   0.000739502       3.9283 
   0.000739628      3.64556 
   0.000739753      3.39327 
   0.000739879      3.16709 
   0.000739979      3.00389 
   0.000740079      2.85335 
   0.000740228      2.64849 
   0.000740378      2.46551 
   0.000740528      2.30135 
   0.000740677      2.15346 
   0.000740839      2.00913 
   0.000741002      1.87918 
   0.000741164      1.76175 
   0.000741326      1.65526 
   0.000741488      1.55836 
   0.000741659      1.46551 
   0.000741834       1.3789 
   0.000742009      1.29993 
   0.000742183      1.22771 
   0.000742358      1.16149 
   0.000742546      1.09633 
    0.00074276      1.02886 
   0.000742973     0.967579 
   0.000743186     0.911737 
     0.0007434     0.860706 
   0.000743613     0.813944 
   0.000743864      0.76383 
   0.000744115     0.718316 
   0.000744366     0.676848 
   0.000744616     0.638955 
   0.000744867     0.604233 
   0.000745134     0.570315 
    0.00074541     0.538322 
   0.000745686     0.509014 
   0.000745961     0.482098 
   0.000746237     0.457317 
    0.00074654     0.432321 
   0.000746896     0.405503 
   0.000747251     0.381167 
   0.000747607     0.359012 
   0.000747963     0.338783 
   0.000748319     0.320263 
   0.000748717     0.301369 
   0.000749115     0.284146 
   0.000749512     0.268401 
    0.00074991     0.253965 
    0.00075044     0.236507 
   0.000750899     0.222819 
   0.000751359      0.21032 
   0.000751819     0.198874 
   0.000752279     0.188366 
   0.000752892     0.175642 
   0.000753459     0.165023 
   0.000754026     0.155368 
   0.000754593     0.146562 
   0.000755161     0.138507 
   0.000755728      0.13112 
   0.000756377     0.123386 
   0.000757068     0.115914 
   0.000757759     0.109127 
    0.00075845     0.102948 
   0.000759141    0.0972994 
   0.000759873    0.0918258 
   0.000760686    0.0862897 
   0.000761498    0.0812608 
   0.000762311      0.07668 
   0.000763123    0.0724943 
   0.000763936    0.0686592 
   0.000764993    0.0641298 
   0.000766051    0.0600584 
   0.000767109    0.0563853 
   0.000768167    0.0530601 
   0.000769223    0.0500429 
    0.00077028    0.0472944 
   0.000771337    0.0447838 
   0.000772393    0.0424845 
   0.000773466    0.0403429 
   0.000774539    0.0383792 
   0.000776148    0.0357174 
   0.000777763    0.0333424 
    0.00077938    0.0312232 
   0.000780998    0.0293284 
   0.000782592    0.0276525 
   0.000784187    0.0261411 
   0.000785801    0.0247596 
   0.000787454    0.0234838 
   0.000789107    0.0223312 
    0.00079076    0.0212885 
   0.000792964    0.0200495 
   0.000795168    0.0189633 
   0.000797371    0.0180117 
     0.0007997      0.01714 
   0.000802152    0.0163483 
   0.000804577    0.0156857 
   0.000806973    0.0151402 
   0.000809303    0.0147101 
   0.000811566    0.0143844 
   0.000813695    0.0141637 
   0.000815689    0.0140353 
   0.000817831    0.0139875 
   0.000819478    0.0140216 
   0.000821124    0.0141239 
   0.000822821    0.0143103 
   0.000824617    0.0146129 
   0.000825815    0.0148846 
   0.000827012    0.0152215 
   0.000828565    0.0157719 
     0.0008296    0.0162219 
   0.000830635    0.0167529 
   0.000831688    0.0173886 
   0.000832758    0.0181511 
   0.000833561    0.0188117 
   0.000834364    0.0195642 
   0.000835167    0.0204244 
   0.000835901    0.0213176 
   0.000836601    0.0222781 
     0.0008373    0.0233615 
      0.000838    0.0245907 
     0.0008387    0.0259918 
   0.000839385    0.0275585 
    0.00084004    0.0292697 
   0.000840695    0.0312273 
   0.000841132    0.0326927 
   0.000841569    0.0343061 
   0.000842005    0.0360872 
   0.000842442    0.0380586 
   0.000842898    0.0403485 
   0.000843373    0.0430279 
   0.000843729    0.0452656 
   0.000844085    0.0477275 
   0.000844441    0.0504437 
    0.00084476    0.0531242 
   0.000845061      0.05589 
   0.000845362    0.0589185 
   0.000845663    0.0622438 
   0.000845964    0.0659061 
   0.000846164    0.0685578 
   0.000846497    0.0733836 
   0.000846747     0.077392 
   0.000846997    0.0817806 
   0.000847247    0.0865992 
   0.000847497    0.0919057 
   0.000847777    0.0985294 
   0.000847988     0.104026 
   0.000848198     0.110041 
   0.000848408      0.11664 
   0.000848619     0.123902 
   0.000848808     0.131072 
   0.000848997     0.138931 
   0.000849186     0.147572 
   0.000849375     0.157103 
   0.000849564     0.167651 
   0.000849727      0.17767 
   0.000849877     0.187749 
   0.000850027     0.198763 
   0.000850177     0.210833 
   0.000850326     0.224102 
   0.000850471     0.238157 
   0.000850604     0.252384 
   0.000850736     0.267997 
   0.000850869     0.285184 
   0.000851002     0.304173 
   0.000851135      0.32523 
   0.000851251     0.345547 
   0.000851367     0.367939 
   0.000851483     0.392711 
   0.000851599     0.420227 
   0.000851715     0.450929 
   0.000851815     0.480457 
   0.000851908     0.510509 
      0.000852     0.543695 
   0.000852092     0.580508 
   0.000852185     0.621562 
   0.000852274     0.666095 
   0.000852358     0.712788 
   0.000852442     0.765329 
   0.000852498     0.804207 
   0.000852553     0.846699 
   0.000852609     0.893375 
   0.000852665     0.944941 
   0.000852716     0.997153 
   0.000852762      1.04938 
   0.000852809        1.107 
   0.000852855      1.17089 
   0.000852902      1.24214 
   0.000852948      1.32202 
   0.000852983      1.38852 
   0.000853017      1.46151 
   0.000853052      1.54185 
   0.000853083      1.62077 
   0.000853122      1.73049 
   0.000853152      1.82159 
   0.000853181      1.92118 
    0.00085321      2.03021 
   0.000853239      2.14972 
   0.000853269      2.28086 
   0.000853298       2.4249 
   0.000853327      2.58322 
   0.000853356      2.75734 
   0.000853385      2.94198 
   0.000853411      3.12939 
   0.000853437      3.33359 
   0.000853463      3.55604 
    0.00085349      3.79833 
   0.000853516      4.06212 
   0.000853542      4.34919 
   0.000853568      4.66141 
   0.000853595      5.00076 
   0.000853621      5.36929 
   0.000853647      5.76915 
   0.000853669      6.13357 
   0.000853696      6.60948 
   0.000853723       7.1253 
    0.00085375      7.68366 
   0.000853777      8.28724 
   0.000853804      8.93875 
   0.000853831      9.64092 
   0.000853858      10.3965 
   0.000853883       11.157 
   0.000853907      11.9148 
   0.000853942      13.1401 
   0.000853978      14.4765 
   0.000854013      15.9292 
   0.000854048      17.5029 
   0.000854086      19.2914 
   0.000854124      21.2698 
   0.000854162      23.3989 
     0.0008542      25.6794 
   0.000854238      28.1104 
   0.000854285      31.3112 
   0.000854329      34.4415 
   0.000854372      37.7406 
   0.000854437      42.9696 
   0.000854513      49.4621 
   0.000854718      67.4148 
   0.000854799      74.1131 
    0.00085486      78.7025 
   0.000854915       82.403 
    0.00085497      85.6107 
   0.000855031      88.5075 
   0.000855072      90.0077 
   0.000855112      91.1394 
   0.000855157      91.9406 
    0.00085521      92.2718 
   0.000855265      91.9027 
    0.00085531      91.0707 
    0.00085535      89.9122 
   0.000855411      87.4922 
   0.000855473      84.3189 
   0.000855524      81.0974 
   0.000855582      77.0113 
   0.000855623      73.8894 
   0.000855705      67.1757 
   0.000855929      47.5389 
   0.000855999      41.6649 
   0.000856056      37.1058 
   0.000856102      33.6533 
   0.000856147      30.3934 
   0.000856194      27.2572 
   0.000856233      24.8799 
   0.000856271      22.6533 
   0.000856309      20.5779 
   0.000856347      18.6522 
   0.000856385      16.8733 
   0.000856417      15.4967 
   0.000856449      14.2166 
   0.000856481      13.0297 
   0.000856513      11.9322 
   0.000856545        10.92 
   0.000856576      9.98875 
   0.000856608      9.13405 
    0.00085664      8.35139 
   0.000856666      7.75778 
   0.000856693      7.20744 
   0.000856719      6.69789 
   0.000856745      6.22669 
   0.000856772      5.79147 
   0.000856798       5.3899 
   0.000856824      5.01975 
    0.00085685      4.67887 
   0.000856877       4.3652 
   0.000856903      4.07676 
    0.00085693      3.80379 
   0.000856959      3.53934 
   0.000856987      3.29844 
   0.000857016      3.07906 
   0.000857045      2.87929 
   0.000857073      2.69737 
   0.000857102      2.53167 
   0.000857131      2.38068 
   0.000857159      2.24302 
   0.000857188      2.11741 
   0.000857217      2.00271 
   0.000857248      1.88815 
   0.000857281      1.77979 
   0.000857314      1.68168 
   0.000857347      1.59265 
    0.00085738       1.5117 
   0.000857402      1.46176 
   0.000857446      1.37047 
   0.000857489      1.28921 
   0.000857533      1.21654 
   0.000857577      1.15123 
   0.000857627      1.08514 
   0.000857676      1.02585 
   0.000857725     0.972345 
   0.000857775     0.923789 
   0.000857824     0.879495 
   0.000857898     0.819829 
   0.000857972     0.766971 
   0.000858035       0.7269 
   0.000858097     0.690276 
    0.00085816     0.656657 
   0.000858253     0.611082 
   0.000858347     0.570475 
    0.00085844     0.534073 
   0.000858541     0.498937 
   0.000858645     0.466312 
   0.000858749     0.436953 
   0.000858853     0.410418 
   0.000858957     0.386341 
   0.000859068     0.363112 
   0.000859191     0.339649 
   0.000859315     0.318482 
   0.000859439     0.299314 
   0.000859562     0.281894 
   0.000859686     0.266012 
   0.000859835     0.248676 
   0.000859984     0.233046 
   0.000860133     0.218902 
   0.000860281     0.206059 
    0.00086043     0.194359 
   0.000860589     0.182963 
   0.000860754     0.172261 
   0.000860918     0.162512 
   0.000861083     0.153605 
   0.000861247     0.145444 
   0.000861425     0.137338 
   0.000861631     0.128821 
   0.000861838     0.121112 
   0.000862044     0.114111 
    0.00086225     0.107734 
   0.000862457     0.101908 
   0.000862693    0.0958312 
   0.000862929    0.0903168 
   0.000863165    0.0852972 
   0.000863402    0.0807145 
   0.000863638     0.076519 
   0.000863894    0.0723562 
   0.000864161    0.0684101 
   0.000864427    0.0648065 
   0.000864782    0.0604685 
   0.000865137    0.0565941 
   0.000865474     0.053295 
    0.00086581    0.0503083 
   0.000866146    0.0475955 
   0.000866483    0.0451239 
   0.000866819    0.0428659 
    0.00086718    0.0406493 
   0.000867554    0.0385589 
   0.000867929    0.0366518 
   0.000868427    0.0343583 
   0.000868926    0.0323119 
   0.000869415    0.0305131 
   0.000869904    0.0288917 
   0.000870393    0.0274256 
   0.000870881    0.0260961 
   0.000871533    0.0245065 
   0.000872138    0.0231897 
   0.000872744    0.0220071 
   0.000873349    0.0209423 
   0.000873955    0.0199801 
   0.000874762    0.0188356 
   0.000875575    0.0178201 
   0.000876388    0.0169189 
   0.000877201    0.0161161 
   0.000878013    0.0153992 
   0.000878826    0.0147567 
   0.000879678    0.0141529 
   0.000880838    0.0134274 
   0.000881999    0.0127976 
    0.00088316    0.0122488 
   0.000884315    0.0117722 
   0.000885463    0.0113552 
   0.000886612    0.0109867 
   0.000888335    0.0105132 
   0.000889978    0.0101367 
   0.000891622   0.00982235 
   0.000893376   0.00954387 
   0.000895354   0.00929058 
   0.000897332   0.00909323 
   0.000899179   0.00895304 
   0.000901554   0.00882824 
   0.000903544   0.00876832 
    0.00090595    0.0087439 
   0.000908356   0.00877079 
   0.000910762   0.00884722 
   0.000913168     0.008974 
   0.000915574   0.00915258 
   0.000918264   0.00941813 
   0.000920282    0.0096648 
    0.00092216   0.00993682 
   0.000924571    0.0103517 
   0.000926379    0.0107171 
   0.000928187    0.0111325 
   0.000929995    0.0116101 
   0.000931804    0.0121563 
   0.000933613    0.0127824 
   0.000935422    0.0134994 
   0.000937107    0.0142637 
   0.000938792    0.0151373 
   0.000939915    0.0157881 
   0.000941079    0.0165302 
   0.000942243     0.017354 
   0.000943407    0.0182662 
    0.00094457    0.0192759 
   0.000945654    0.0203228 
   0.000946738    0.0214865 
   0.000947822    0.0227837 
   0.000948906    0.0242353 
   0.000949987     0.025862 
   0.000950797    0.0272143 
   0.000951607    0.0286985 
   0.000952417    0.0303345 
   0.000953227    0.0321422 
   0.000954039    0.0341508 
   0.000954851    0.0363861 
   0.000955663    0.0388833 
   0.000956272    0.0409539 
   0.000956831    0.0430236 
   0.000957542    0.0459257 
   0.000958254      0.04917 
   0.000958787    0.0518613 
   0.000959321    0.0548047 
   0.000959941    0.0585854 
   0.000960561    0.0628118 
   0.000961026    0.0663186 
   0.000961491    0.0701552 
   0.000961941    0.0742204 
    0.00096236    0.0783643 
    0.00096278    0.0828935 
   0.000963199    0.0878577 
   0.000963618     0.093315 
   0.000964038    0.0993337 
   0.000964471     0.106221 
   0.000964904     0.113901 
   0.000965228     0.120256 
   0.000965553      0.12719 
   0.000965868      0.13454 
   0.000966163     0.142062 
   0.000966458     0.150268 
   0.000966754     0.159244 
   0.000967049     0.169092 
   0.000967344      0.17993 
   0.000967596     0.190041 
   0.000967847     0.201069 
   0.000968098     0.213133 
    0.00096835     0.226366 
   0.000968601     0.240928 
   0.000968822      0.25498 
   0.000969028     0.269254 
   0.000969234     0.284812 
    0.00096944     0.301818 
   0.000969646     0.320458 
   0.000969845     0.340252 
   0.000970031     0.360482 
   0.000970217     0.382645 
   0.000970403     0.407002 
   0.000970589     0.433857 
   0.000970774      0.46357 
   0.000970925     0.490061 
   0.000971076     0.518984 
   0.000971226     0.550652 
   0.000971377     0.585434 
   0.000971528     0.623762 
   0.000971663     0.661708 
   0.000971792     0.700958 
    0.00097192     0.743969 
   0.000972048     0.791253 
   0.000972176     0.843417 
   0.000972299     0.898799 
   0.000972412     0.954865 
   0.000972525      1.01664 
   0.000972638      1.08497 
   0.000972751      1.16087 
   0.000972864      1.24557 
   0.000972971      1.33509 
   0.000973077      1.43541 
   0.000973149      1.50924 
    0.00097322      1.58944 
   0.000973291      1.67683 
   0.000973362      1.77238 
   0.000973433      1.87727 
   0.000973505      1.99287 
   0.000973576      2.12084 
   0.000973647       2.2632 
   0.000973718      2.42235 
   0.000973772      2.55449 
   0.000973825      2.69919 
   0.000973878      2.85812 
   0.000973932      3.03325 
   0.000973985      3.22681 
   0.000974026      3.38928 
   0.000974072      3.58945 
   0.000974119      3.80916 
   0.000974165      4.05076 
   0.000974211      4.31687 
   0.000974258      4.61038 
   0.000974304      4.93448 
    0.00097435      5.29267 
   0.000974391      5.64101 
   0.000974427      5.97023 
   0.000974462      6.32602 
   0.000974498      6.71046 
   0.000974533      7.12577 
   0.000974569       7.5742 
   0.000974605      8.05814 
    0.00097464         8.58 
   0.000974687      9.31919 
   0.000974729      10.0669 
   0.000974772      10.8818 
   0.000974815      11.7682 
   0.000974857      12.7302 
     0.0009749      13.7717 
   0.000974943      14.8962 
   0.000974986      16.1067 
   0.000975028      17.4058 
   0.000975071      18.7954 
   0.000975114      20.2765 
   0.000975171      22.3936 
   0.000975228      24.6709 
   0.000975285      27.1017 
   0.000975342      29.6757 
   0.000975419        33.35 
   0.000975521      38.5216 
   0.000975718      48.7049 
   0.000975803      52.9289 
   0.000975889      56.8235 
   0.000975945      59.1645 
   0.000976002      61.2526 
   0.000976071      63.3711 
   0.000976139      65.0133 
    0.00097619      65.9046 
   0.000976242      66.4877 
   0.000976307      66.7701 
    0.00097631      66.7704 
   0.000976365      66.5829 
   0.000976425      65.9548 
   0.000976481      64.9988 
   0.000976536      63.6985 
   0.000976583       62.347 
    0.00097664      60.4268 
   0.000976697      58.2313 
   0.000976783      54.5095 
    0.00097686      50.8257 
   0.000976999      43.6893 
   0.000977149      35.9756 
   0.000977227      32.1101 
   0.000977284      29.4271 
   0.000977341      26.8739 
   0.000977398      24.4653 
   0.000977455      22.2111 
   0.000977512      20.1175 
   0.000977555       18.654 
   0.000977597       17.282 
   0.000977639      16.0222 
    0.00097768      14.8889 
    0.00097772      13.8324 
   0.000977761      12.8503 
   0.000977801      11.9394 
   0.000977841      11.0966 
   0.000977886       10.249 
    0.00097793      9.47398 
   0.000977974      8.76671 
   0.000978018      8.12246 
   0.000978063       7.5365 
   0.000978096      7.13039 
   0.000978133      6.71092 
    0.00097817      6.32456 
   0.000978208      5.96888 
   0.000978245      5.64156 
   0.000978282      5.34041 
   0.000978319      5.06339 
   0.000978356      4.80859 
   0.000978402      4.52573 
   0.000978428        4.372 
   0.000978482      4.09086 
   0.000978535       3.8415 
   0.000978589       3.6204 
   0.000978642      3.42457 
   0.000978695      3.25148 
   0.000978749      3.09903 
   0.000978802      2.96559 
    0.00097885      2.86071 
   0.000978898       2.7696 
   0.000978946       2.6919 
   0.000978994      2.62752 
   0.000979042      2.57662 
    0.00097909      2.53966 
   0.000979139      2.51737 
   0.000979187      2.51077 
   0.000979235      2.52118 
   0.000979283      2.55025 
   0.000979315      2.58093 
   0.000979358      2.63724 
     0.0009794      2.71273 
   0.000979432      2.78311 
   0.000979464      2.86626 
   0.000979496      2.96313 
   0.000979528      3.07474 
   0.000979561      3.20212 
   0.000979593      3.34639 
   0.000979625      3.50868 
   0.000979657      3.69016 
   0.000979689        3.893 
   0.000979721       4.1176 
   0.000979753      4.36519 
   0.000979785      4.63693 
   0.000979818      4.93398 
    0.00097985      5.25743 
   0.000979882      5.60831 
   0.000979914      5.98754 
   0.000979946      6.39595 
   0.000979978      6.83422 
   0.000980016      7.38529 
   0.000980049      7.89273 
   0.000980097      8.71241 
   0.000980146      9.60166 
   0.000980194      10.5586 
   0.000980243      11.5797 
   0.000980297      12.8007 
   0.000980355      14.1614 
   0.000980451      16.5508 
   0.000980621      20.8718 
   0.000980709      23.0173 
   0.000980775      24.4765 
   0.000980837      25.7116 
   0.000980895      26.7316 
   0.000980944      27.4565 
   0.000980997      28.0775 
   0.000981043      28.4879 
   0.000981089      28.7626 
   0.000981135      28.8971 
   0.000981155      28.9111 
   0.000981208      28.8211 
   0.000981257      28.5702 
   0.000981303      28.1924 
   0.000981349      27.6824 
   0.000981399      27.0013 
    0.00098146      25.9683 
   0.000981522      24.7586 
   0.000981584      23.4022 
   0.000981657      21.6461 
   0.000981776      18.5806 
   0.000981911      15.0745 
   0.000981988      13.1551 
   0.000982046      11.7881 
   0.000982102      10.5255 
   0.000982152      9.48391 
   0.000982201      8.51058 
   0.000982239      7.82704 
   0.000982277      7.16777 
   0.000982317      6.52104 
   0.000982357      5.92111 
   0.000982397      5.36712 
   0.000982438       4.8578 
   0.000982464      4.54229 
   0.000982499      4.15773 
   0.000982532      3.82866 
   0.000982564      3.52458 
   0.000982597      3.24427 
   0.000982629      2.98649 
   0.000982661      2.74996 
   0.000982694      2.53341 
   0.000982726      2.33555 
   0.000982759      2.15514 
   0.000982791      1.99093 
   0.000982824      1.84172 
   0.000982852      1.72133 
   0.000982881      1.61101 
    0.00098291      1.51001 
   0.000982938      1.41764 
   0.000982967      1.33323 
   0.000982996      1.25613 
   0.000983024      1.18576 
   0.000983053      1.12155 
   0.000983082      1.06299 
    0.00098311      1.00956 
   0.000983129     0.976584 
   0.000983168     0.916377 
   0.000983206     0.863071 
   0.000983244     0.815824 
   0.000983282     0.773884 
   0.000983321     0.736585 
   0.000983359     0.703335 
   0.000983397     0.673616 
   0.000983435     0.646971 
   0.000983489     0.613855 
   0.000983543      0.58512 
   0.000983597     0.559989 
   0.000983651     0.537829 
   0.000983705     0.518126 
   0.000983786     0.492293 
   0.000983867     0.469996 
   0.000983948     0.450454 
   0.000984029     0.433099 
   0.000984137     0.412663 
   0.000984245     0.394692 
   0.000984369     0.376434 
   0.000984509     0.358313 
    0.00098465     0.342391 
    0.00098479     0.328298 
   0.000984931     0.315755 
   0.000985142     0.299396 
   0.000985352     0.285516 
   0.000985514     0.276281 
   0.000985698     0.267139 
   0.000985882     0.259256 
   0.000986065     0.252515 
   0.000986249     0.246827 
   0.000986524     0.240134 
     0.0009868     0.235536 
    0.00098699      0.23355 
   0.000987188     0.232534 
   0.000987287     0.232433 
   0.000987519     0.233305 
   0.000987751     0.235827 
   0.000987983     0.240171 
   0.000988137     0.244198 
   0.000988292     0.249236 
   0.000988447     0.255403 
   0.000988625     0.264099 
   0.000988776     0.273017 
   0.000988927     0.283574 
   0.000989078     0.296043 
   0.000989229     0.310768 
   0.000989369     0.326728 
   0.000989484     0.342059 
     0.0009896     0.359617 
   0.000989716     0.379826 
   0.000989793     0.395041 
   0.000989871     0.411892 
   0.000989948     0.430646 
   0.000990039     0.455633 
     0.0009901     0.474369 
    0.00099016     0.495089 
   0.000990221     0.518142 
   0.000990281      0.54397 
   0.000990342     0.573131 
   0.000990403     0.606331 
   0.000990459     0.641394 
    0.00099051     0.678068 
   0.000990549     0.708903 
   0.000990588     0.743057 
   0.000990626     0.781024 
   0.000990665      0.82337 
   0.000990703      0.87075 
   0.000990742     0.923916 
   0.000990781      0.98373 
   0.000990819      1.05117 
   0.000990858      1.12696 
   0.000990896      1.21172 
   0.000990921      1.27428 
   0.000990946      1.34221 
   0.000990972      1.41597 
   0.000990997      1.49608 
   0.000991022      1.58309 
   0.000991048       1.6776 
   0.000991073      1.78022 
   0.000991098      1.89163 
   0.000991124      2.01255 
   0.000991149      2.14372 
   0.000991174      2.28595 
     0.0009912      2.44007 
   0.000991225      2.60697 
   0.000991251      2.78756 
   0.000991274      2.96781 
   0.000991298      3.16143 
   0.000991329       3.4418 
    0.00099136      3.74941 
   0.000991391      4.08638 
   0.000991423      4.45483 
   0.000991454        4.857 
   0.000991485      5.29509 
   0.000991515      5.74245 
   0.000991542      6.19446 
    0.00099157      6.67943 
   0.000991598      7.19885 
   0.000991625      7.75418 
   0.000991653       8.3468 
   0.000991681      8.97803 
   0.000991708      9.64908 
   0.000991744      10.5907 
   0.000991778      11.5291 
   0.000991812      12.5311 
   0.000991845      13.5978 
   0.000991879      14.7296 
   0.000991923      16.3079 
   0.000991966      17.9622 
   0.000992009       19.719 
   0.000992052      21.5736 
   0.000992114      24.3893 
   0.000992174      27.2947 
   0.000992268      32.0558 
   0.000992435      40.6889 
   0.000992529      45.2813 
   0.000992597      48.3191 
   0.000992665      51.0254 
   0.000992716      52.7889 
   0.000992777      54.5564 
   0.000992827       55.708 
   0.000992878      56.5451 
   0.000992934      57.0845 
    0.00099298      57.2202 
   0.000993026      57.0786 
    0.00099308      56.5547 
   0.000993131      55.7224 
   0.000993182      54.5753 
   0.000993227      53.2909 
    0.00099329      51.1783 
   0.000993358      48.4956 
   0.000993426      45.4765 
   0.000993501      41.8058 
   0.000993636      34.8654 
   0.000993751      28.9934 
    0.00099381      26.0677 
   0.000993874      23.0776 
   0.000993916      21.1841 
   0.000993972      18.8339 
   0.000994012      17.2537 
   0.000994051      15.7622 
   0.000994091      14.3613 
   0.000994131      13.0518 
   0.000994171      11.8332 
     0.0009942      10.9982 
   0.000994229      10.2105 
   0.000994258      9.46907 
   0.000994287      8.77283 
   0.000994316      8.12041 
   0.000994346      7.51035 
   0.000994375      6.94107 
   0.000994404      6.41092 
   0.000994436      5.87409 
   0.000994468      5.37964 
   0.000994499      4.92521 
   0.000994531      4.50844 
   0.000994563      4.12697 
   0.000994587      3.86263 
   0.000994611      3.61588 
   0.000994635      3.38577 
   0.000994659      3.17137 
   0.000994686      2.94392 
   0.000994714      2.73461 
   0.000994741      2.54219 
   0.000994768      2.36546 
   0.000994796      2.20328 
   0.000994823      2.05455 
    0.00099485      1.91825 
   0.000994878       1.7934 
   0.000994905      1.67908 
   0.000994932      1.57444 
   0.000994961      1.47481 
   0.000994992      1.37695 
   0.000995023      1.28839 
   0.000995054      1.20822 
   0.000995084      1.13561 
   0.000995115       1.0698 
   0.000995146      1.01009 
   0.000995177     0.955872 
   0.000995208     0.906568 
   0.000995239     0.861669 
    0.00099528     0.807864 
   0.000995319     0.762513 
   0.000995358     0.721875 
   0.000995397     0.685333 
   0.000995436     0.652354 
   0.000995488     0.613134 
   0.000995539     0.578515 
   0.000995591     0.547741 
   0.000995643       0.5202 
   0.000995695     0.495387 
   0.000995753     0.470493 
   0.000995811     0.448016 
   0.000995869      0.42759 
   0.000995955      0.40017 
   0.000996042     0.375947 
   0.000996129     0.354351 
   0.000996226     0.332661 
   0.000996329     0.312268 
   0.000996432     0.294036 
   0.000996535     0.277638 
   0.000996638     0.262814 
   0.000996748     0.248483 
   0.000996872     0.233931 
   0.000996996     0.220843 
   0.000997119      0.20902 
   0.000997243     0.198295 
   0.000997367      0.18853 
   0.000997539     0.176407 
    0.00099771     0.165641 
   0.000997881     0.156026 
   0.000998052     0.147398 
   0.000998223      0.13962 
   0.000998429     0.131232 
   0.000998652     0.123156 
   0.000998876     0.115979 
   0.000999099     0.109566 
   0.000999322     0.103809 
   0.000999573    0.0980096 
   0.000999879     0.091749 
    0.00100018    0.0862411 
    0.00100049    0.0813653 
     0.0010008    0.0770247 
     0.0010011    0.0731408 
     0.0010014    0.0697151 
     0.0010017    0.0666166 
      0.001002    0.0638037 
    0.00100245    0.0600443 
     0.0010029    0.0567525 
    0.00100335    0.0538531 
    0.00100375    0.0515608 
    0.00100425    0.0490148 
    0.00100475    0.0467694 
    0.00100525    0.0447817 
    0.00100574    0.0430172 
    0.00100624     0.041448 
    0.00100699    0.0394103 
    0.00100773     0.037704 
    0.00100847    0.0362836 
     0.0010092    0.0350964 
    0.00100994    0.0341158 
    0.00101067     0.033321 
    0.00101141    0.0326969 
    0.00101237    0.0321215 
    0.00101333    0.0318072 
    0.00101397    0.0317413 
    0.00101483    0.0318349 
     0.0010157    0.0321454 
    0.00101656    0.0326895 
    0.00101743    0.0334909 
    0.00101801     0.034184 
    0.00101879    0.0353638 
    0.00101942    0.0365282 
    0.00102005    0.0379177 
    0.00102067     0.039567 
     0.0010213    0.0415227 
    0.00102172    0.0430263 
    0.00102222    0.0450567 
    0.00102265    0.0470666 
    0.00102308     0.049339 
    0.00102352    0.0519153 
    0.00102395    0.0548459 
    0.00102436    0.0579731 
    0.00102471     0.061035 
    0.00102506    0.0644691 
    0.00102542    0.0683353 
    0.00102577    0.0727073 
    0.00102612    0.0776755 
    0.00102643    0.0826487 
    0.00102667    0.0867964 
     0.0010269     0.091354 
    0.00102713    0.0963768 
    0.00102737      0.10193 
    0.00102763     0.108791 
    0.00102782     0.114502 
    0.00102802     0.120765 
    0.00102821     0.127655 
     0.0010284     0.135261 
    0.00102862      0.14478 
    0.00102879     0.152702 
    0.00102895     0.161391 
    0.00102911     0.170952 
    0.00102928     0.181508 
    0.00102942     0.191965 
    0.00102957     0.203469 
    0.00102972     0.216168 
    0.00102986     0.230237 
    0.00103001     0.245889 
    0.00103014     0.260832 
    0.00103025     0.275941 
    0.00103037     0.292548 
    0.00103049     0.310867 
     0.0010306     0.331153 
    0.00103072     0.352824 
    0.00103082     0.374962 
    0.00103092     0.399504 
    0.00103103     0.426851 
    0.00103113     0.457505 
     0.0010312     0.480089 
    0.00103129     0.514397 
    0.00103138      0.55134 
    0.00103144       0.5787 
     0.0010315     0.608633 
    0.00103156     0.641558 
    0.00103162      0.67799 
    0.00103168     0.718568 
    0.00103173     0.753323 
    0.00103178     0.793974 
    0.00103183      0.83911 
    0.00103188     0.889503 
    0.00103193     0.946073 
    0.00103198      1.00993 
    0.00103203      1.08238 
    0.00103206      1.13623 
    0.00103209      1.19512 
    0.00103213      1.25965 
    0.00103216      1.33049 
    0.00103219      1.40838 
    0.00103222      1.49413 
    0.00103226      1.59357 
    0.00103229      1.70931 
    0.00103233      1.83838 
    0.00103236      1.94492 
    0.00103239      2.06063 
    0.00103241      2.18632 
    0.00103244      2.32283 
    0.00103247       2.4711 
    0.00103249       2.6321 
    0.00103252      2.80687 
    0.00103255      2.99592 
    0.00103257       3.2006 
     0.0010326      3.42235 
    0.00103263      3.66247 
    0.00103266      3.92225 
    0.00103268      4.20309 
    0.00103271      4.50639 
    0.00103274      4.83364 
    0.00103276      5.18635 
    0.00103279      5.56609 
    0.00103282      5.97441 
    0.00103285      6.41284 
    0.00103287      6.88305 
     0.0010329      7.38671 
    0.00103293      7.92539 
    0.00103295      8.50073 
    0.00103298      9.11425 
    0.00103301      9.76751 
    0.00103303      10.4619 
    0.00103307      11.5581 
    0.00103311      12.7499 
    0.00103315      14.0407 
    0.00103319      15.4331 
    0.00103323      16.9293 
    0.00103327      18.4931 
    0.00103331      20.1374 
    0.00103336      22.4797 
    0.00103341      24.9882 
    0.00103347      28.2039 
    0.00103354      32.0601 
    0.00103361      36.1222 
    0.00103383      49.7231 
    0.00103391      54.5569 
      0.001034      59.0249 
    0.00103406      62.0326 
    0.00103411      64.3417 
    0.00103416      66.3312 
    0.00103422       68.183 
    0.00103429      69.5156 
    0.00103433      70.1432 
    0.00103437      70.4584 
     0.0010344      70.5093 
    0.00103446      70.2715 
     0.0010345      69.7347 
    0.00103456      68.5209 
    0.00103462      66.7797 
    0.00103468      64.6766 
    0.00103473      62.4621 
    0.00103479      59.5079 
    0.00103486       56.241 
    0.00103494       51.523 
    0.00103508      42.8149 
    0.00103519      35.9326 
    0.00103526      31.8815 
    0.00103533      28.0386 
    0.00103539      24.9652 
    0.00103544      22.4602 
    0.00103549      20.1212 
    0.00103553      18.4793 
    0.00103557       16.935 
    0.00103561      15.3255 
    0.00103564      14.2684 
    0.00103567      13.2698 
     0.0010357      12.3286 
    0.00103573      11.4433 
    0.00103576      10.6126 
    0.00103579      9.83462 
    0.00103582      9.10757 
    0.00103585      8.35827 
    0.00103589      7.66631 
    0.00103592      7.02872 
    0.00103595      6.44252 
    0.00103599      5.90467 
    0.00103602      5.41217 
    0.00103605      4.96202 
    0.00103609      4.55133 
    0.00103612      4.22551 
    0.00103614      3.92532 
    0.00103617      3.64902 
     0.0010362      3.39497 
    0.00103623      3.16156 
    0.00103626      2.94728 
    0.00103629       2.7507 
    0.00103632      2.57045 
    0.00103635      2.40524 
    0.00103637      2.25387 
     0.0010364      2.11005 
    0.00103644      1.96941 
    0.00103647      1.84187 
     0.0010365      1.72618 
    0.00103653      1.62118 
    0.00103657      1.52583 
     0.0010366      1.43916 
    0.00103663      1.36029 
    0.00103666      1.28844 
    0.00103669      1.22288 
    0.00103674      1.14416 
    0.00103677      1.08296 
    0.00103681      1.02752 
    0.00103684     0.993428 
    0.00103689     0.931299 
    0.00103694     0.876215 
    0.00103698     0.827107 
    0.00103703     0.783083 
    0.00103708     0.743401 
    0.00103713     0.707442 
    0.00103719     0.667466 
    0.00103726     0.631582 
    0.00103732     0.599157 
    0.00103738     0.569682 
    0.00103744     0.542746 
    0.00103753     0.506385 
    0.00103762     0.474106 
    0.00103772     0.442288 
    0.00103783     0.413957 
    0.00103793     0.388571 
    0.00103803     0.365703 
    0.00103813     0.345007 
    0.00103825     0.323584 
    0.00103837     0.303132 
     0.0010385     0.284758 
    0.00103862     0.268183 
    0.00103874     0.253172 
    0.00103888     0.238773 
    0.00103902     0.224349 
    0.00103917     0.211355 
    0.00103931     0.199605 
    0.00103946     0.188944 
    0.00103961     0.179241 
    0.00103977     0.169548 
    0.00103993     0.160751 
    0.00104003     0.155332 
    0.00104025     0.145438 
    0.00104046     0.136648 
    0.00104067      0.12904 
    0.00104087     0.122205 
    0.00104108     0.116045 
    0.00104129     0.110476 
    0.00104156     0.103851 
    0.00104182    0.0985205 
    0.00104207     0.093755 
    0.00104232    0.0894832 
    0.00104257    0.0856448 
     0.0010429    0.0811147 
    0.00104324    0.0771501 
    0.00104357    0.0736898 
    0.00104391    0.0706655 
    0.00104425    0.0680206 
    0.00104458    0.0657085 
    0.00104504    0.0630288 
    0.00104538    0.0613213 
     0.0010459    0.0592044 
    0.00104642     0.057553 
    0.00104694    0.0563092 
    0.00104746    0.0554304 
    0.00104801    0.0548606 
    0.00104856    0.0546393 
    0.00104911    0.0547492 
    0.00104967    0.0551823 
    0.00105022    0.0559353 
    0.00105078    0.0570114 
    0.00105133    0.0584208 
    0.00105187    0.0601358 
    0.00105241    0.0621828 
    0.00105294    0.0646113 
    0.00105347    0.0674599 
    0.00105401     0.070775 
    0.00105451    0.0743411 
    0.00105494     0.077806 
    0.00105536    0.0816982 
    0.00105579    0.0860747 
    0.00105622    0.0910017 
    0.00105665    0.0965568 
    0.00105705     0.102523 
    0.00105746     0.109245 
    0.00105777     0.114854 
    0.00105807     0.121015 
    0.00105837     0.127584 
    0.00105865     0.134343 
    0.00105892     0.141752 
     0.0010592     0.149895 
    0.00105948     0.158867 
    0.00105976     0.168784 
       0.00106     0.178068 
    0.00106023      0.18823 
    0.00106047     0.199381 
    0.00106071     0.211652 
    0.00106094     0.225197 
    0.00106119     0.240945 
    0.00106144     0.258956 
    0.00106161     0.272188 
    0.00106178     0.286529 
    0.00106195     0.302106 
    0.00106212     0.319067 
    0.00106229     0.337582 
    0.00106247     0.359279 
    0.00106266     0.384847 
     0.0010628     0.405955 
    0.00106295     0.428939 
    0.00106309     0.454031 
    0.00106323     0.481253 
    0.00106338     0.510985 
    0.00106352     0.543697 
    0.00106366     0.579813 
     0.0010638     0.619835 
    0.00106393      0.66124 
    0.00106405     0.700292 
    0.00106416     0.743096 
    0.00106427     0.790172 
    0.00106439     0.842134 
     0.0010645     0.899723 
    0.00106461     0.958921 
    0.00106471      1.02459 
    0.00106482      1.09778 
    0.00106492       1.1798 
    0.00106499      1.24017 
    0.00106506      1.30577 
    0.00106513      1.37397 
     0.0010652      1.44828 
    0.00106526      1.52953 
    0.00106533      1.61872 
     0.0010654      1.71702 
    0.00106546      1.82584 
    0.00106553      1.94687 
     0.0010656      2.08214 
    0.00106565      2.19437 
     0.0010657      2.31715 
    0.00106575      2.45184 
     0.0010658          2.6 
    0.00106585      2.76339 
     0.0010659      2.94401 
    0.00106595      3.14413 
      0.001066      3.36628 
    0.00106605      3.61331 
     0.0010661       3.8884 
    0.00106614       4.0891 
    0.00106617       4.3274 
    0.00106621      4.58564 
    0.00106625       4.8655 
    0.00106628      5.16877 
    0.00106632      5.49738 
    0.00106636      5.85328 
    0.00106639      6.23859 
    0.00106643      6.65542 
    0.00106648      7.25247 
    0.00106653      7.91246 
    0.00106657      8.64055 
    0.00106662      9.44191 
    0.00106667      10.3216 
    0.00106671      11.1731 
    0.00106675      12.0339 
    0.00106679      12.9575 
    0.00106684       13.946 
    0.00106688      15.0011 
    0.00106693      16.5135 
    0.00106698       18.148 
    0.00106704      19.9042 
    0.00106709      21.7798 
    0.00106714      23.7697 
     0.0010672      25.8667 
    0.00106728      29.1892 
    0.00106738      33.5146 
    0.00106759      43.2601 
    0.00106767      46.7032 
    0.00106775      49.9038 
    0.00106784      52.7621 
    0.00106792       55.184 
    0.00106797      56.5744 
    0.00106803       57.731 
    0.00106809      58.5488 
    0.00106815      59.0267 
     0.0010682       59.171 
    0.00106826      58.9894 
     0.0010683      58.6334 
    0.00106837      57.7578 
    0.00106843        56.49 
    0.00106848      55.1551 
    0.00106856      52.7274 
    0.00106865      49.8648 
    0.00106873      46.6617 
    0.00106883      42.0333 
    0.00106906      31.9349 
    0.00106914      28.4755 
    0.00106922      25.1968 
    0.00106927      23.1337 
    0.00106933        21.18 
    0.00106938      19.3423 
    0.00106943      17.6249 
    0.00106949      16.0294 
    0.00106954      14.5555 
    0.00106958      13.5286 
    0.00106962      12.5676 
    0.00106966      11.6706 
    0.00106971      10.7353 
    0.00106975       9.8289 
     0.0010698      9.00128 
    0.00106985       8.2476 
     0.0010699      7.56294 
    0.00106993      7.14238 
    0.00106996      6.72877 
       0.00107      6.34336 
    0.00107003      5.98444 
    0.00107006      5.65042 
     0.0010701      5.33969 
    0.00107013      5.05075 
    0.00107016      4.78213 
    0.00107021      4.42005 
    0.00107026      4.10539 
    0.00107031       3.8217 
    0.00107036      3.56576 
     0.0010704      3.33461 
    0.00107045      3.12559 
     0.0010705      2.93629 
    0.00107055      2.76453 
     0.0010706      2.60839 
    0.00107064      2.46613 
    0.00107069      2.33623 
    0.00107074      2.21333 
    0.00107077      2.13603 
    0.00107084      1.99439 
    0.00107091       1.8679 
    0.00107098       1.7544 
    0.00107104      1.65207 
    0.00107111      1.55939 
    0.00107118      1.47509 
    0.00107124      1.39812 
    0.00107133      1.31303 
    0.00107141      1.23612 
    0.00107149      1.16629 
    0.00107157      1.10264 
    0.00107165      1.04439 
    0.00107173     0.990922 
    0.00107181     0.941683 
     0.0010719     0.896216 
    0.00107199     0.849326 
    0.00107208     0.806188 
    0.00107222     0.747639 
    0.00107235      0.69548 
    0.00107249     0.648785 
    0.00107263     0.606793 
    0.00107278     0.565123 
    0.00107293     0.527728 
    0.00107308      0.49403 
    0.00107323     0.463547 
    0.00107338     0.435877 
    0.00107355     0.408813 
    0.00107371     0.383416 
    0.00107388     0.360373 
    0.00107405     0.339398 
    0.00107422     0.320247 
     0.0010744     0.301837 
    0.00107459      0.28342 
    0.00107479     0.266679 
    0.00107499     0.251415 
    0.00107518     0.237457 
    0.00107538     0.224659 
    0.00107562     0.210289 
    0.00107586      0.19729 
     0.0010761     0.185491 
    0.00107634     0.174748 
    0.00107658     0.164938 
    0.00107684     0.155336 
    0.00107711     0.146291 
    0.00107737     0.138038 
    0.00107764     0.130486 
    0.00107791     0.123558 
    0.00107819     0.116738 
    0.00107852     0.109672 
    0.00107884     0.103251 
    0.00107917    0.0973982 
     0.0010795    0.0920488 
    0.00107982    0.0871463 
     0.0010802    0.0818914 
    0.00108059    0.0771186 
    0.00108097    0.0727701 
    0.00108135    0.0687963 
    0.00108174    0.0651552 
    0.00108214    0.0615985 
    0.00108257    0.0582441 
    0.00108299    0.0551717 
    0.00108355    0.0514611 
    0.00108411    0.0481352 
    0.00108465    0.0452308 
     0.0010852    0.0425986 
    0.00108574    0.0402053 
    0.00108628    0.0380227 
    0.00108683    0.0360267 
    0.00108741    0.0340605 
    0.00108802    0.0322026 
    0.00108863     0.030506 
    0.00108944    0.0284633 
    0.00109024    0.0266376 
    0.00109095    0.0252063 
    0.00109165    0.0238994 
    0.00109258    0.0223261 
    0.00109352    0.0209205 
    0.00109428     0.019891 
    0.00109514    0.0188155 
    0.00109601    0.0178362 
    0.00109687    0.0169416 
    0.00109803    0.0158646 
    0.00109925    0.0148531 
    0.00110052    0.0139068 
     0.0011018    0.0130645 
    0.00110308    0.0123079 
    0.00110435    0.0116351 
     0.0011056    0.0110342 
    0.00110685    0.0104884 
    0.00110809   0.00999133 
    0.00110997   0.00932456 
    0.00111185   0.00873605 
    0.00111373   0.00821579 
    0.00111562   0.00774996 
    0.00111752   0.00733443 
    0.00111943   0.00695889 
    0.00112137   0.00661549 
    0.00112332   0.00630655 
    0.00112536   0.00601406 
    0.00112745   0.00574437 
    0.00112954   0.00550168 
    0.00113189   0.00525643 
    0.00113423   0.00503569 
    0.00113736     0.004775 
    0.00114048   0.00454731 
    0.00114337   0.00436152 
    0.00114735   0.00414085 
    0.00115132   0.00395291 
     0.0011553   0.00379239 
    0.00115928    0.0036567 
    0.00116325   0.00354153 
    0.00116689    0.0034533 
    0.00117052    0.0033789 
    0.00117573   0.00329525 
    0.00118095   0.00323502 
    0.00118616   0.00319876 
    0.00119137   0.00318388 
    0.00119619   0.00319076 
    0.00120085   0.00321582 
    0.00120542   0.00326038 
       0.00121    0.0033252 
    0.00121457   0.00341431 
    0.00121864   0.00351528 
    0.00122271   0.00364082 
    0.00122576   0.00375401 
    0.00122863   0.00387681 
    0.00123131   0.00400901 
      0.001234   0.00415985 
    0.00123668   0.00433213 
     0.0012394   0.00453191 
    0.00124214   0.00476346 
     0.0012442   0.00496027 
    0.00124625   0.00517988 
    0.00124831   0.00542444 
    0.00125026   0.00568578 
    0.00125216   0.00597064 
    0.00125407    0.0062905 
    0.00125592   0.00664061 
    0.00125778   0.00703352 
    0.00125902   0.00732453 
    0.00126053   0.00771522 
    0.00126204   0.00814994 
    0.00126355   0.00863587 
    0.00126507   0.00918045 
    0.00126644   0.00973184 
     0.0012678    0.0103495 
    0.00126917    0.0110433 
     0.0012702    0.0116214 
    0.00127121    0.0122433 
    0.00127221    0.0129196 
     0.0012732    0.0136651 
     0.0012742    0.0144898 
     0.0012752    0.0154039 
    0.00127586    0.0160691 
    0.00127686    0.0171617 
    0.00127761    0.0180671 
    0.00127836    0.0190571 
     0.0012791    0.0201416 
    0.00127985    0.0213329 
    0.00128067    0.0227817 
    0.00128149       0.0244 
    0.00128211    0.0257416 
    0.00128272    0.0272078 
    0.00128313    0.0282623 
    0.00128386    0.0303042 
    0.00128441    0.0319965 
    0.00128496    0.0338461 
     0.0012855    0.0358735 
    0.00128605    0.0381025 
    0.00128652    0.0402344 
      0.001287    0.0425623 
    0.00128748    0.0451113 
    0.00128796    0.0479103 
    0.00128843     0.050993 
    0.00128884    0.0539176 
    0.00128935    0.0578882 
    0.00128973    0.0611762 
    0.00129011    0.0647663 
    0.00129049    0.0686968 
    0.00129085    0.0727294 
    0.00129119    0.0769885 
    0.00129153    0.0816483 
    0.00129188     0.086761 
    0.00129222    0.0923882 
    0.00129255     0.098234 
    0.00129283     0.103869 
    0.00129312     0.110019 
    0.00129341     0.116752 
    0.00129369     0.124142 
    0.00129398     0.132279 
    0.00129422     0.139785 
    0.00129446     0.147969 
     0.0012947     0.156914 
    0.00129494      0.16672 
    0.00129518     0.177503 
     0.0012954     0.188556 
    0.00129562     0.200245 
    0.00129584     0.213087 
    0.00129605     0.227241 
    0.00129627     0.242895 
    0.00129647      0.25901 
    0.00129664     0.274062 
    0.00129681     0.290506 
    0.00129699     0.308521 
    0.00129716     0.328319 
    0.00129733     0.350149 
    0.00129748      0.37145 
    0.00129763     0.394825 
    0.00129778     0.420559 
    0.00129794     0.448993 
    0.00129809     0.480532 
    0.00129823     0.512527 
    0.00129836      0.54625 
    0.00129849     0.583584 
    0.00129863     0.625094 
    0.00129876      0.67147 
    0.00129888     0.719836 
    0.00129899     0.765761 
    0.00129909     0.816601 
     0.0012992      0.87317 
     0.0012993     0.936484 
    0.00129937     0.983063 
    0.00129947       1.0551 
    0.00129957       1.1335 
    0.00129963      1.19156 
     0.0012997      1.25501 
    0.00129976      1.32465 
    0.00129982      1.40144 
    0.00129989      1.48652 
    0.00129994      1.57183 
    0.00129999      1.65591 
    0.00130005       1.7483 
     0.0013001      1.85014 
    0.00130015      1.96278 
     0.0013002      2.08775 
    0.00130025       2.2268 
     0.0013003      2.38193 
    0.00130035      2.55193 
     0.0013004      2.73809 
    0.00130044      2.89193 
    0.00130048      3.05928 
    0.00130051      3.24143 
    0.00130055      3.43979 
    0.00130059      3.65585 
    0.00130062      3.89124 
    0.00130066      4.14769 
     0.0013007      4.42703 
    0.00130073      4.72942 
    0.00130077      5.05447 
    0.00130081      5.40755 
    0.00130084      5.79082 
    0.00130088      6.20652 
    0.00130092      6.65691 
    0.00130095      7.14442 
    0.00130099      7.67143 
    0.00130103      8.24041 
    0.00130106      8.85383 
     0.0013011      9.51414 
    0.00130113       10.102 
    0.00130117      10.8546 
     0.0013012      11.6607 
    0.00130124      12.5227 
    0.00130127      13.4425 
    0.00130131       14.422 
    0.00130135      15.4629 
     0.0013014       17.142 
    0.00130145       18.806 
     0.0013015      20.5922 
    0.00130155      22.5005 
     0.0013016       24.529 
    0.00130166      27.2008 
    0.00130173      30.0398 
    0.00130181      33.9349 
     0.0013019      38.9248 
    0.00130216      52.4046 
    0.00130226      57.6262 
    0.00130233       61.174 
    0.00130241      64.4504 
    0.00130249       67.271 
    0.00130255      69.0386 
    0.00130261      70.4753 
    0.00130267      71.6448 
    0.00130275       72.441 
     0.0013028      72.6085 
    0.00130285      72.4364 
    0.00130292      71.7697 
    0.00130298       70.661 
    0.00130304      69.2244 
    0.00130308      68.1066 
    0.00130316      65.4593 
    0.00130324      62.3282 
    0.00130332      58.4292 
    0.00130343      53.1713 
    0.00130372      37.8714 
    0.00130381       32.938 
    0.00130389       29.217 
    0.00130395       26.341 
    0.00130401      24.2147 
    0.00130405      22.2055 
     0.0013041      20.3167 
    0.00130416      18.3275 
    0.00130421      16.7827 
    0.00130426      15.3457 
     0.0013043      14.0143 
    0.00130435      12.7854 
    0.00130439      11.7385 
    0.00130443      10.9277 
    0.00130447      10.1707 
     0.0013045       9.4651 
    0.00130454      8.80859 
    0.00130458      8.19876 
    0.00130461       7.6331 
    0.00130465      7.10918 
    0.00130469      6.62455 
    0.00130472      6.17679 
    0.00130476      5.76354 
    0.00130479      5.38251 
    0.00130483      5.03147 
    0.00130487       4.7083 
     0.0013049      4.41094 
    0.00130494      4.13746 
    0.00130498      3.88601 
    0.00130501      3.65484 
    0.00130505      3.44234 
    0.00130509      3.24695 
    0.00130512      3.06725 
    0.00130516      2.90192 
    0.00130521      2.69763 
    0.00130526      2.51486 
    0.00130531      2.35105 
    0.00130536      2.20396 
    0.00130541      2.07156 
    0.00130546       1.9521 
    0.00130551      1.84401 
    0.00130556      1.74593 
    0.00130561      1.65666 
    0.00130565      1.57517 
    0.00130572       1.4751 
    0.00130579      1.38409 
    0.00130586       1.3026 
    0.00130593      1.22923 
      0.001306      1.16282 
    0.00130607      1.10241 
    0.00130614      1.04722 
     0.0013062     0.996573 
    0.00130628     0.948584 
    0.00130638     0.881695 
    0.00130649     0.822248 
     0.0013066     0.769075 
    0.00130671     0.721248 
    0.00130682      0.67802 
    0.00130693     0.638516 
    0.00130704     0.602544 
    0.00130715     0.569674 
    0.00130726     0.539544 
    0.00130737     0.511844 
    0.00130748     0.486312 
    0.00130765     0.451587 
    0.00130782     0.419574 
      0.001308     0.390513 
    0.00130817     0.364472 
    0.00130834      0.34104 
    0.00130852     0.319874 
    0.00130869     0.300386 
    0.00130888     0.282141 
    0.00130906     0.265569 
    0.00130924     0.250469 
    0.00130943      0.23667 
    0.00130961     0.224025 
    0.00130984     0.209518 
    0.00131007     0.196435 
     0.0013103     0.184596 
    0.00131053     0.173846 
    0.00131076     0.164058 
      0.001311     0.154953 
    0.00131123     0.146557 
    0.00131147     0.138869 
    0.00131179     0.129591 
     0.0013121     0.121284 
    0.00131238     0.114708 
    0.00131266     0.108704 
    0.00131293     0.103209 
    0.00131321    0.0981677 
    0.00131363    0.0913565 
    0.00131404    0.0853294 
    0.00131445    0.0800663 
    0.00131484    0.0755288 
    0.00131524     0.071455 
    0.00131563    0.0677908 
    0.00131602    0.0644903 
    0.00131642    0.0615144 
    0.00131687    0.0584544 
    0.00131732    0.0557375 
    0.00131777     0.053328 
    0.00131823    0.0511961 
    0.00131868     0.049318 
    0.00131911     0.047751 
    0.00131967    0.0460123 
    0.00132022    0.0445883 
    0.00132078    0.0434645 
    0.00132126    0.0427292 
    0.00132187    0.0421146 
    0.00132249    0.0418639 
    0.00132259    0.0418589 
    0.00132304    0.0419722 
    0.00132357    0.0424021 
     0.0013241      0.04319 
    0.00132446    0.0439404 
    0.00132481     0.044895 
    0.00132517    0.0460796 
    0.00132552     0.047526 
    0.00132584    0.0491029 
    0.00132616    0.0509667 
    0.00132649     0.053164 
    0.00132681     0.055752 
    0.00132713    0.0588025 
     0.0013274     0.061749 
    0.00132764    0.0647703 
    0.00132788    0.0682075 
    0.00132812    0.0721308 
    0.00132836    0.0766268 
    0.00132857    0.0812333 
    0.00132874    0.0852109 
     0.0013289    0.0896221 
    0.00132907      0.09453 
    0.00132923      0.10001 
     0.0013294     0.106154 
    0.00132953     0.111666 
    0.00132966     0.117752 
     0.0013298     0.124496 
    0.00132993     0.131997 
    0.00133006     0.140379 
    0.00133019     0.148951 
     0.0013303     0.158062 
    0.00133042     0.168248 
    0.00133054      0.17971 
    0.00133061     0.188184 
    0.00133069     0.197437 
    0.00133079     0.210798 
    0.00133088     0.224747 
    0.00133095     0.235093 
    0.00133101     0.246428 
    0.00133107     0.258917 
    0.00133113     0.272759 
    0.00133119     0.288201 
    0.00133125     0.304682 
    0.00133131     0.322242 
    0.00133136     0.341988 
    0.00133142     0.364321 
    0.00133146     0.383056 
    0.00133151     0.403753 
    0.00133155     0.426684 
    0.00133159     0.452158 
    0.00133163     0.480527 
    0.00133167     0.512187 
    0.00133171     0.541299 
    0.00133174     0.573274 
    0.00133178     0.608429 
    0.00133181     0.647109 
    0.00133185     0.689694 
    0.00133188     0.736594 
    0.00133192     0.788262 
    0.00133195     0.845183 
    0.00133199     0.907887 
    0.00133202     0.976939 
    0.00133206      1.04877 
    0.00133208       1.1183 
    0.00133211      1.19363 
    0.00133214      1.27517 
    0.00133217      1.36339 
     0.0013322      1.45876 
    0.00133223      1.56178 
    0.00133226      1.67296 
    0.00133229      1.79284 
    0.00133232      1.92198 
    0.00133235      2.06094 
    0.00133238      2.19966 
    0.00133241      2.39177 
    0.00133245      2.60056 
    0.00133248      2.82706 
    0.00133252      3.07232 
    0.00133255      3.33737 
    0.00133259      3.62322 
    0.00133262      3.93084 
    0.00133265      4.22186 
    0.00133269      4.62911 
    0.00133273      5.06893 
    0.00133277      5.54238 
    0.00133282      6.05041 
    0.00133286      6.59373 
     0.0013329       7.1565 
    0.00133293      7.75327 
    0.00133299      8.60167 
    0.00133304      9.50922 
    0.00133309      10.4599 
    0.00133314      11.4483 
    0.00133322      13.0169 
    0.00133329      14.6159 
    0.00133343      17.7315 
    0.00133356      20.5831 
    0.00133365      22.5948 
    0.00133373      24.2597 
    0.00133381      25.7567 
    0.00133387      26.7407 
    0.00133392      27.4283 
    0.00133399      28.2338 
    0.00133405      28.7659 
    0.00133411      29.1198 
    0.00133418      29.2926 
     0.0013342      29.3028 
    0.00133426      29.2005 
    0.00133433      28.8855 
    0.00133439      28.4034 
    0.00133445      27.7256 
    0.00133451      26.9384 
    0.00133457      26.0515 
    0.00133463      24.9794 
    0.00133471       23.387 
    0.00133479      21.6532 
    0.00133493      18.5345 
    0.00133508      15.1109 
    0.00133516      13.4378 
    0.00133524      11.8455 
    0.00133529       10.839 
    0.00133535      9.65064 
     0.0013354      8.75981 
    0.00133546      7.85174 
    0.00133551       7.0624 
    0.00133555      6.56922 
    0.00133558      6.10233 
    0.00133561      5.66145 
    0.00133565      5.24614 
    0.00133568      4.85587 
    0.00133572      4.48999 
    0.00133576      4.13391 
    0.00133579      3.80258 
    0.00133583      3.49497 
    0.00133586      3.21007 
     0.0013359      2.94675 
    0.00133594      2.70391 
    0.00133597       2.4804 
    0.00133601      2.27511 
    0.00133604       2.1241 
    0.00133607      1.98333 
     0.0013361      1.85224 
    0.00133612       1.7303 
    0.00133615      1.61697 
    0.00133618      1.51175 
    0.00133621      1.41414 
    0.00133624      1.32366 
    0.00133627      1.23986 
     0.0013363      1.16229 
    0.00133633       1.0866 
    0.00133636      1.00976 
     0.0013364     0.939701 
    0.00133643     0.875864 
    0.00133646     0.817708 
     0.0013365     0.764742 
    0.00133653     0.716501 
    0.00133656     0.672561 
     0.0013366     0.632527 
    0.00133663     0.596035 
    0.00133667     0.562752 
     0.0013367     0.530884 
    0.00133674     0.501229 
    0.00133677     0.474289 
    0.00133681     0.449779 
    0.00133685     0.427446 
    0.00133689     0.400658 
    0.00133694     0.376851 
    0.00133699     0.355612 
    0.00133704     0.336586 
     0.0013371     0.316876 
    0.00133713     0.306649 
    0.00133719     0.288057 
    0.00133726     0.271595 
    0.00133732     0.256909 
    0.00133738     0.243715 
    0.00133745     0.231784 
    0.00133751     0.220929 
    0.00133758        0.211 
    0.00133765     0.200604 
    0.00133772     0.191111 
    0.00133783     0.178307 
    0.00133794     0.166949 
    0.00133805     0.156797 
    0.00133816     0.147667 
    0.00133829     0.138419 
    0.00133841     0.130117 
    0.00133854     0.122628 
    0.00133866     0.115844 
    0.00133878     0.109674 
    0.00133893     0.103107 
    0.00133909    0.0967662 
    0.00133924    0.0910638 
     0.0013394    0.0859144 
    0.00133956    0.0812466 
    0.00133972    0.0768485 
    0.00133989    0.0725726 
    0.00134007    0.0686956 
    0.00134024    0.0651681 
    0.00134048    0.0609373 
    0.00134066    0.0579024 
    0.00134087    0.0548173 
    0.00134107    0.0520172 
    0.00134128    0.0494672 
    0.00134156    0.0464062 
    0.00134179    0.0441132 
    0.00134206     0.041629 
    0.00134234    0.0393982 
    0.00134262    0.0373871 
    0.00134289    0.0355676 
    0.00134317    0.0339161 
     0.0013435    0.0321155 
    0.00134384    0.0305007 
    0.00134417    0.0290469 
     0.0013445    0.0277331 
    0.00134484    0.0265422 
    0.00134534    0.0249547 
    0.00134584    0.0235709 
    0.00134637    0.0222834 
     0.0013469    0.0211598 
    0.00134744    0.0201756 
    0.00134797    0.0193111 
    0.00134851    0.0185494 
    0.00134924     0.017649 
    0.00134979    0.0170619 
    0.00135062    0.0163112 
    0.00135145    0.0156956 
    0.00135227    0.0151967 
     0.0013531    0.0148005 
    0.00135402    0.0144692 
    0.00135494    0.0142409 
    0.00135585    0.0141094 
    0.00135677    0.0140715 
    0.00135761    0.0141193 
    0.00135845    0.0142477 
     0.0013593     0.014461 
    0.00136014    0.0147655 
    0.00136098    0.0151705 
    0.00136169    0.0156014 
    0.00136234    0.0160719 
    0.00136299    0.0166266 
    0.00136365    0.0172776 
     0.0013643    0.0180385 
    0.00136489    0.0188497 
    0.00136539    0.0196111 
    0.00136588    0.0204669 
    0.00136638    0.0214308 
    0.00136687    0.0225189 
    0.00136737    0.0237501 
    0.00136785     0.025123 
    0.00136834    0.0266826 
    0.00136882    0.0284608 
    0.00136915    0.0297866 
    0.00136947    0.0312407 
     0.0013698    0.0328395 
    0.00137015     0.034772 
    0.00137053    0.0371211 
    0.00137082     0.039083 
    0.00137111    0.0412414 
     0.0013714    0.0436229 
    0.00137166    0.0459988 
     0.0013719    0.0484687 
    0.00137215    0.0511776 
     0.0013724    0.0541573 
    0.00137264    0.0574446 
    0.00137288    0.0608536 
    0.00137308    0.0641124 
    0.00137328    0.0676729 
    0.00137348    0.0715737 
    0.00137369      0.07586 
    0.00137389    0.0805848 
    0.00137407    0.0852757 
    0.00137425    0.0904284 
    0.00137444    0.0961067 
    0.00137462     0.102386 
     0.0013748     0.109355 
    0.00137496     0.116096 
    0.00137511     0.122971 
    0.00137526     0.130524 
     0.0013754     0.138852 
    0.00137555     0.148069 
    0.00137569     0.157823 
    0.00137582      0.16758 
    0.00137595     0.178347 
    0.00137608     0.190278 
    0.00137621     0.203563 
    0.00137633     0.218433 
    0.00137645     0.233335 
    0.00137656     0.250015 
    0.00137664     0.262292 
    0.00137672     0.275643 
    0.00137679     0.290227 
    0.00137687     0.306241 
    0.00137695     0.323932 
    0.00137703     0.347003 
    0.00137709     0.364181 
    0.00137715     0.383068 
    0.00137721     0.403954 
    0.00137727      0.42719 
    0.00137733     0.453203 
    0.00137739     0.482516 
    0.00137745     0.514163 
     0.0013775     0.548252 
    0.00137754     0.576755 
    0.00137758     0.608145 
    0.00137762     0.642798 
    0.00137766     0.681144 
     0.0013777     0.723666 
    0.00137774     0.770905 
    0.00137778     0.823473 
    0.00137782     0.882046 
    0.00137786     0.943967 
     0.0013779      1.00518 
    0.00137793      1.07244 
    0.00137796      1.14636 
      0.001378       1.2276 
    0.00137803      1.31688 
    0.00137807      1.41498 
     0.0013781      1.52274 
    0.00137814      1.64104 
    0.00137817      1.77083 
     0.0013782      1.91314 
    0.00137823      2.04951 
    0.00137826      2.18668 
    0.00137829      2.33428 
    0.00137832      2.49298 
    0.00137835      2.66347 
    0.00137838      2.84647 
     0.0013784       3.0427 
    0.00137843      3.25293 
    0.00137846      3.47793 
     0.0013785      3.80223 
    0.00137853       4.1372 
    0.00137857      4.48002 
     0.0013786      4.84941 
    0.00137863      5.24674 
    0.00137867      5.67333 
     0.0013787      6.13045 
    0.00137873      6.61935 
    0.00137877      7.14117 
    0.00137881      7.86428 
    0.00137885      8.57983 
    0.00137889      9.34604 
    0.00137893       10.164 
    0.00137897      11.0343 
    0.00137902      12.2556 
    0.00137908      13.5444 
    0.00137913      14.9186 
    0.00137918      16.3752 
    0.00137925      18.5109 
    0.00137932      20.6754 
    0.00137941      23.6674 
    0.00137966      32.3978 
    0.00137975      35.4877 
    0.00137983      37.9835 
    0.00137991      40.2275 
    0.00137997      41.7049 
    0.00138002      42.7804 
    0.00138009      44.0219 
    0.00138015      44.8198 
    0.00138021      45.3564 
    0.00138028      45.6316 
     0.0013803      45.6508 
    0.00138036      45.5009 
    0.00138043      45.0393 
    0.00138049      44.3321 
    0.00138055      43.3365 
    0.00138061      42.1784 
    0.00138068      40.3627 
    0.00138076       38.138 
    0.00138084      35.6574 
    0.00138094      32.5966 
    0.00138119      23.6036 
    0.00138127      21.0692 
    0.00138135      18.6513 
     0.0013814      17.1186 
    0.00138145      15.6572 
     0.0013815      14.2722 
    0.00138154      13.1701 
    0.00138159      11.9089 
    0.00138164      10.7347 
    0.00138169      9.64758 
    0.00138173      8.97075 
    0.00138176      8.33163 
     0.0013818      7.72948 
    0.00138183      7.14051 
    0.00138187      6.58958 
     0.0013819      6.07542 
    0.00138194      5.59664 
    0.00138197      5.15179 
    0.00138201      4.73933 
    0.00138205      4.35769 
    0.00138208      4.00526 
    0.00138212      3.66169 
    0.00138215      3.42322 
    0.00138218      3.20031 
     0.0013822      2.99217 
    0.00138223      2.79802 
    0.00138226      2.61709 
    0.00138229      2.44864 
    0.00138232      2.29196 
    0.00138235      2.14633 
    0.00138237      2.01108 
    0.00138241      1.86689 
    0.00138244      1.72626 
    0.00138248      1.59823 
    0.00138251      1.48174 
    0.00138255      1.37582 
    0.00138258      1.27956 
    0.00138262      1.19211 
    0.00138265      1.11266 
    0.00138269      1.04048 
    0.00138272      0.97491 
    0.00138276      0.91531 
     0.0013828     0.855542 
    0.00138283     0.801702 
    0.00138287     0.753147 
    0.00138291     0.709301 
    0.00138295     0.669646 
    0.00138299     0.633715 
    0.00138303     0.601097 
    0.00138307     0.571421 
    0.00138312     0.535867 
    0.00138317     0.504286 
    0.00138322     0.478372 
    0.00138326     0.454926 
    0.00138333     0.426954 
    0.00138339     0.402163 
    0.00138345     0.380032 
    0.00138352     0.360141 
    0.00138358     0.342148 
    0.00138364     0.325774 
    0.00138371     0.309543 
    0.00138379     0.293587 
    0.00138386      0.27904 
    0.00138393     0.265708 
    0.00138404     0.247657 
    0.00138416     0.231582 
    0.00138427     0.217167 
    0.00138439     0.202947 
    0.00138451     0.190181 
    0.00138463     0.178661 
    0.00138476     0.168222 
    0.00138488     0.158726 
    0.00138502     0.148459 
    0.00138518     0.138498 
    0.00138534     0.129558 
     0.0013855     0.121501 
    0.00138566     0.114211 
    0.00138582     0.107346 
      0.001386      0.10067 
    0.00138617    0.0946292 
    0.00138635    0.0891446 
    0.00138652    0.0841485 
     0.0013867    0.0795835 
     0.0013869     0.074777 
    0.00138711    0.0704176 
    0.00138731    0.0664507 
    0.00138752    0.0628299 
    0.00138772    0.0595158 
    0.00138795    0.0560238 
    0.00138821    0.0526478 
    0.00138846    0.0495892 
    0.00138871     0.046809 
    0.00138896     0.044274 
    0.00138922     0.041876 
     0.0013895    0.0395383 
    0.00138978    0.0374082 
    0.00139006    0.0354617 
    0.00139043    0.0331165 
    0.00139073    0.0314106 
    0.00139107    0.0296438 
    0.00139141    0.0280388 
    0.00139175    0.0265763 
    0.00139197    0.0256722 
    0.00139243    0.0240152 
    0.00139283    0.0227029 
    0.00139323    0.0215113 
    0.00139349    0.0207766 
    0.00139402    0.0194339 
    0.00139456    0.0182392 
    0.00139505    0.0172415 
    0.00139555    0.0163398 
    0.00139604    0.0155221 
    0.00139654    0.0147781 
     0.0013972    0.0138855 
    0.00139783    0.0131334 
    0.00139845    0.0124574 
    0.00139907    0.0118477 
     0.0013997    0.0112961 
    0.00140053    0.0106385 
    0.00140125    0.0101332 
    0.00140196   0.00967681 
    0.00140268   0.00926327 
    0.00140375   0.00871231 
    0.00140483   0.00823216 
     0.0014059   0.00781135 
    0.00140698   0.00743906 
    0.00140806   0.00710934 
    0.00140914    0.0068175 
    0.00141058   0.00647695 
    0.00141203     0.006183 
    0.00141336   0.00594639 
     0.0014147   0.00573894 
    0.00141603   0.00555696 
    0.00141736   0.00539691 
    0.00141899   0.00522704 
    0.00142062   0.00508189 
    0.00142307    0.0049037 
    0.00142548   0.00476712 
    0.00142789   0.00466526 
    0.00143029    0.0045911 
    0.00143256   0.00454505 
    0.00143482   0.00452056 
    0.00143633   0.00451538 
     0.0014392   0.00452931 
    0.00144206   0.00457452 
    0.00144444   0.00463488 
    0.00144681   0.00471744 
     0.0014484    0.0047848 
    0.00145119   0.00493162 
    0.00145329   0.00506715 
    0.00145546   0.00523281 
    0.00145767   0.00543118 
    0.00145988   0.00566372 
    0.00146153   0.00586305 
    0.00146318    0.0060874 
    0.00146484   0.00633981 
    0.00146649    0.0066243 
    0.00146852   0.00702473 
    0.00146988   0.00732872 
    0.00147124   0.00766675 
    0.00147259   0.00804401 
    0.00147395   0.00846651 
    0.00147532   0.00894015 
    0.00147668   0.00947329 
    0.00147805    0.0100816 
    0.00147909    0.0105961 
    0.00148013    0.0111642 
    0.00148116     0.011795 
     0.0014822    0.0124974 
    0.00148289    0.0130097 
    0.00148391    0.0138365 
    0.00148493    0.0147649 
    0.00148569    0.0155377 
    0.00148645    0.0163854 
    0.00148696    0.0169969 
    0.00148782    0.0181212 
    0.00148867    0.0193805 
    0.00148932    0.0204272 
    0.00148996    0.0215741 
    0.00149058    0.0227896 
    0.00149115    0.0240273 
    0.00149173    0.0253812 
    0.00149231    0.0268665 
    0.00149289    0.0285007 
    0.00149346    0.0303044 
    0.00149407    0.0324212 
    0.00149453    0.0341716 
    0.00149499    0.0360803 
    0.00149544    0.0381669 
     0.0014959    0.0404542 
    0.00149631    0.0426726 
    0.00149671    0.0450915 
    0.00149712     0.047736 
    0.00149752    0.0506352 
    0.00149793    0.0538234 
     0.0014983    0.0570282 
    0.00149865    0.0603736 
    0.00149901    0.0640379 
    0.00149936    0.0680632 
    0.00149972    0.0724986 
    0.00149995    0.0757117 
    0.00150033    0.0813131 
    0.00150061      0.08595 
    0.00150089    0.0910117 
    0.00150117    0.0965521 
    0.00150146     0.102634 
    0.00150171     0.108672 
    0.00150197     0.115278 
    0.00150222     0.122527 
    0.00150248     0.130505 
    0.00150273     0.139316 
    0.00150296     0.147925 
    0.00150317     0.156754 
    0.00150338     0.166423 
     0.0015036     0.177046 
    0.00150381     0.188753 
    0.00150401     0.200985 
    0.00150419     0.212919 
    0.00150437     0.225983 
    0.00150455     0.240331 
    0.00150472      0.25614 
     0.0015049      0.27362 
    0.00150506     0.290965 
    0.00150522     0.310081 
    0.00150538     0.331225 
    0.00150555     0.354706 
    0.00150571     0.380898 
    0.00150584     0.405975 
    0.00150597     0.431406 
     0.0015061      0.45945 
    0.00150623     0.490503 
    0.00150635     0.525051 
    0.00150648      0.56216 
    0.00150659     0.600304 
     0.0015067     0.642901 
    0.00150681     0.690786 
    0.00150689     0.726167 
    0.00150696     0.764769 
    0.00150704     0.807069 
    0.00150711     0.847467 
    0.00150717     0.891586 
    0.00150724     0.939978 
     0.0015073     0.993303 
    0.00150737      1.05235 
    0.00150743      1.11806 
     0.0015075      1.19156 
    0.00150755       1.2526 
    0.00150759      1.30901 
    0.00150764      1.38387 
    0.00150769      1.46653 
    0.00150774      1.55803 
    0.00150779      1.65957 
    0.00150784      1.77251 
     0.0015079      1.89838 
    0.00150795       2.0389 
      0.001508      2.19198 
    0.00150804      2.35837 
    0.00150808      2.49545 
    0.00150812      2.64411 
    0.00150815      2.80532 
    0.00150819      2.98014 
    0.00150823      3.16969 
    0.00150826      3.37516 
     0.0015083      3.59782 
    0.00150834      3.83894 
    0.00150837      4.09642 
    0.00150841      4.36702 
    0.00150844       4.6586 
    0.00150848      4.97249 
    0.00150851      5.31012 
    0.00150855      5.67287 
    0.00150858      6.06222 
    0.00150862      6.47961 
    0.00150866      7.08228 
    0.00150871      7.74085 
    0.00150875       8.4027 
    0.00150879       9.0578 
    0.00150883      9.75978 
    0.00150887      10.5104 
    0.00150891      11.3112 
    0.00150895      12.1637 
    0.00150899      13.0691 
    0.00150903      14.0282 
    0.00150907      15.1337 
    0.00150912      16.4017 
    0.00150916      17.7451 
    0.00150923      19.8992 
     0.0015093      22.2135 
    0.00150937      24.6761 
    0.00150946      27.8029 
    0.00150957      32.1966 
    0.00150983      42.7373 
    0.00150993      46.7053 
       0.00151      49.0713 
    0.00151008      51.4722 
    0.00151015      53.5824 
    0.00151022      55.3536 
     0.0015103      56.7443 
    0.00151037      57.6427 
    0.00151043      58.1881 
     0.0015105      58.3693 
    0.00151055      58.2564 
    0.00151061      57.8892 
    0.00151067      57.1215 
    0.00151075      55.8674 
    0.00151082      54.2207 
     0.0015109      52.2204 
    0.00151097      49.9126 
    0.00151107       46.401 
    0.00151118      42.2646 
    0.00151148      30.2404 
    0.00151158      26.4821 
    0.00151165      23.9516 
    0.00151171      21.5552 
    0.00151176      19.9574 
    0.00151181      18.3594 
    0.00151187      16.8505 
    0.00151192      15.4324 
    0.00151196      14.2227 
    0.00151201      13.1982 
    0.00151205      12.2341 
    0.00151209      11.3292 
    0.00151213      10.4822 
    0.00151217      9.69138 
    0.00151222       8.9548 
    0.00151226      8.27037 
     0.0015123      7.60202 
    0.00151235      6.95546 
    0.00151238       6.5069 
    0.00151242       6.0879 
    0.00151245        5.697 
    0.00151249      5.33273 
    0.00151252      4.99366 
    0.00151256      4.67838 
    0.00151259      4.38547 
    0.00151263      4.11359 
    0.00151266        3.841 
    0.00151271      3.55271 
    0.00151275      3.29083 
     0.0015128      3.05312 
    0.00151284      2.83743 
    0.00151288      2.64178 
    0.00151293      2.46433 
    0.00151297      2.30334 
    0.00151301      2.15725 
    0.00151306      2.02459 
     0.0015131      1.90403 
    0.00151315      1.78754 
     0.0015132      1.67901 
    0.00151324      1.58088 
    0.00151329      1.49199 
    0.00151334      1.41129 
    0.00151339      1.33786 
    0.00151344      1.27088 
     0.0015135      1.19036 
    0.00151356      1.11854 
    0.00151363      1.05417 
     0.0015137     0.991081 
    0.00151377     0.934491 
    0.00151384     0.883448 
    0.00151391     0.837172 
    0.00151398     0.795009 
    0.00151405     0.756423 
    0.00151415     0.704286 
    0.00151423     0.670633 
    0.00151431     0.637581 
    0.00151443     0.592829 
    0.00151455     0.553011 
    0.00151467      0.51736 
    0.00151479     0.485265 
    0.00151492     0.453903 
    0.00151506     0.424592 
    0.00151519     0.398161 
    0.00151533     0.374228 
    0.00151546     0.352476 
    0.00151561     0.330986 
    0.00151578     0.308502 
    0.00151595     0.288308 
    0.00151612     0.270096 
     0.0015163      0.25361 
    0.00151647     0.238632 
    0.00151666     0.223521 
    0.00151685     0.209842 
    0.00151704     0.197416 
    0.00151723     0.186093 
    0.00151742     0.175743 
    0.00151763     0.165127 
    0.00151786      0.15496 
    0.00151809     0.145731 
    0.00151831     0.137325 
    0.00151854     0.129648 
    0.00151878      0.12216 
    0.00151905     0.114494 
    0.00151932     0.107551 
     0.0015196     0.101242 
    0.00151987    0.0954908 
    0.00152014    0.0902342 
    0.00152044     0.084939 
    0.00152074    0.0801153 
    0.00152104    0.0757085 
    0.00152134     0.071672 
    0.00152174    0.0667968 
    0.00152212    0.0626708 
     0.0015225    0.0589358 
    0.00152288    0.0555439 
    0.00152325    0.0524544 
    0.00152363    0.0496326 
    0.00152404    0.0468378 
    0.00152447    0.0441947 
    0.00152489    0.0417872 
    0.00152532    0.0395883 
    0.00152574    0.0375745 
    0.00152619    0.0356333 
    0.00152668    0.0336861 
    0.00152718    0.0319127 
    0.00152767    0.0302932 
    0.00152833    0.0283442 
    0.00152886    0.0269158 
    0.00152948    0.0254183 
    0.00153009     0.024064 
    0.00153071    0.0228359 
    0.00153112    0.0220799 
    0.00153194    0.0207015 
    0.00153259    0.0197218 
    0.00153325    0.0188295 
    0.00153411    0.0177595 
    0.00153498    0.0168091 
    0.00153578    0.0160284 
    0.00153687    0.0150857 
    0.00153796    0.0142646 
    0.00153905    0.0135477 
    0.00154014    0.0129213 
    0.00154123    0.0123742 
    0.00154228    0.0119139 
    0.00154333    0.0115114 
    0.00154473    0.0110545 
    0.00154613    0.0106788 
    0.00154757    0.0103685 
    0.00154906    0.0101229 
    0.00155054    0.0099443 
    0.00155202    0.0098324 
    0.00155327   0.00978808 
    0.00155378   0.00978312 
    0.00155523    0.0098112 
    0.00155667   0.00990448 
    0.00155812    0.0100677 
    0.00155921    0.0102401 
    0.00156026    0.0104539 
     0.0015613    0.0107145 
    0.00156234    0.0110307 
    0.00156337     0.011409 
    0.00156441    0.0118608 
    0.00156539    0.0123656 
    0.00156624    0.0128797 
    0.00156709    0.0134733 
    0.00156795    0.0141597 
     0.0015688    0.0149572 
    0.00156937    0.0155622 
    0.00157004    0.0163682 
    0.00157063    0.0171565 
    0.00157121    0.0180399 
     0.0015718    0.0190344 
    0.00157238    0.0201592 
    0.00157277    0.0209927 
    0.00157333    0.0223067 
    0.00157374    0.0234085 
    0.00157416    0.0246249 
    0.00157457    0.0259726 
    0.00157499    0.0274709 
    0.00157542    0.0292086 
    0.00157585    0.0311645 
    0.00157617    0.0327971 
    0.00157649    0.0345926 
    0.00157671     0.035891 
    0.00157708    0.0383596 
    0.00157736    0.0404164 
    0.00157764     0.042675 
    0.00157792    0.0451629 
     0.0015782    0.0479124 
     0.0015785    0.0512642 
    0.00157873    0.0540494 
    0.00157896    0.0571006 
    0.00157919    0.0604532 
    0.00157942    0.0641488 
    0.00157962    0.0677726 
    0.00157983    0.0717489 
    0.00158003    0.0761261 
    0.00158024     0.080961 
    0.00158044    0.0863212 
    0.00158062    0.0914399 
    0.00158078    0.0966117 
    0.00158094     0.102278 
    0.00158111     0.108505 
    0.00158127     0.115373 
    0.00158143     0.122725 
    0.00158157     0.130316 
    0.00158172     0.138699 
    0.00158187     0.147996 
    0.00158202     0.158352 
    0.00158216     0.169948 
    0.00158229      0.18068 
    0.00158241      0.19258 
    0.00158253     0.205845 
    0.00158265     0.220726 
    0.00158274       0.2317 
    0.00158282     0.243654 
    0.00158292     0.260378 
    0.00158302     0.279272 
    0.00158309     0.293311 
    0.00158316     0.308712 
    0.00158323       0.3257 
     0.0015833     0.344545 
    0.00158337     0.365579 
    0.00158343     0.386683 
    0.00158349     0.410236 
    0.00158355     0.436664 
     0.0015836     0.458671 
    0.00158365     0.482827 
    0.00158369     0.509413 
    0.00158374      0.53875 
    0.00158379       0.5712 
    0.00158383     0.607173 
    0.00158386     0.633337 
    0.00158391     0.678792 
    0.00158395     0.716442 
    0.00158399      0.75748 
    0.00158402     0.802243 
    0.00158406     0.851093 
     0.0015841     0.904423 
    0.00158413     0.962658 
    0.00158417      1.02625 
    0.00158421      1.09569 
    0.00158424      1.17151 
    0.00158428      1.24707 
    0.00158431      1.32505 
    0.00158434      1.40916 
    0.00158437      1.49985 
     0.0015844      1.59756 
    0.00158444      1.70279 
    0.00158447      1.81601 
     0.0015845      1.93775 
    0.00158453      2.06853 
    0.00158457      2.20889 
     0.0015846      2.35939 
    0.00158463       2.5445 
    0.00158467      2.74444 
    0.00158471      2.96008 
    0.00158474      3.19227 
    0.00158478      3.44188 
    0.00158482      3.70975 
    0.00158485      3.99671 
    0.00158489      4.30354 
    0.00158493      4.61439 
    0.00158496      4.94449 
    0.00158501      5.47694 
    0.00158507      6.05552 
    0.00158512      6.68151 
    0.00158517      7.35566 
    0.00158522        8.074 
    0.00158527      8.83994 
    0.00158533      9.65258 
     0.0015854      10.8059 
    0.00158547      12.1599 
    0.00158555      13.5259 
    0.00158564      15.4358 
    0.00158592      21.1368 
    0.00158603      23.2628 
    0.00158612      24.7235 
    0.00158619      25.9046 
    0.00158628      27.0696 
    0.00158636      27.9707 
    0.00158642      28.4342 
    0.00158648      28.7948 
    0.00158654      29.0429 
     0.0015866      29.1106 
    0.00158665      29.0641 
    0.00158672      28.8179 
    0.00158677      28.4876 
    0.00158683      28.0395 
    0.00158691      27.1599 
    0.00158699      26.2141 
    0.00158706      25.1193 
    0.00158714      23.7008 
    0.00158722      22.1521 
    0.00158736      19.3877 
    0.00158756      15.2841 
    0.00158767      13.2829 
    0.00158775      11.7573 
    0.00158782       10.605 
    0.00158788      9.52074 
    0.00158793      8.72896 
    0.00158798      7.97021 
    0.00158804      7.25911 
    0.00158809      6.59584 
    0.00158814      5.98006 
    0.00158818      5.59553 
    0.00158822      5.15495 
    0.00158826       4.7438 
     0.0015883      4.36111 
    0.00158834      4.00588 
    0.00158839      3.67694 
    0.00158843       3.3731 
    0.00158847       3.0931 
    0.00158851      2.83565 
    0.00158855      2.63603 
    0.00158858      2.45059 
    0.00158862      2.27856 
    0.00158866      2.11917 
    0.00158869      1.97168 
    0.00158873      1.83535 
    0.00158876      1.70947 
     0.0015888      1.59335 
    0.00158883      1.48633 
    0.00158887      1.38778 
     0.0015889      1.29405 
    0.00158894      1.20257 
    0.00158898      1.11921 
    0.00158902      1.04329 
    0.00158906     0.974163 
     0.0015891     0.911221 
    0.00158914      0.85391 
    0.00158918     0.801715 
    0.00158922     0.754159 
    0.00158926     0.710805 
     0.0015893     0.671252 
    0.00158934     0.632461 
    0.00158938     0.596035 
    0.00158943     0.563027 
    0.00158947     0.533061 
    0.00158951     0.505803 
    0.00158954     0.488987 
     0.0015896     0.458253 
    0.00158966     0.430915 
    0.00158972     0.406488 
    0.00158978     0.384561 
    0.00158984     0.361863 
    0.00158991     0.341594 
    0.00158998     0.323381 
    0.00159005     0.306921 
    0.00159011     0.291963 
    0.00159018     0.278301 
    0.00159028     0.259871 
    0.00159036     0.247522 
    0.00159044     0.235041 
    0.00159052     0.223618 
    0.00159065     0.208177 
    0.00159077     0.194461 
     0.0015909     0.182193 
    0.00159103     0.170782 
    0.00159116     0.159826 
     0.0015913     0.149979 
    0.00159144     0.141088 
    0.00159158     0.133029 
    0.00159172     0.125697 
    0.00159189     0.117607 
    0.00159205     0.110336 
    0.00159222     0.103775 
    0.00159239    0.0978313 
    0.00159256     0.092429 
    0.00159275    0.0869567 
    0.00159295    0.0817562 
    0.00159315    0.0770545 
    0.00159334     0.072789 
    0.00159354    0.0689069 
    0.00159375    0.0652512 
    0.00159396    0.0617105 
    0.00159418    0.0584876 
     0.0015944    0.0555454 
    0.00159469    0.0520048 
    0.00159496    0.0490348 
    0.00159522    0.0465282 
    0.00159547    0.0442433 
    0.00159572    0.0421549 
     0.0015961    0.0393439 
    0.00159648    0.0368655 
    0.00159686    0.0346701 
    0.00159722    0.0328119 
    0.00159758    0.0311432 
    0.00159795    0.0296397 
    0.00159831    0.0282812 
    0.00159879    0.0266657 
    0.00159927    0.0252502 
    0.00159974    0.0239979 
    0.00160022    0.0228858 
     0.0016007    0.0218952 
    0.00160118     0.021011 
     0.0016018    0.0200091 
    0.00160248    0.0190496 
    0.00160316    0.0182267 
    0.00160385    0.0175192 
    0.00160453    0.0169115 
    0.00160534    0.0163046 
    0.00160605      0.01586 
    0.00160675    0.0154834 
    0.00160781    0.0150301 
    0.00160887    0.0146927 
    0.00160992    0.0144561 
    0.00161113    0.0142938 
    0.00161212    0.0142356 
    0.00161262    0.0142309 
    0.00161385    0.0142861 
    0.00161508    0.0144306 
    0.00161631    0.0146624 
    0.00161753    0.0149806 
    0.00161876    0.0153865 
    0.00161988     0.015834 
    0.00162094    0.0163329 
      0.001622    0.0169112 
    0.00162306    0.0175749 
    0.00162412    0.0183325 
    0.00162483    0.0188951 
    0.00162605    0.0199851 
    0.00162696    0.0209113 
    0.00162788    0.0219458 
     0.0016288    0.0231027 
    0.00162971    0.0243974 
    0.00163068    0.0259369 
    0.00163141    0.0272233 
    0.00163213    0.0286378 
    0.00163286    0.0301969 
    0.00163358    0.0319194 
    0.00163433     0.033884 
    0.00163507    0.0360738 
    0.00163582     0.038523 
    0.00163657    0.0412731 
    0.00163731    0.0443743 
    0.00163793    0.0472691 
    0.00163849    0.0501524 
    0.00163905     0.053337 
    0.00163961    0.0568671 
    0.00164017    0.0607952 
    0.00164069    0.0648412 
    0.00164112    0.0685878 
    0.00164156    0.0726938 
      0.001642    0.0772063 
    0.00164243    0.0821809 
    0.00164287    0.0876828 
    0.00164331    0.0939972 
    0.00164365    0.0992168 
    0.00164399     0.104907 
    0.00164433     0.111125 
    0.00164466     0.117939 
    0.00164497     0.124723 
    0.00164527     0.132134 
    0.00164558     0.140253 
    0.00164589     0.149174 
    0.00164619     0.159008 
    0.00164647     0.168754 
    0.00164673     0.178841 
    0.00164699     0.189891 
    0.00164725     0.202034 
    0.00164751     0.215418 
    0.00164776     0.229286 
    0.00164797     0.242533 
    0.00164819     0.256999 
     0.0016484      0.27284 
    0.00164861      0.29024 
    0.00164883     0.309413 
    0.00164902     0.328481 
    0.00164921     0.349426 
    0.00164941     0.372508 
     0.0016496     0.398035 
    0.00164979     0.426376 
    0.00164996     0.453802 
    0.00165012     0.481786 
    0.00165028     0.512547 
    0.00165043      0.54648 
    0.00165059     0.584055 
    0.00165074     0.623539 
    0.00165087     0.662312 
      0.001651     0.705026 
    0.00165113     0.752269 
    0.00165127     0.804758 
     0.0016514     0.863366 
    0.00165152     0.921355 
    0.00165163     0.985957 
    0.00165175      1.05834 
    0.00165183      1.11163 
    0.00165191      1.16956 
    0.00165198      1.23275 
    0.00165206      1.29996 
    0.00165213      1.37148 
    0.00165221         1.45 
    0.00165228      1.53655 
    0.00165236      1.63234 
    0.00165243      1.73884 
     0.0016525      1.85773 
    0.00165256      1.95624 
    0.00165262      2.06381 
    0.00165267      2.18157 
    0.00165273      2.31074 
    0.00165278      2.45269 
    0.00165284        2.609 
    0.00165289      2.78136 
    0.00165295      2.97169 
      0.001653       3.1821 
    0.00165306      3.41489 
    0.00165311       3.6726 
    0.00165317      3.95795 
    0.00165321        4.165 
    0.00165325      4.43272 
    0.00165329      4.72303 
    0.00165334      5.03771 
    0.00165338      5.37859 
    0.00165343      5.74756 
    0.00165347      6.14656 
    0.00165352      6.57762 
    0.00165356      7.04272 
    0.00165362      7.68834 
    0.00165367      8.39679 
    0.00165373      9.17213 
    0.00165379      10.0182 
    0.00165384      10.9387 
    0.00165389      11.7882 
    0.00165395      12.9053 
    0.00165401       14.112 
    0.00165407      15.4098 
    0.00165413      16.7992 
    0.00165419      18.2793 
    0.00165425       19.848 
    0.00165434      22.3588 
    0.00165442      25.0413 
    0.00165454      28.8359 
    0.00165488      40.2419 
      0.001655      44.0447 
    0.00165509      46.5804 
    0.00165518      48.8339 
    0.00165527      50.7444 
    0.00165533      51.8961 
     0.0016554      52.8164 
    0.00165548      53.5922 
    0.00165555      54.0005 
     0.0016556      54.0649 
    0.00165568      53.8675 
    0.00165574      53.4568 
    0.00165582      52.6147 
    0.00165588      51.5868 
    0.00165597      49.8773 
    0.00165606      47.7961 
    0.00165615      45.4004 
    0.00165621      43.6597 
    0.00165633      39.9221 
    0.00165666      28.6155 
    0.00165675      25.7587 
    0.00165684      23.0373 
    0.00165693      20.4812 
    0.00165699      18.8797 
    0.00165705      17.3655 
    0.00165711      15.9413 
    0.00165717      14.6084 
    0.00165723      13.3668 
    0.00165728       12.337 
    0.00165733      11.3773 
    0.00165738      10.4859 
    0.00165744      9.66037 
    0.00165749      8.89797 
    0.00165754      8.17217 
     0.0016576      7.49656 
    0.00165765      6.88014 
    0.00165771      6.31895 
    0.00165776      5.80905 
    0.00165782       5.3539 
    0.00165787      4.95429 
    0.00165792      4.59093 
    0.00165798      4.26078 
    0.00165803      3.96098 
    0.00165808      3.68882 
    0.00165814      3.44176 
    0.00165819      3.21743 
    0.00165824      3.01366 
    0.00165829      2.82844 
    0.00165835       2.6599 
     0.0016584      2.50126 
    0.00165846      2.35468 
    0.00165851      2.22139 
    0.00165857      2.09995 
    0.00165862      1.98909 
    0.00165866      1.92049 
    0.00165873      1.79464 
    0.00165881      1.68217 
    0.00165888      1.58121 
    0.00165895       1.4902 
    0.00165902      1.41468 
    0.00165909      1.34548 
    0.00165918      1.26178 
    0.00165927      1.18654 
    0.00165936      1.11856 
    0.00165945      1.05684 
    0.00165954      1.00057 
    0.00165963     0.949066 
    0.00165972     0.899057 
    0.00165982     0.850721 
    0.00165993     0.806436 
    0.00166003     0.765729 
    0.00166018     0.710518 
    0.00166033     0.661353 
    0.00166048     0.617341 
    0.00166065     0.573845 
    0.00166081     0.534956 
    0.00166098     0.500025 
    0.00166115     0.468517 
    0.00166131     0.439987 
    0.00166149     0.412148 
    0.00166168     0.386081 
    0.00166186     0.362478 
    0.00166205     0.341032 
    0.00166224     0.321483 
    0.00166243      0.30272 
    0.00166265     0.283978 
    0.00166286     0.266967 
    0.00166308     0.251477 
    0.00166329      0.23733 
    0.00166351     0.224374 
    0.00166377     0.209843 
    0.00166404     0.196714 
    0.00166431     0.184812 
    0.00166457     0.173986 
    0.00166484     0.164111 
    0.00166512     0.154454 
    0.00166542     0.145367 
    0.00166571     0.137084 
      0.001666     0.129511 
     0.0016663     0.122571 
    0.00166661     0.115745 
    0.00166697      0.10868 
    0.00166733     0.102267 
    0.00166769    0.0964286 
    0.00166805    0.0910976 
    0.00166841    0.0862172 
    0.00166883     0.080992 
    0.00166925    0.0762524 
    0.00166968    0.0719398 
     0.0016701    0.0680043 
    0.00167052    0.0644032 
    0.00167097     0.060891 
    0.00167143    0.0575837 
     0.0016719    0.0545595 
    0.00167252    0.0509145 
    0.00167313    0.0476552 
     0.0016737    0.0449453 
    0.00167427    0.0424846 
    0.00167485    0.0402439 
    0.00167542    0.0381983 
    0.00167618    0.0357372 
    0.00167687    0.0337142 
    0.00167757    0.0318864 
    0.00167827    0.0302303 
    0.00167897    0.0287255 
     0.0016799     0.026925 
    0.00168067    0.0255842 
    0.00168144    0.0243684 
    0.00168248    0.0229179 
    0.00168351    0.0216376 
     0.0016844    0.0206508 
    0.00168553     0.019539 
    0.00168665    0.0185595 
    0.00168778    0.0176962 
     0.0016889    0.0169346 
    0.00169003    0.0162628 
    0.00169131    0.0155973 
    0.00169258    0.0150228 
    0.00169386    0.0145299 
    0.00169514    0.0141115 
    0.00169684    0.0136546 
    0.00169828    0.0133511 
    0.00169972    0.0131196 
    0.00170116    0.0129564 
    0.00170261     0.012859 
    0.00170394    0.0128273 
    0.00170544    0.0128615 
    0.00170693    0.0129696 
    0.00170843    0.0131562 
    0.00170992    0.0134283 
    0.00171146    0.0138051 
     0.0017126     0.014161 
    0.00171375     0.014588 
     0.0017149    0.0150952 
    0.00171605    0.0156937 
    0.00171703    0.0162853 
    0.00171801    0.0169649 
    0.00171898    0.0177475 
    0.00171996    0.0186472 
    0.00172094    0.0196817 
    0.00172172     0.020619 
     0.0017224    0.0215323 
    0.00172308    0.0225474 
    0.00172376    0.0236784 
    0.00172444    0.0249414 
    0.00172489    0.0258662 
    0.00172555    0.0273603 
    0.00172622    0.0290409 
    0.00172688    0.0309391 
    0.00172738    0.0325279 
    0.00172783    0.0341137 
    0.00172841    0.0363424 
    0.00172884    0.0381971 
    0.00172927    0.0402312 
     0.0017297    0.0424683 
     0.0017301    0.0447563 
    0.00173049    0.0471714 
    0.00173088    0.0498226 
    0.00173126    0.0527414 
    0.00173165    0.0559649 
     0.0017319    0.0583046 
     0.0017323    0.0622681 
     0.0017327    0.0667044 
      0.001733    0.0703883 
     0.0017333     0.074421 
    0.00173359    0.0787088 
    0.00173386     0.083111 
    0.00173413    0.0879291 
     0.0017344    0.0932177 
    0.00173468    0.0990408 
    0.00173495     0.105474 
    0.00173518     0.111496 
    0.00173541      0.11809 
    0.00173564      0.12533 
    0.00173587     0.133305 
     0.0017361     0.142119 
    0.00173634     0.152213 
    0.00173659     0.163671 
    0.00173675     0.172089 
    0.00173691     0.181214 
    0.00173707     0.191128 
    0.00173723     0.201928 
    0.00173739     0.213726 
    0.00173759     0.229648 
    0.00173776      0.24536 
    0.00173794     0.262846 
    0.00173811     0.282397 
    0.00173828     0.304367 
    0.00173845     0.327418 
    0.00173859     0.349429 
    0.00173872     0.373925 
    0.00173886     0.401328 
    0.00173896     0.421468 
    0.00173905     0.443324 
    0.00173914      0.46712 
    0.00173924     0.496537 
    0.00173935     0.529212 
    0.00173945     0.565722 
    0.00173956     0.606787 
    0.00173963     0.637134 
     0.0017397     0.670229 
    0.00173976     0.705629 
    0.00173983     0.744446 
     0.0017399     0.787173 
    0.00173997     0.834385 
    0.00174003     0.886759 
     0.0017401     0.945078 
    0.00174017      1.01026 
    0.00174022      1.06428 
    0.00174027      1.12189 
    0.00174032      1.18402 
    0.00174037      1.25186 
    0.00174042      1.32605 
    0.00174047      1.40725 
    0.00174052      1.49622 
    0.00174057      1.59377 
    0.00174061      1.70079 
    0.00174066      1.81824 
    0.00174071      1.94715 
    0.00174076      2.08862 
    0.00174081      2.22766 
    0.00174085      2.37874 
    0.00174089      2.54282 
    0.00174094      2.72089 
    0.00174098      2.91397 
    0.00174103      3.12313 
    0.00174107      3.34946 
    0.00174112      3.59407 
    0.00174116      3.85806 
     0.0017412      4.14255 
    0.00174125      4.46041 
     0.0017413       4.8281 
    0.00174135      5.22525 
     0.0017414      5.65316 
    0.00174145      6.11306 
     0.0017415      6.60598 
    0.00174156      7.27175 
    0.00174162      7.99203 
    0.00174168      8.76747 
    0.00174174      9.59792 
    0.00174182      10.7365 
     0.0017419      11.9591 
    0.00174198      13.2589 
    0.00174208       15.095 
    0.00174221      17.5104 
    0.00174246      22.0336 
    0.00174254      23.5351 
    0.00174264      25.2873 
    0.00174272      26.4772 
     0.0017428      27.5337 
    0.00174288      28.4344 
    0.00174296      29.1598 
    0.00174302       29.603 
    0.00174311      30.0026 
    0.00174319       30.143 
     0.0017432      30.1447 
    0.00174327      30.0511 
    0.00174333      29.8391 
    0.00174342      29.3141 
     0.0017435      28.5842 
    0.00174358      27.7152 
    0.00174366      26.6866 
    0.00174374      25.5202 
    0.00174385      23.7016 
    0.00174395      21.8253 
    0.00174428      15.7469 
    0.00174438      13.8773 
    0.00174446      12.5458 
    0.00174454      11.2874 
    0.00174462      10.1103 
    0.00174467      9.37327 
    0.00174474      8.45964 
    0.00174479       7.8363 
    0.00174484      7.25012 
    0.00174489      6.70071 
    0.00174495      6.18738 
      0.001745      5.70921 
    0.00174504      5.33328 
    0.00174508      4.98068 
    0.00174512      4.65057 
    0.00174517      4.34207 
    0.00174521      4.05422 
    0.00174525      3.78608 
    0.00174529      3.53665 
    0.00174534      3.30495 
    0.00174539      3.05831 
    0.00174543      2.83245 
    0.00174548      2.62587 
    0.00174553      2.43715 
    0.00174558       2.2649 
    0.00174563       2.1078 
    0.00174568      1.96459 
    0.00174573      1.83409 
    0.00174578      1.71518 
    0.00174583      1.60682 
    0.00174588      1.50805 
    0.00174593      1.41797 
    0.00174598      1.33576 
    0.00174602      1.26067 
    0.00174607        1.192 
    0.00174612      1.12912 
    0.00174619      1.05332 
    0.00174625     0.985614 
    0.00174632     0.924938 
    0.00174639     0.870388 
    0.00174645     0.820172 
    0.00174652     0.774798 
    0.00174659     0.733643 
    0.00174665     0.696175 
    0.00174674     0.651174 
    0.00174683      0.61102 
    0.00174692     0.574978 
    0.00174701     0.542448 
     0.0017471      0.51294 
    0.00174719     0.484975 
    0.00174729     0.459476 
    0.00174738     0.436131 
    0.00174747      0.41468 
    0.00174761     0.385587 
    0.00174775     0.359671 
    0.00174789     0.336013 
    0.00174804     0.313963 
    0.00174819     0.294139 
    0.00174834     0.276237 
    0.00174848     0.260006 
    0.00174863     0.245238 
    0.00174879     0.230744 
    0.00174895     0.217561 
    0.00174911     0.205531 
    0.00174927      0.19452 
    0.00174943     0.184413 
    0.00174959     0.175112 
    0.00174983     0.162488 
    0.00175007     0.151115 
    0.00175031     0.140894 
    0.00175056      0.13173 
     0.0017508     0.123479 
    0.00175105     0.116023 
    0.00175129     0.109237 
    0.00175154      0.10302 
    0.00175178    0.0973531 
    0.00175203     0.092173 
    0.00175236      0.08593 
    0.00175263    0.0812918 
    0.00175295    0.0763353 
    0.00175327    0.0718561 
    0.00175359    0.0677945 
     0.0017539    0.0641001 
    0.00175422    0.0607299 
    0.00175458    0.0573047 
    0.00175493     0.054194 
    0.00175529    0.0513606 
    0.00175565    0.0487725 
    0.00175612    0.0456562 
    0.00175653    0.0432238 
    0.00175694    0.0410116 
    0.00175722    0.0396464 
    0.00175776    0.0371493 
    0.00175831    0.0349259 
    0.00175882    0.0330798 
    0.00175933    0.0314098 
    0.00175967    0.0303836 
    0.00176034    0.0285159 
    0.00176102    0.0268639 
    0.00176172    0.0253499 
    0.00176242    0.0240052 
    0.00176312     0.022805 
    0.00176382    0.0217301 
    0.00176452    0.0207655 
    0.00176543    0.0196476 
    0.00176646    0.0185641 
    0.00176748    0.0176266 
    0.00176851    0.0168115 
    0.00176953    0.0161016 
    0.00177062    0.0154471 
    0.00177184    0.0148195 
    0.00177306    0.0142851 
    0.00177427    0.0138306 
    0.00177508    0.0135668 
    0.00177671    0.0131226 
    0.00177823    0.0127918 
    0.00177976    0.0125325 
    0.00178129    0.0123372 
    0.00178281    0.0121989 
    0.00178464    0.0121008 
    0.00178648    0.0120702 
    0.00178822    0.0120994 
    0.00178997    0.0121821 
    0.00179172     0.012317 
    0.00179347    0.0125034 
    0.00179526    0.0127495 
    0.00179706    0.0130521 
    0.00179885    0.0134144 
    0.00180065    0.0138394 
    0.00180298     0.014492 
    0.00180453     0.014999 
    0.00180608    0.0155699 
    0.00180762    0.0162082 
    0.00180915    0.0169215 
    0.00181068    0.0177233 
    0.00181221    0.0186261 
    0.00181373    0.0196338 
    0.00181524    0.0207671 
    0.00181674    0.0220572 
    0.00181787    0.0231447 
      0.001819    0.0243524 
    0.00182019    0.0257802 
    0.00182138    0.0273917 
    0.00182257    0.0292221 
    0.00182336    0.0305853 
    0.00182416    0.0320812 
    0.00182495    0.0337304 
    0.00182589    0.0359146 
    0.00182671    0.0380452 
    0.00182752    0.0404374 
    0.00182834    0.0431435 
    0.00182888     0.045154 
    0.00182942    0.0473554 
    0.00183007     0.050273 
    0.00183064    0.0531144 
    0.00183121    0.0562813 
    0.00183177    0.0598325 
    0.00183234    0.0638395 
    0.00183286    0.0679754 
    0.00183328    0.0717262 
     0.0018337    0.0758858 
    0.00183412    0.0805222 
    0.00183454    0.0857184 
    0.00183496    0.0915763 
    0.00183527    0.0964905 
    0.00183559     0.101914 
    0.00183591     0.107925 
    0.00183622     0.114615 
    0.00183654     0.122098 
    0.00183683      0.12969 
     0.0018371     0.137716 
    0.00183737     0.146678 
    0.00183764     0.156735 
    0.00183791     0.168085 
    0.00183816     0.179518 
    0.00183834     0.189179 
    0.00183853     0.199792 
    0.00183871     0.211494 
     0.0018389     0.224446 
    0.00183908     0.238847 
    0.00183923     0.251751 
    0.00183938     0.265917 
    0.00183953     0.281525 
    0.00183968     0.298795 
    0.00183983     0.317994 
    0.00183997     0.337407 
     0.0018401     0.357864 
    0.00184023     0.380609 
    0.00184036     0.406054 
    0.00184049     0.434726 
    0.00184058     0.455965 
    0.00184069     0.487686 
    0.00184077      0.51122 
    0.00184085     0.537001 
    0.00184093     0.565391 
      0.001841     0.596829 
    0.00184108     0.631852 
    0.00184116     0.671117 
    0.00184123     0.710148 
    0.00184129     0.747989 
    0.00184135       0.7899 
    0.00184141     0.836502 
    0.00184147     0.888513 
    0.00184153      0.94677 
    0.00184159      1.01223 
    0.00184163      1.06672 
    0.00184168      1.12641 
    0.00184173      1.20573 
    0.00184177      1.27135 
    0.00184181       1.3428 
    0.00184185      1.42065 
    0.00184189       1.5055 
    0.00184193      1.59803 
    0.00184197      1.69893 
    0.00184201      1.80898 
    0.00184206      1.92897 
     0.0018421      2.05978 
    0.00184213      2.18588 
    0.00184218      2.35756 
    0.00184222      2.54621 
    0.00184227       2.7533 
    0.00184231      2.98039 
    0.00184236      3.22909 
     0.0018424      3.50109 
    0.00184245      3.79811 
    0.00184249      4.11454 
    0.00184253       4.4503 
    0.00184258      4.81374 
    0.00184262      5.20643 
    0.00184266      5.62993 
    0.00184271      6.08574 
    0.00184275      6.57531 
    0.00184279      7.10001 
    0.00184283      7.65777 
    0.00184288      8.24911 
    0.00184292      8.87805 
    0.00184296      9.54541 
    0.00184303      10.6197 
    0.00184309      11.7828 
    0.00184315      13.0344 
    0.00184322      14.3729 
    0.00184328      15.7951 
    0.00184335      17.2958 
    0.00184343      19.4288 
    0.00184354      22.3292 
    0.00184386        30.99 
    0.00184396      33.6488 
    0.00184406      35.9501 
    0.00184412      37.3058 
     0.0018442      38.9288 
    0.00184427      40.0958 
    0.00184433      41.0737 
     0.0018444      41.8464 
    0.00184447      42.4006 
    0.00184454       42.737 
     0.0018446      42.8209 
    0.00184467      42.6836 
    0.00184474      42.3264 
    0.00184481      41.7363 
    0.00184488      40.9298 
    0.00184494      39.9204 
    0.00184504      38.2327 
    0.00184511      36.6263 
    0.00184522      34.2272 
    0.00184532      31.6082 
    0.00184549      26.9766 
    0.00184564      22.7885 
    0.00184574      20.0546 
    0.00184583      17.9115 
    0.00184591      16.0371 
    0.00184598      14.3264 
    0.00184604      13.1221 
     0.0018461       11.988 
    0.00184616      10.9255 
    0.00184622      9.82919 
    0.00184626      9.14732 
    0.00184631      8.50406 
    0.00184635      7.89872 
    0.00184639      7.33037 
    0.00184643      6.79801 
    0.00184648      6.30043 
    0.00184652        5.796 
    0.00184657      5.29262 
    0.00184661      4.94296 
    0.00184665      4.61607 
    0.00184669      4.31088 
    0.00184672      4.02634 
    0.00184676       3.7614 
     0.0018468      3.51501 
    0.00184684      3.28613 
    0.00184687      3.07375 
    0.00184691      2.86722 
    0.00184696        2.659 
      0.001847      2.46862 
    0.00184704      2.29474 
    0.00184709      2.13604 
    0.00184713      1.99131 
    0.00184717      1.85938 
    0.00184722      1.73916 
    0.00184726      1.62964 
     0.0018473      1.52986 
    0.00184735      1.43895 
    0.00184739      1.35186 
    0.00184744      1.27092 
    0.00184749       1.1976 
    0.00184753      1.13112 
    0.00184758      1.07075 
    0.00184763      1.01587 
    0.00184768     0.965893 
    0.00184774     0.905994 
     0.0018478     0.852813 
    0.00184786     0.805419 
    0.00184792     0.765329 
    0.00184798     0.729096 
    0.00184806     0.685936 
    0.00184814     0.647776 
    0.00184822     0.613813 
     0.0018483     0.583395 
    0.00184837      0.55599 
    0.00184845     0.531162 
    0.00184853     0.508008 
    0.00184866     0.476268 
    0.00184878     0.448416 
    0.00184891     0.423774 
    0.00184903     0.401822 
    0.00184915     0.382156 
    0.00184932     0.358469 
    0.00184949     0.337795 
    0.00184966     0.319642 
    0.00184983     0.303622 
       0.00185     0.289428 
    0.00185021     0.273693 
    0.00185045     0.258751 
    0.00185068     0.245956 
    0.00185092     0.234969 
    0.00185116     0.225518 
    0.00185143       0.2161 
    0.00185167     0.209213 
    0.00185191     0.203322 
    0.00185215      0.19831 
    0.00185251     0.192225 
    0.00185287     0.187633 
    0.00185322     0.184329 
    0.00185358     0.182179 
    0.00185393     0.181022 
    0.00185417     0.180758 
    0.00185461     0.181263 
    0.00185504      0.18298 
    0.00185548     0.185851 
    0.00185591     0.189848 
    0.00185635     0.194976 
    0.00185682     0.201833 
    0.00185731     0.210461 
     0.0018578      0.22074 
    0.00185829      0.23283 
    0.00185862     0.241999 
    0.00185895     0.252145 
    0.00185931     0.264637 
    0.00185971     0.280032 
     0.0018601     0.297422 
     0.0018605     0.317089 
     0.0018607     0.327882 
    0.00186107     0.349928 
    0.00186135     0.368296 
    0.00186163     0.388443 
     0.0018619     0.410587 
    0.00186218     0.434985 
    0.00186245     0.460884 
    0.00186272     0.489465 
    0.00186298     0.521096 
    0.00186325     0.556217 
    0.00186352     0.595351 
    0.00186378     0.638561 
    0.00186405     0.686709 
    0.00186422     0.722112 
     0.0018644     0.760506 
    0.00186457     0.802239 
    0.00186475     0.847712 
    0.00186492     0.897391 
    0.00186511     0.957544 
    0.00186527      1.01162 
    0.00186543      1.07067 
    0.00186559      1.13531 
    0.00186574       1.2063 
    0.00186589      1.27997 
    0.00186602      1.35102 
    0.00186616      1.42847 
    0.00186629      1.51314 
    0.00186642      1.60598 
    0.00186655      1.70812 
    0.00186667       1.8138 
     0.0018668      1.93017 
    0.00186692      2.05879 
    0.00186704      2.20149 
    0.00186717      2.36046 
    0.00186728      2.51973 
    0.00186738      2.68636 
    0.00186749      2.87093 
    0.00186759      3.07608 
     0.0018677      3.30485 
     0.0018678      3.56079 
    0.00186787       3.7485 
    0.00186794      3.95145 
    0.00186801      4.17113 
    0.00186808      4.40916 
    0.00186815      4.66729 
    0.00186822      4.94742 
    0.00186829      5.25158 
    0.00186836      5.58192 
    0.00186843      5.94074 
     0.0018685      6.33043 
    0.00186857      6.75347 
    0.00186864      7.21242 
    0.00186871      7.70985 
    0.00186878      8.24834 
    0.00186885      8.83039 
    0.00186892      9.39346 
      0.001869      10.2049 
    0.00186908      11.0889 
    0.00186917      12.0479 
    0.00186925      13.0839 
    0.00186934      14.1973 
    0.00186944      15.6969 
    0.00186955      17.3111 
    0.00186965      19.0307 
    0.00186979      21.4613 
    0.00187004       25.945 
    0.00187025      29.7702 
    0.00187039      32.1534 
     0.0018705      33.8868 
    0.00187062      35.5866 
    0.00187071      36.5418 
    0.00187079      37.3346 
    0.00187089      38.0273 
    0.00187099      38.4695 
    0.00187107      38.6445 
     0.0018711      38.6544 
     0.0018712      38.5163 
    0.00187128      38.1818 
    0.00187137      37.6541 
    0.00187145      36.9448 
    0.00187153       36.066 
    0.00187166      34.4648 
    0.00187177      32.8011 
    0.00187191      30.4797 
    0.00187212      26.6952 
     0.0018724      21.5618 
    0.00187254      19.1261 
    0.00187265      17.4016 
    0.00187275      15.7816 
    0.00187285      14.3726 
    0.00187293      13.2475 
    0.00187302      12.1998 
     0.0018731      11.2291 
    0.00187319      10.3339 
    0.00187327      9.51149 
    0.00187334      8.87945 
    0.00187341      8.29355 
    0.00187348      7.75139 
    0.00187355      7.25049 
    0.00187362      6.78826 
    0.00187369      6.36215 
    0.00187376      5.96959 
    0.00187383       5.6081 
     0.0018739      5.27529 
    0.00187397      4.96885 
    0.00187404      4.68662 
    0.00187411      4.42656 
    0.00187418      4.18676 
    0.00187425      3.96545 
    0.00187432      3.76102 
    0.00187443      3.48275 
    0.00187453      3.23456 
    0.00187464      3.01253 
    0.00187474      2.81324 
    0.00187485      2.63378 
    0.00187495      2.47162 
    0.00187507       2.3038 
    0.00187519      2.15325 
    0.00187531      2.01764 
    0.00187543      1.89501 
    0.00187555      1.78371 
    0.00187568      1.67465 
    0.00187582      1.57221 
    0.00187596      1.47927 
    0.00187609      1.39467 
    0.00187623      1.31739 
     0.0018764      1.22776 
    0.00187657      1.15041 
    0.00187673       1.0804 
     0.0018769      1.01683 
    0.00187706     0.958906 
    0.00187723     0.905978 
     0.0018774     0.857479 
    0.00187756     0.812922 
    0.00187773     0.770853 
    0.00187791     0.731149 
    0.00187808     0.694569 
    0.00187835     0.644867 
    0.00187861      0.60057 
    0.00187887     0.560927 
    0.00187912     0.526651 
    0.00187936     0.498069 
    0.00187959     0.471926 
    0.00187982      0.44796 
    0.00188013     0.419008 
    0.00188037     0.398027 
    0.00188065      0.37647 
    0.00188093     0.356873 
    0.00188121     0.339028 
    0.00188158     0.317661 
    0.00188191     0.300804 
    0.00188219     0.287543 
    0.00188248     0.275481 
    0.00188291     0.259447 
    0.00188334     0.245676 
    0.00188377     0.234011 
    0.00188417     0.224942 
    0.00188451     0.218558 
    0.00188485     0.213528 
     0.0018852     0.209954 
    0.00188554     0.208014 
    0.00188572     0.207742 
    0.00188596     0.208271 
    0.00188621     0.210174 
    0.00188638      0.21236 
    0.00188655     0.215434 
    0.00188672     0.219582 
    0.00188689     0.225072 
    0.00188702     0.230306 
    0.00188715     0.236766 
    0.00188728     0.244808 
    0.00188738      0.25282 
    0.00188747     0.261327 
    0.00188756      0.27154 
    0.00188765     0.283911 
    0.00188771     0.293643 
    0.00188777     0.304808 
    0.00188783     0.317662 
     0.0018879     0.332505 
    0.00188796     0.349692 
      0.001888     0.364365 
    0.00188805     0.380786 
    0.00188809     0.399177 
    0.00188814     0.419784 
    0.00188818     0.442882 
    0.00188823     0.468775 
    0.00188827     0.497796 
    0.00188832     0.531124 
    0.00188837     0.569001 
    0.00188842     0.611551 
    0.00188846     0.659306 
    0.00188851     0.712836 
    0.00188854     0.752033 
    0.00188857     0.794265 
     0.0018886     0.839732 
    0.00188864     0.888646 
    0.00188867     0.941222 
     0.0018887      0.99769 
    0.00188873      1.05828 
    0.00188876      1.12324 
     0.0018888      1.22078 
    0.00188884      1.30912 
    0.00188888      1.40444 
    0.00188891      1.50713 
    0.00188895       1.6176 
    0.00188899      1.73625 
    0.00188902       1.8635 
    0.00188906      1.99975 
    0.00188909      2.14539 
    0.00188913      2.30081 
    0.00188918      2.52387 
    0.00188923       2.7888 
    0.00188928      3.07714 
    0.00188934      3.38974 
    0.00188939      3.72725 
    0.00188944      4.09014 
     0.0018895      4.54244 
    0.00188956      5.00367 
     0.0018896      5.36962 
    0.00188966      5.88352 
    0.00188974      6.64145 
    0.00188982      7.41399 
    0.00188992      8.49543 
    0.00189007      10.1651 
    0.00189027      12.4677 
    0.00189037      13.5317 
    0.00189045      14.3447 
    0.00189053      15.0679 
    0.00189061      15.7066 
    0.00189069      16.2463 
    0.00189078       16.693 
    0.00189086      16.9939 
    0.00189092      17.1352 
      0.001891      17.2077 
      0.001891      17.2077 
    0.00189108      17.1459 
    0.00189114      17.0067 
    0.00189122      16.7126 
    0.00189129      16.3316 
    0.00189136      15.8536 
    0.00189144      15.2387 
    0.00189152      14.5352 
    0.00189161      13.6622 
    0.00189172      12.5571 
    0.00189192      10.2557 
    0.00189207      8.58033 
    0.00189217      7.51485 
    0.00189225      6.70153 
    0.00189233      5.93686 
    0.00189239      5.36382 
    0.00189246      4.80702 
    0.00189251      4.40175 
    0.00189256      4.02135 
    0.00189262      3.66578 
    0.00189267      3.33479 
    0.00189272      3.01987 
    0.00189276      2.81359 
     0.0018928      2.61921 
    0.00189283      2.43641 
    0.00189287      2.26482 
    0.00189291      2.10404 
    0.00189295      1.95369 
    0.00189298      1.81332 
    0.00189303      1.66343 
    0.00189306      1.54562 
     0.0018931      1.43603 
    0.00189314      1.33425 
    0.00189317      1.23984 
    0.00189321      1.15241 
    0.00189325      1.07154 
    0.00189328     0.996833 
    0.00189332     0.927909 
    0.00189336     0.864391 
    0.00189339      0.80592 
    0.00189342     0.759927 
    0.00189345     0.717126 
    0.00189348     0.677318 
    0.00189352     0.640318 
    0.00189355     0.605942 
    0.00189358     0.574022 
    0.00189363     0.530388 
    0.00189367     0.491394 
    0.00189372     0.456564 
    0.00189376     0.425461 
    0.00189381     0.397684 
    0.00189386     0.372874 
    0.00189389     0.357817 
    0.00189393     0.338095 
    0.00189398     0.320356 
    0.00189402     0.304382 
    0.00189407     0.289975 
    0.00189411     0.276961 
    0.00189416     0.265182 
    0.00189422     0.249527 
    0.00189429     0.235933 
    0.00189436     0.224056 
    0.00189442     0.213614 
    0.00189449     0.204372 
    0.00189456     0.196136 
    0.00189464     0.187385 
    0.00189474     0.177268 
    0.00189485     0.168513 
    0.00189496     0.160832 
    0.00189503     0.156201 
    0.00189517     0.147896 
    0.00189531     0.140631 
    0.00189545     0.134199 
    0.00189559     0.128447 
    0.00189579     0.121334 
    0.00189596     0.115957 
    0.00189619     0.109623 
    0.00189642     0.104073 
    0.00189664    0.0991645 
    0.00189687    0.0947887 
    0.00189709    0.0908601 
    0.00189743    0.0856605 
     0.0018977    0.0820533 
    0.00189801    0.0783306 
    0.00189832    0.0749996 
    0.00189863    0.0719979 
    0.00189909    0.0680068 
    0.00189955    0.0645178 
    0.00190001    0.0614354 
    0.00190058    0.0581036 
    0.00190115     0.055177 
    0.00190171    0.0525815 
    0.00190228    0.0502607 
    0.00190304    0.0475183 
    0.00190386    0.0449096 
    0.00190468    0.0426195 
     0.0019055    0.0405927 
    0.00190633    0.0387873 
    0.00190715     0.037171 
    0.00190821    0.0353193 
     0.0019094    0.0335243 
    0.00191058    0.0319672 
    0.00191176    0.0306139 
    0.00191295    0.0294374 
    0.00191413     0.028419 
     0.0019153    0.0275443 
    0.00191686    0.0265673 
    0.00191842    0.0257863 
    0.00191998    0.0251855 
    0.00192176    0.0247071 
    0.00192354    0.0244437 
    0.00192473    0.0243881 
    0.00192597    0.0244351 
    0.00192721    0.0245945 
    0.00192845    0.0248748 
    0.00192969    0.0252866 
    0.00193094     0.025844 
    0.00193208    0.0265045 
    0.00193318    0.0272881 
    0.00193428    0.0282416 
    0.00193538    0.0293927 
    0.00193648    0.0307773 
    0.00193749    0.0322882 
    0.00193831    0.0337222 
    0.00193912    0.0353732 
    0.00193994    0.0372792 
    0.00194076    0.0394899 
    0.00194131    0.0411646 
    0.00194194    0.0433481 
    0.00194248    0.0454462 
    0.00194302    0.0477917 
    0.00194357    0.0504238 
    0.00194411    0.0533921 
    0.00194461    0.0564796 
    0.00194502    0.0593444 
    0.00194544      0.06252 
    0.00194585    0.0660526 
    0.00194627    0.0699981 
    0.00194668     0.074425 
      0.001947    0.0782307 
    0.00194733    0.0824199 
    0.00194765    0.0870465 
    0.00194797    0.0921744 
    0.00194829    0.0978796 
    0.00194859     0.103714 
    0.00194887     0.109901 
    0.00194915     0.116774 
    0.00194943      0.12444 
    0.00194972      0.13303 
    0.00194997     0.141763 
    0.00195018      0.14946 
    0.00195038     0.157904 
    0.00195059     0.167197 
    0.00195079     0.177461 
    0.00195099     0.188841 
    0.00195117     0.199704 
    0.00195135     0.211664 
    0.00195152     0.224879 
     0.0019517      0.23954 
    0.00195188     0.255879 
    0.00195203     0.271752 
    0.00195218     0.288017 
    0.00195232     0.305986 
    0.00195246     0.325927 
    0.00195261     0.348168 
    0.00195274     0.371796 
    0.00195286     0.395363 
    0.00195298     0.421629 
    0.00195311     0.451087 
    0.00195323     0.484363 
    0.00195331     0.509055 
    0.00195339     0.534427 
    0.00195346     0.560351 
    0.00195353     0.588632 
     0.0019536     0.619597 
    0.00195367     0.653632 
    0.00195374     0.691187 
    0.00195382      0.73279 
    0.00195389     0.779059 
    0.00195396     0.829222 
    0.00195402     0.883584 
    0.00195409     0.944297 
    0.00195416      1.01229 
    0.00195421       1.0687 
    0.00195426       1.1303 
    0.00195431      1.19764 
    0.00195436      1.27132 
    0.00195441      1.35199 
    0.00195446      1.44036 
    0.00195452       1.5372 
    0.00195457      1.64332 
    0.00195462      1.75961 
    0.00195467      1.88699 
    0.00195472      2.02647 
    0.00195477       2.1791 
    0.00195482      2.34595 
    0.00195487      2.52817 
    0.00195492      2.72694 
    0.00195497      2.94344 
    0.00195503      3.20354 
    0.00195507      3.42569 
    0.00195512      3.66387 
    0.00195516      3.91887 
     0.0019552      4.19143 
    0.00195525      4.48227 
    0.00195529      4.79208 
    0.00195534      5.12147 
    0.00195539       5.5686 
    0.00195544      6.00407 
    0.00195549      6.46771 
    0.00195556      7.13033 
    0.00195563      7.84394 
    0.00195571      8.76684 
    0.00195579      9.75985 
    0.00195587      10.8184 
    0.00195595      11.9358 
    0.00195606      13.5013 
    0.00195628      16.7796 
    0.00195643      18.9787 
    0.00195653      20.4501 
    0.00195664      21.8796 
    0.00195672      22.8435 
     0.0019568      23.6934 
    0.00195688      24.4123 
    0.00195697      25.0496 
    0.00195704      25.3769 
     0.0019571      25.5975 
    0.00195718      25.7178 
     0.0019572      25.7217 
    0.00195728      25.6451 
    0.00195736      25.3958 
    0.00195742      25.0758 
    0.00195751      24.4905 
    0.00195759       23.789 
    0.00195767      22.9544 
    0.00195775      22.0039 
    0.00195783       20.956 
    0.00195794        19.52 
    0.00195811      16.9343 
    0.00195833      13.6535 
    0.00195843      12.0821 
    0.00195852      10.9586 
     0.0019586      9.89295 
    0.00195868       8.8921 
    0.00195873      8.26332 
     0.0019588      7.52942 
    0.00195887      6.84528 
    0.00195893      6.21103 
    0.00195898      5.76778 
    0.00195904       5.3221 
    0.00195909      4.89335 
    0.00195915      4.49641 
    0.00195921      4.12998 
    0.00195926      3.79272 
    0.00195932      3.49298 
    0.00195937       3.2359 
    0.00195942      2.99882 
    0.00195947      2.78057 
    0.00195952      2.57996 
    0.00195957      2.39583 
    0.00195962      2.22703 
    0.00195967      2.07245 
    0.00195972      1.93102 
    0.00195977      1.80172 
    0.00195982      1.68357 
    0.00195987      1.58122 
    0.00195991      1.48986 
    0.00195996       1.4058 
       0.00196      1.32845 
    0.00196005      1.25726 
    0.00196011      1.17101 
    0.00196017      1.09365 
    0.00196024      1.02418 
     0.0019603     0.961676 
    0.00196035     0.913727 
    0.00196041     0.860397 
    0.00196048     0.812269 
    0.00196054     0.768718 
     0.0019606     0.729192 
    0.00196067     0.693213 
    0.00196075     0.650039 
    0.00196084     0.611586 
    0.00196092     0.577152 
    0.00196101     0.546158 
     0.0019611     0.515516 
    0.00196119     0.487916 
    0.00196129     0.462928 
    0.00196138     0.440199 
    0.00196147     0.419437 
    0.00196161     0.391463 
    0.00196175     0.366718 
     0.0019619     0.342758 
    0.00196206     0.321519 
    0.00196221     0.302584 
    0.00196236     0.285622 
    0.00196252     0.270361 
    0.00196268     0.255312 
    0.00196286     0.241235 
    0.00196303     0.228607 
    0.00196321      0.21724 
    0.00196338     0.206977 
    0.00196357     0.196979 
    0.00196379     0.186717 
    0.00196401     0.177587 
    0.00196422      0.16944 
    0.00196444     0.162156 
    0.00196466     0.155631 
    0.00196493     0.148398 
     0.0019652     0.142079 
    0.00196547     0.136556 
    0.00196574     0.131733 
    0.00196602     0.127531 
    0.00196629     0.123883 
     0.0019667     0.119333 
    0.00196709     0.115847 
    0.00196748     0.113209 
    0.00196787     0.111284 
    0.00196826     0.110014 
    0.00196865     0.109358 
    0.00196891     0.109248 
    0.00196938     0.109686 
    0.00196984     0.110933 
    0.00197031        0.113 
    0.00197077      0.11592 
    0.00197124     0.119752 
    0.00197163     0.123718 
    0.00197198      0.12795 
    0.00197233      0.13287 
    0.00197268     0.138558 
    0.00197303      0.14511 
    0.00197327     0.150017 
    0.00197362     0.158477 
    0.00197389     0.165667 
    0.00197416     0.173685 
    0.00197443     0.182639 
     0.0019747     0.192662 
    0.00197499     0.204743 
     0.0019752     0.214864 
    0.00197542     0.226027 
    0.00197563     0.238371 
    0.00197585     0.252064 
    0.00197603     0.264782 
    0.00197621     0.278737 
    0.00197639     0.294094 
    0.00197657      0.31105 
    0.00197676     0.329837 
    0.00197693     0.349471 
    0.00197709     0.370562 
    0.00197726      0.39399 
    0.00197742      0.42013 
    0.00197759     0.449444 
    0.00197775      0.48175 
    0.00197791     0.516609 
    0.00197801     0.542385 
    0.00197811      0.57051 
    0.00197822      0.60132 
    0.00197832      0.63522 
    0.00197842     0.672709 
    0.00197853     0.714403 
    0.00197864     0.765958 
    0.00197872     0.804284 
    0.00197879     0.846313 
    0.00197887     0.892604 
    0.00197894     0.943822 
    0.00197902      1.00075 
    0.00197909      1.06434 
    0.00197916       1.1268 
    0.00197922      1.18643 
    0.00197928      1.25192 
    0.00197933        1.324 
    0.00197939      1.40353 
    0.00197945      1.49145 
    0.00197951      1.58883 
    0.00197957      1.69686 
    0.00197963      1.82046 
    0.00197967      1.92537 
    0.00197972      2.03954 
    0.00197976      2.16385 
    0.00197981       2.2992 
    0.00197985       2.4466 
     0.0019799      2.60709 
    0.00197995      2.78179 
    0.00197999      2.97187 
    0.00198004      3.17858 
    0.00198008       3.4032 
    0.00198013      3.68114 
    0.00198019      3.98587 
    0.00198024      4.31947 
    0.00198029      4.68409 
    0.00198034       5.0819 
    0.00198039      5.51506 
    0.00198045      5.98573 
     0.0019805      6.49597 
    0.00198054      6.98067 
    0.00198059      7.49903 
    0.00198062      7.86389 
    0.00198068      8.64139 
    0.00198074      9.48437 
     0.0019808      10.4229 
    0.00198087      11.4339 
    0.00198093      12.5176 
    0.00198099      13.6734 
    0.00198107      15.2012 
    0.00198115       16.831 
    0.00198125      19.0765 
    0.00198137      21.9677 
    0.00198169      29.8461 
    0.00198182      32.9207 
    0.00198191      35.0161 
    0.00198201      36.9556 
    0.00198211      38.6285 
    0.00198218      39.6785 
    0.00198226      40.5329 
    0.00198234      41.2292 
     0.0019824      41.5886 
    0.00198246      41.7747 
     0.0019825      41.8044 
    0.00198257      41.7028 
    0.00198265      41.3073 
    0.00198273       40.649 
    0.00198281      39.7963 
    0.00198288      38.7701 
    0.00198295       37.564 
    0.00198305      35.7111 
    0.00198316      33.4086 
    0.00198329      30.3129 
    0.00198363      21.9664 
    0.00198375      19.0792 
    0.00198385      16.9029 
    0.00198392      15.3652 
    0.00198398      14.1167 
    0.00198405      12.9376 
    0.00198411      11.8299 
    0.00198417      10.7949 
    0.00198423        9.882 
    0.00198429      9.03342 
    0.00198435      8.24782 
    0.00198441      7.52336 
    0.00198447       6.8577 
    0.00198452      6.35377 
    0.00198456      5.93556 
    0.00198461      5.54489 
    0.00198465      5.18051 
    0.00198469      4.84116 
    0.00198474      4.52558 
    0.00198478      4.23249 
    0.00198482      3.96061 
    0.00198487       3.7087 
    0.00198491      3.47554 
    0.00198495      3.25993 
      0.001985       3.0605 
    0.00198504      2.87637 
    0.00198508      2.70648 
    0.00198513      2.54979 
    0.00198517      2.40532 
    0.00198521      2.27215 
    0.00198524      2.18922 
     0.0019853      2.03628 
    0.00198536      1.89907 
    0.00198542      1.77589 
    0.00198548      1.66041 
    0.00198554      1.55704 
     0.0019856      1.46437 
    0.00198566      1.38115 
    0.00198572      1.30626 
    0.00198578      1.23871 
    0.00198584      1.17764 
     0.0019859      1.12227 
    0.00198598      1.05619 
    0.00198606     0.997736 
    0.00198615     0.943116 
    0.00198624     0.894613 
    0.00198632     0.851323 
    0.00198641     0.812505 
    0.00198649     0.777548 
    0.00198658     0.745946 
     0.0019867     0.703941 
    0.00198684     0.665699 
    0.00198698     0.631781 
    0.00198711     0.602362 
    0.00198725     0.576804 
    0.00198739     0.554609 
    0.00198755     0.531973 
     0.0019877     0.515077 
    0.00198784     0.500783 
    0.00198799     0.488867 
    0.00198814     0.479154 
    0.00198828     0.471512 
    0.00198843     0.465845 
    0.00198857     0.462087 
    0.00198874     0.460084 
    0.00198883     0.460055 
    0.00198901     0.462077 
    0.00198918      0.46686 
    0.00198935     0.474565 
    0.00198952     0.485432 
    0.00198969     0.499801 
    0.00198986     0.517292 
    0.00199002     0.538463 
    0.00199013     0.555144 
    0.00199024     0.574182 
    0.00199034       0.5959 
    0.00199045     0.620702 
    0.00199056      0.64909 
    0.00199065     0.675837 
    0.00199076     0.712195 
    0.00199086     0.754267 
    0.00199093     0.786061 
    0.00199101     0.821337 
    0.00199108      0.86059 
    0.00199115     0.904394 
    0.00199122     0.952111 
    0.00199129      1.00404 
    0.00199135      1.06212 
    0.00199142      1.12722 
    0.00199149      1.20031 
    0.00199156      1.28252 
    0.00199161      1.35092 
    0.00199166      1.42574 
    0.00199171      1.50762 
    0.00199176      1.60087 
    0.00199181      1.70532 
    0.00199187      1.82023 
    0.00199192      1.94663 
    0.00199197      2.08558 
    0.00199203      2.23821 
    0.00199208      2.40572 
    0.00199214      2.58934 
    0.00199219      2.79035 
    0.00199224      3.01008 
     0.0019923      3.24984 
    0.00199234      3.45699 
    0.00199238      3.67849 
    0.00199243      3.91504 
    0.00199249      4.29946 
    0.00199255      4.72126 
    0.00199262      5.18232 
    0.00199267      5.60921 
    0.00199274      6.17215 
    0.00199281      6.78205 
    0.00199288      7.43946 
    0.00199294      8.09015 
    0.00199302      9.05296 
    0.00199311      10.0881 
     0.0019932      11.1895 
    0.00199331       12.746 
    0.00199348      15.2101 
    0.00199369      18.2061 
    0.00199378      19.4846 
    0.00199389      20.9808 
    0.00199398      21.9992 
    0.00199407      22.9049 
    0.00199415      23.6781 
    0.00199424      24.3014 
    0.00199431      24.6824 
    0.00199437      24.9525 
    0.00199445      25.1208 
     0.0019945      25.1472 
    0.00199458      25.0658 
    0.00199464      24.8825 
    0.00199474      24.4294 
    0.00199483      23.8003 
    0.00199492      23.0524 
      0.001995      22.1686 
    0.00199509      21.1682 
    0.00199521      19.6123 
    0.00199532      18.0122 
    0.00199565      13.2742 
    0.00199576      11.6866 
    0.00199585       10.556 
    0.00199594      9.48804 
    0.00199602      8.48986 
    0.00199608      7.86557 
    0.00199614      7.27523 
     0.0019962      6.64214 
    0.00199626      6.14263 
    0.00199631      5.67481 
    0.00199637      5.23811 
    0.00199642      4.83172 
    0.00199648      4.42307 
    0.00199653      4.12972 
    0.00199658      3.85552 
    0.00199662      3.59965 
    0.00199667       3.3613 
    0.00199672       3.1396 
    0.00199676       2.9337 
    0.00199681      2.74271 
    0.00199687      2.52044 
    0.00199692      2.33656 
    0.00199698      2.16867 
    0.00199703      2.01553 
    0.00199708      1.87598 
    0.00199714      1.74887 
    0.00199719      1.63314 
    0.00199724       1.5278 
     0.0019973       1.4319 
    0.00199735      1.34457 
     0.0019974      1.26502 
    0.00199746      1.19248 
    0.00199751      1.12629 
    0.00199757      1.06583 
    0.00199762      1.01052 
    0.00199769     0.943915 
    0.00199776     0.884486 
    0.00199783      0.83129 
    0.00199791     0.783509 
    0.00199798     0.740438 
    0.00199806     0.695348 
    0.00199814     0.655019 
    0.00199823     0.618767 
    0.00199831      0.58602 
    0.00199839     0.556299 
    0.00199848     0.529204 
    0.00199856       0.5044 
    0.00199864     0.481607 
    0.00199874     0.458046 
    0.00199883     0.436449 
    0.00199897     0.407228 
    0.00199911      0.38125 
    0.00199926     0.358008 
     0.0019994     0.337095 
    0.00199956     0.315591 
    0.00199972     0.296321 
    0.00199988     0.278967 
    0.00200004     0.263268 
     0.0020002     0.249008 
    0.00200038     0.234568 
    0.00200057     0.220841 
    0.00200076     0.208421 
    0.00200095     0.197138 
    0.00200114     0.186853 
    0.00200135     0.176724 
    0.00200158      0.16619 
    0.00200182      0.15668 
    0.00200205      0.14806 
    0.00200229     0.140218 
    0.00200252      0.13306 
    0.00200279     0.125608 
    0.00200306     0.118844 
    0.00200333     0.112682 
     0.0020036      0.10705 
    0.00200396     0.100261 
    0.00200434    0.0938799 
    0.00200472    0.0881714 
    0.00200509    0.0830409 
    0.00200547    0.0784103 
    0.00200585    0.0742148 
     0.0020063    0.0696705 
     0.0020068    0.0652731 
    0.00200729    0.0613448 
    0.00200778    0.0578184 
    0.00200827    0.0546395 
    0.00200882    0.0514641 
    0.00200948    0.0480794 
    0.00201013    0.0450818 
    0.00201079    0.0424107 
    0.00201144    0.0400187 
    0.00201209    0.0378684 
    0.00201268    0.0361175 
    0.00201357    0.0337679 
    0.00201445    0.0316992 
    0.00201533    0.0298665 
    0.00201621    0.0282357 
    0.00201718    0.0266524 
    0.00201831    0.0250236 
    0.00201943    0.0235976 
    0.00202056    0.0223441 
    0.00202169    0.0212377 
    0.00202282    0.0202583 
    0.00202417    0.0192285 
    0.00202553     0.018333 
    0.00202688    0.0175526 
    0.00202824    0.0168737 
    0.00202959    0.0162842 
    0.00203093    0.0157793 
    0.00203271    0.0152181 
    0.00203448    0.0147669 
    0.00203626     0.014414 
    0.00203779    0.0141841 
    0.00203971    0.0139873 
    0.00204163    0.0138902 
    0.00204227    0.0138801 
    0.00204404    0.0139131 
    0.00204581     0.014036 
    0.00204758    0.0142563 
    0.00204935    0.0145846 
    0.00205101    0.0150052 
    0.00205226    0.0154015 
    0.00205351    0.0158771 
    0.00205475    0.0164455 
      0.002056    0.0171207 
    0.00205701    0.0177592 
    0.00205802    0.0184932 
    0.00205903    0.0193381 
    0.00206005    0.0203126 
    0.00206106    0.0214387 
    0.00206187    0.0224709 
    0.00206258    0.0234865 
    0.00206329    0.0246223 
      0.002064    0.0258971 
    0.00206471    0.0273321 
    0.00206519    0.0283901 
    0.00206588    0.0301207 
    0.00206641     0.031571 
    0.00206693    0.0331724 
    0.00206746    0.0349462 
    0.00206798    0.0369173 
    0.00206842    0.0387375 
    0.00206886    0.0407365 
     0.0020693    0.0429384 
    0.00206974     0.045372 
    0.00207017    0.0480711 
    0.00207056    0.0507059 
    0.00207092    0.0534091 
    0.00207128    0.0563793 
    0.00207164    0.0596529 
    0.00207201    0.0632729 
    0.00207234    0.0670309 
    0.00207264    0.0706193 
    0.00207293    0.0745482 
    0.00207323    0.0788627 
    0.00207352    0.0836155 
    0.00207382    0.0888691 
    0.00207412     0.094944 
    0.00207443      0.10174 
    0.00207466     0.107383 
    0.00207489     0.113559 
    0.00207512     0.120253 
    0.00207534     0.127425 
    0.00207556     0.135322 
    0.00207578     0.144046 
      0.002076     0.153722 
    0.00207622     0.164496 
    0.00207639     0.173707 
    0.00207657     0.183781 
    0.00207674     0.194835 
    0.00207691     0.207004 
    0.00207708     0.220451 
    0.00207724     0.234426 
     0.0020774     0.249374 
    0.00207755     0.265937 
    0.00207771     0.284373 
    0.00207786     0.305003 
    0.00207801     0.327007 
    0.00207815      0.34906 
    0.00207828     0.373747 
    0.00207841     0.401585 
     0.0020785     0.422218 
    0.00207859     0.444798 
    0.00207868     0.469629 
    0.00207878     0.503795 
    0.00207886     0.529201 
    0.00207893     0.557075 
      0.002079     0.587799 
    0.00207907     0.621827 
    0.00207915     0.659697 
    0.00207922     0.702052 
    0.00207929     0.747076 
    0.00207935     0.794711 
    0.00207942     0.848012 
    0.00207947     0.892229 
    0.00207952     0.940537 
    0.00207956     0.993404 
    0.00207961      1.05134 
    0.00207966      1.11491 
    0.00207971      1.18473 
    0.00207976       1.2615 
     0.0020798       1.3336 
    0.00207985      1.43036 
     0.0020799      1.53744 
    0.00207996      1.65592 
    0.00208001      1.78703 
    0.00208006      1.93205 
    0.00208011      2.09238 
    0.00208015      2.22354 
    0.00208019       2.3648 
    0.00208024      2.56296 
    0.00208029      2.78057 
    0.00208034      3.01921 
    0.00208039      3.28052 
    0.00208043      3.56619 
    0.00208048      3.87794 
    0.00208053      4.21748 
    0.00208058      4.58656 
    0.00208063      4.97745 
    0.00208068      5.39972 
    0.00208073      5.85487 
    0.00208078      6.34427 
    0.00208083      6.86921 
    0.00208087      7.43083 
    0.00208092      8.03011 
    0.00208097      8.66781 
    0.00208103      9.53744 
     0.0020811      10.4709 
    0.00208116      11.4679 
    0.00208122      12.5274 
     0.0020813      14.0333 
    0.00208138      15.4884 
    0.00208148      17.5415 
    0.00208158      19.8645 
     0.0020819       26.928 
    0.00208202      29.4126 
    0.00208213      31.6967 
    0.00208223      33.4471 
    0.00208231      34.6138 
    0.00208239      35.6001 
    0.00208247      36.3875 
    0.00208254      36.9608 
    0.00208262      37.3029 
     0.0020827      37.4246 
    0.00208278      37.3104 
    0.00208286      36.9077 
    0.00208294      36.2743 
    0.00208302      35.4538 
     0.0020831      34.4371 
    0.00208318      33.1797 
    0.00208326       31.824 
    0.00208336      29.7928 
    0.00208348      27.3352 
    0.00208383        19.53 
    0.00208393      17.3805 
    0.00208403      15.3377 
    0.00208409      14.1153 
    0.00208416      12.9508 
    0.00208422      11.8478 
    0.00208428      10.8091 
    0.00208436      9.69215 
     0.0020844       8.9966 
    0.00208445      8.34013 
     0.0020845      7.72236 
    0.00208455      7.14258 
     0.0020846      6.59996 
    0.00208465      6.09341 
    0.00208469      5.62173 
    0.00208474      5.18358 
    0.00208479      4.77751 
    0.00208484      4.40202 
    0.00208489      4.05553 
    0.00208494      3.73644 
    0.00208499      3.44314 
    0.00208503      3.17402 
    0.00208508      2.96538 
    0.00208513      2.73197 
    0.00208517      2.51914 
    0.00208522      2.32534 
    0.00208527      2.14905 
    0.00208532      1.98886 
    0.00208537      1.84341 
    0.00208542      1.71142 
    0.00208547      1.59169 
    0.00208552      1.48311 
    0.00208557      1.38464 
    0.00208562      1.29296 
    0.00208567      1.20892 
    0.00208573      1.13291 
    0.00208578      1.06411 
    0.00208583      1.00176 
    0.00208588     0.945183 
    0.00208593     0.893761 
    0.00208598     0.846941 
    0.00208604     0.804231 
     0.0020861     0.752919 
    0.00208618     0.705917 
    0.00208625     0.662853 
    0.00208632       0.6244 
    0.00208639     0.589892 
    0.00208647     0.558771 
    0.00208654     0.530568 
    0.00208661     0.504889 
    0.00208669     0.481405 
    0.00208677      0.45744 
    0.00208686     0.433366 
    0.00208695      0.41146 
    0.00208704      0.39143 
    0.00208717     0.364391 
    0.00208731     0.340399 
    0.00208744     0.318962 
    0.00208759     0.297722 
    0.00208774      0.27873 
    0.00208789     0.261657 
    0.00208804     0.246237 
    0.00208819     0.232253 
    0.00208836      0.21775 
    0.00208855     0.203878 
    0.00208873     0.191397 
    0.00208891      0.18012 
    0.00208909     0.169894 
    0.00208929     0.160073 
     0.0020895     0.150222 
    0.00208972     0.141336 
    0.00208993     0.133292 
    0.00209015     0.125984 
    0.00209036     0.119324 
     0.0020906     0.112663 
    0.00209083      0.10661 
    0.00209107     0.101093 
     0.0020913    0.0960511 
    0.00209162    0.0899761 
    0.00209188    0.0854683 
    0.00209214    0.0813464 
    0.00209239    0.0775678 
    0.00209278    0.0724642 
    0.00209317    0.0679465 
    0.00209356    0.0639296 
    0.00209396    0.0601892 
    0.00209438    0.0567858 
    0.00209479     0.053748 
    0.00209521    0.0510275 
    0.00209562     0.048584 
    0.00209607    0.0462097 
    0.00209659    0.0437761 
    0.00209711    0.0416254 
    0.00209762    0.0397188 
    0.00209814    0.0380246 
    0.00209866    0.0365167 
     0.0020992    0.0351139 
    0.00209975    0.0338695 
    0.00210056    0.0322593 
    0.00210137    0.0309115 
    0.00210219    0.0297872 
      0.002103    0.0288555 
    0.00210402    0.0279255 
    0.00210503    0.0272192 
    0.00210605    0.0267077 
    0.00210707    0.0263684 
    0.00210808    0.0261849 
    0.00210887    0.0261436 
    0.00211009     0.026243 
    0.00211131    0.0265287 
    0.00211253    0.0269976 
    0.00211375    0.0276514 
    0.00211497    0.0284948 
    0.00211598    0.0293502 
     0.0021172    0.0305751 
    0.00211842    0.0320369 
    0.00211933    0.0333046 
    0.00212024    0.0347352 
    0.00212121    0.0364549 
    0.00212218    0.0384041 
    0.00212315    0.0406144 
    0.00212412    0.0431226 
    0.00212509    0.0459705 
    0.00212583    0.0483904 
    0.00212665    0.0514118 
    0.00212748    0.0548069 
     0.0021281    0.0576324 
    0.00212872    0.0607286 
    0.00212945     0.064775 
    0.00213018    0.0693103 
    0.00213073    0.0730795 
    0.00213127    0.0772069 
    0.00213181    0.0816872 
    0.00213234    0.0865025 
    0.00213287    0.0918009 
     0.0021334    0.0976482 
    0.00213393     0.104122 
    0.00213446     0.111313 
    0.00213501     0.119648 
    0.00213538      0.12577 
    0.00213575     0.132403 
    0.00213611     0.139604 
    0.00213648     0.147439 
    0.00213685     0.155986 
    0.00213721     0.165332 
    0.00213761     0.176419 
    0.00213793     0.186197 
    0.00213824     0.196845 
    0.00213856      0.20847 
    0.00213888     0.221194 
    0.00213909     0.230359 
    0.00213944     0.246817 
    0.00213979     0.265166 
    0.00214005     0.280347 
    0.00214031      0.29691 
    0.00214063     0.319093 
    0.00214092     0.341316 
     0.0021412     0.366014 
    0.00214142     0.386392 
    0.00214163      0.40857 
    0.00214186     0.434663 
    0.00214209     0.463412 
    0.00214232     0.495198 
    0.00214255      0.53047 
    0.00214278     0.569771 
    0.00214301      0.61305 
    0.00214323     0.661232 
    0.00214338      0.69669 
    0.00214353     0.735184 
    0.00214368      0.77708 
    0.00214383     0.822809 
    0.00214398     0.872869 
    0.00214411     0.919265 
    0.00214427     0.982121 
    0.00214443      1.05199 
    0.00214458      1.13003 
    0.00214474      1.21763 
    0.00214485      1.28218 
    0.00214497      1.36819 
    0.00214509        1.452 
     0.0021452      1.54434 
    0.00214531      1.64647 
    0.00214542      1.75989 
    0.00214553      1.88371 
    0.00214564       2.0161 
    0.00214575      2.16393 
    0.00214585      2.32965 
    0.00214592      2.45145 
    0.00214599      2.58341 
    0.00214606       2.7266 
    0.00214615      2.92757 
    0.00214624      3.15146 
    0.00214633      3.40127 
    0.00214642      3.68038 
    0.00214648      3.88453 
    0.00214654      4.10451 
     0.0021466      4.34154 
    0.00214666      4.59693 
    0.00214672      4.87202 
    0.00214678       5.1682 
    0.00214684      5.48688 
     0.0021469      5.82951 
    0.00214696      6.19752 
    0.00214702      6.59237 
    0.00214708      7.01543 
    0.00214714      7.46807 
     0.0021472      7.95155 
    0.00214729       8.7371 
    0.00214738      9.59791 
    0.00214747      10.5364 
    0.00214755      11.4134 
    0.00214765       12.574 
    0.00214774      13.8218 
    0.00214784      15.1522 
    0.00214795      16.7383 
     0.0021481      19.0696 
    0.00214849      25.3959 
    0.00214861      27.2513 
    0.00214873       28.976 
    0.00214885      30.5181 
    0.00214896      31.7089 
    0.00214906      32.6795 
    0.00214916      33.3558 
    0.00214925      33.7458 
    0.00214933      33.9719 
     0.0021494      34.0323 
     0.0021495      33.9139 
     0.0021496       33.538 
    0.00214969      33.0237 
     0.0021498      32.1571 
     0.0021499      31.0579 
       0.00215      29.9099 
    0.00215012       28.287 
    0.00215024      26.5026 
    0.00215042      23.6376 
    0.00215072      18.7656 
    0.00215087      16.4518 
    0.00215098      14.9032 
    0.00215108      13.5083 
    0.00215118      12.2081 
    0.00215126       11.298 
    0.00215134      10.3965 
    0.00215143      9.46946 
    0.00215152      8.61974 
    0.00215158        8.095 
    0.00215164      7.60255 
     0.0021517      7.14125 
    0.00215176      6.70988 
    0.00215182       6.3071 
    0.00215188      5.93153 
    0.00215194      5.58176 
      0.002152      5.25632 
    0.00215206      4.95379 
    0.00215212      4.67275 
    0.00215218      4.41178 
    0.00215224      4.16955 
     0.0021523      3.94474 
    0.00215236       3.7361 
    0.00215245      3.45088 
    0.00215254      3.19562 
    0.00215263      2.96692 
    0.00215272      2.76169 
    0.00215281      2.56695 
    0.00215291      2.38795 
    0.00215301      2.22765 
    0.00215311      2.08363 
    0.00215321      1.95383 
    0.00215331      1.83092 
    0.00215342      1.70999 
    0.00215353      1.60137 
    0.00215365       1.5034 
    0.00215376      1.41468 
    0.00215387      1.33404 
    0.00215398      1.26399 
    0.00215408       1.1996 
    0.00215423      1.12151 
    0.00215437      1.05115 
    0.00215451     0.987493 
    0.00215466     0.929675 
     0.0021548     0.876977 
    0.00215494     0.828792 
    0.00215509     0.783488 
    0.00215524     0.740892 
    0.00215539     0.701779 
    0.00215554     0.665769 
    0.00215569     0.632533 
    0.00215591     0.587272 
    0.00215614     0.546811 
     0.0021563     0.519598 
    0.00215649     0.492045 
    0.00215667     0.466674 
    0.00215685     0.443255 
    0.00215712     0.411362 
     0.0021574     0.382854 
    0.00215767     0.357262 
    0.00215798     0.331607 
    0.00215829     0.308667 
    0.00215859     0.288067 
     0.0021589     0.269497 
    0.00215921     0.252698 
    0.00215953     0.236438 
    0.00215987      0.22127 
    0.00216021     0.207542 
    0.00216055     0.195075 
    0.00216089      0.18372 
    0.00216124     0.172963 
    0.00216162     0.162443 
      0.002162     0.152874 
    0.00216237     0.144144 
    0.00216275     0.136157 
    0.00216313     0.128831 
    0.00216357     0.121089 
      0.002164     0.114042 
    0.00216444     0.107607 
    0.00216488     0.101717 
    0.00216531    0.0963113 
    0.00216582     0.090601 
    0.00216636    0.0850664 
     0.0021669      0.08004 
    0.00216744    0.0754611 
    0.00216798    0.0712781 
    0.00216853    0.0673172 
    0.00216913    0.0634544 
    0.00216973    0.0599292 
    0.00217032    0.0567034 
    0.00217072    0.0547027 
    0.00217152     0.051022 
    0.00217216    0.0483416 
    0.00217279    0.0458791 
    0.00217365    0.0428962 
     0.0021745    0.0402155 
    0.00217527    0.0380096 
    0.00217631    0.0353316 
    0.00217736    0.0329472 
     0.0021784    0.0308179 
    0.00217944    0.0289099 
    0.00218048    0.0271933 
    0.00218146    0.0257383 
    0.00218244    0.0244128 
    0.00218309    0.0235937 
    0.00218439    0.0220942 
    0.00218569    0.0207581 
    0.00218682    0.0197071 
    0.00218796    0.0187519 
    0.00218948    0.0176098 
    0.00219099    0.0165992 
    0.00219263    0.0156371 
    0.00219351      0.01517 
    0.00219527    0.0143262 
    0.00219703    0.0135914 
    0.00219879    0.0129558 
    0.00220061    0.0123936 
    0.00220243    0.0119212 
    0.00220425    0.0115347 
    0.00220607     0.011233 
    0.00220778    0.0110297 
    0.00220949    0.0109102 
    0.00221063    0.0108827 
     0.0022118    0.0109022 
    0.00221296    0.0109761 
    0.00221412    0.0111147 
    0.00221528      0.01133 
    0.00221606    0.0115241 
    0.00221712    0.0118721 
    0.00221801    0.0122443 
    0.00221889    0.0127116 
    0.00221948    0.0130866 
    0.00222007    0.0135219 
    0.00222065     0.014028 
    0.00222124    0.0146178 
     0.0022217    0.0151416 
    0.00222218    0.0157728 
    0.00222266    0.0164949 
    0.00222315    0.0173244 
    0.00222363    0.0182819 
    0.00222411    0.0193927 
    0.00222446    0.0203051 
    0.00222481    0.0213284 
    0.00222516    0.0224807 
     0.0022255     0.023784 
    0.00222585    0.0252654 
    0.00222612    0.0265736 
    0.00222644    0.0282646 
    0.00222667    0.0296845 
    0.00222691    0.0312546 
    0.00222714    0.0329971 
    0.00222735    0.0347346 
    0.00222755     0.036544 
    0.00222775    0.0385403 
    0.00222795    0.0407508 
    0.00222815     0.043208 
    0.00222834    0.0457878 
    0.00222851    0.0483009 
    0.00222867    0.0510749 
    0.00222884    0.0541496 
    0.00222901    0.0575729 
    0.00222917    0.0614048 
    0.00222931    0.0650034 
    0.00222945    0.0690025 
    0.00222959    0.0734758 
    0.00222973    0.0785205 
    0.00222983    0.0822646 
    0.00222992    0.0863716 
       0.00223    0.0904261 
    0.00223009    0.0948854 
    0.00223017     0.099824 
    0.00223025     0.105336 
    0.00223034      0.11154 
     0.0022304     0.116737 
    0.00223046     0.122485 
    0.00223053     0.128879 
    0.00223059     0.136028 
    0.00223066     0.144547 
    0.00223071     0.151698 
    0.00223076     0.159603 
    0.00223081     0.168366 
    0.00223085     0.178108 
     0.0022309     0.188965 
    0.00223095      0.20109 
      0.002231     0.214657 
    0.00223105     0.229862 
     0.0022311     0.246927 
    0.00223115     0.264577 
    0.00223119     0.283404 
    0.00223124     0.304298 
    0.00223128     0.327493 
    0.00223133     0.353241 
    0.00223137     0.381818 
    0.00223141     0.413525 
    0.00223146     0.448686 
     0.0022315     0.487651 
    0.00223155     0.530798 
    0.00223159     0.578529 
    0.00223163     0.624278 
    0.00223167     0.674152 
    0.00223171     0.728471 
    0.00223175      0.78757 
    0.00223178     0.851799 
    0.00223182     0.921521 
    0.00223186     0.997114 
     0.0022319      1.07897 
    0.00223194      1.16749 
    0.00223198      1.26308 
      0.002232      1.33094 
    0.00223204      1.44625 
    0.00223208      1.57085 
    0.00223213      1.70524 
    0.00223217      1.84994 
    0.00223221      2.00546 
    0.00223225      2.17229 
    0.00223229      2.35092 
    0.00223233       2.5418 
    0.00223237      2.72567 
    0.00223242      3.02165 
    0.00223248      3.34266 
    0.00223253      3.68945 
    0.00223259      4.06259 
    0.00223264      4.43915 
     0.0022327      4.91162 
    0.00223277      5.41677 
    0.00223281      5.81669 
    0.00223287      6.37714 
    0.00223295      7.11139 
    0.00223303       7.8869 
    0.00223312      8.92205 
    0.00223326      10.4674 
    0.00223348      12.9623 
    0.00223361       14.393 
    0.00223371        15.45 
     0.0022338      16.2309 
    0.00223387      16.8009 
    0.00223394      17.3012 
    0.00223403      17.8442 
    0.00223411      18.1749 
     0.0022342      18.4274 
    0.00223428       18.532 
     0.0022343      18.5349 
    0.00223437      18.4811 
    0.00223444       18.327 
    0.00223452       18.075 
     0.0022346      17.6713 
    0.00223467      17.2373 
    0.00223474       16.727 
    0.00223481      16.1483 
     0.0022349      15.3159 
    0.00223501      14.1537 
    0.00223514      12.7082 
    0.00223542      9.54134 
    0.00223554      8.24275 
    0.00223563      7.30745 
    0.00223569      6.69869 
    0.00223575      6.11881 
    0.00223582      5.56967 
    0.00223588      5.03752 
    0.00223595      4.52625 
    0.00223599      4.16731 
    0.00223604      3.82935 
    0.00223609      3.51217 
    0.00223615      3.17115 
    0.00223619      2.94475 
    0.00223623      2.73148 
    0.00223627      2.53099 
    0.00223631      2.34288 
    0.00223635      2.16673 
    0.00223639      2.00209 
    0.00223643      1.84851 
    0.00223648       1.6906 
    0.00223652      1.54502 
    0.00223657      1.41106 
    0.00223661      1.28807 
    0.00223665      1.20261 
    0.00223668      1.12266 
    0.00223671      1.04794 
    0.00223675     0.978189 
    0.00223678      0.91313 
    0.00223682     0.843962 
    0.00223686     0.776354 
     0.0022369     0.714495 
    0.00223694     0.657962 
    0.00223698     0.606358 
    0.00223703     0.559304 
    0.00223707      0.51644 
    0.00223711     0.477427 
    0.00223715     0.441947 
    0.00223719     0.409703 
    0.00223723     0.380414 
    0.00223726     0.359367 
     0.0022373     0.339859 
    0.00223733     0.321777 
    0.00223736      0.30502 
    0.00223741     0.282154 
    0.00223746     0.261749 
     0.0022375     0.243529 
    0.00223755     0.227249 
     0.0022376     0.212688 
    0.00223765     0.199648 
     0.0022377     0.187951 
    0.00223775     0.177441 
     0.0022378     0.167091 
    0.00223785     0.157842 
    0.00223791     0.149552 
    0.00223796     0.142096 
    0.00223801     0.135367 
    0.00223806     0.129272 
    0.00223814     0.121992 
    0.00223821     0.115533 
    0.00223828     0.109765 
    0.00223836     0.103863 
    0.00223845    0.0979626 
    0.00223854    0.0927171 
    0.00223863    0.0880121 
    0.00223872    0.0837583 
    0.00223881    0.0798861 
    0.00223895    0.0746756 
    0.00223909    0.0698913 
    0.00223925    0.0653339 
     0.0022394    0.0612796 
    0.00223955    0.0576484 
    0.00223971    0.0543778 
    0.00223986    0.0514181 
    0.00224004    0.0483293 
    0.00224021     0.045551 
    0.00224039    0.0430411 
    0.00224057    0.0407648 
    0.00224075    0.0386929 
    0.00224095    0.0365216 
    0.00224117    0.0344335 
    0.00224139     0.032551 
     0.0022416    0.0308471 
    0.00224182    0.0292994 
    0.00224206    0.0277801 
    0.00224233     0.026205 
     0.0022426    0.0247899 
    0.00224287    0.0235133 
    0.00224315    0.0223576 
    0.00224342    0.0213076 
     0.0022438    0.0199792 
    0.00224418    0.0188073 
    0.00224457    0.0177678 
    0.00224495    0.0168412 
    0.00224534    0.0160114 
    0.00224582    0.0150831 
    0.00224635    0.0141876 
    0.00224689    0.0134049 
    0.00224742    0.0127164 
    0.00224796    0.0121073 
     0.0022486    0.0114615 
    0.00224918    0.0109533 
    0.00224975     0.010501 
    0.00225033    0.0100964 
     0.0022512   0.00956493 
    0.00225206   0.00910883 
    0.00225292   0.00871469 
    0.00225382   0.00835962 
    0.00225472   0.00805053 
    0.00225562   0.00778006 
    0.00225697   0.00743391 
    0.00225831   0.00714603 
    0.00225966    0.0069051 
    0.00226105   0.00669657 
    0.00226199   0.00657493 
    0.00226387   0.00637122 
    0.00226575   0.00621172 
    0.00226763   0.00608815 
    0.00227018   0.00596817 
    0.00227273    0.0058941 
    0.00227532   0.00585975 
    0.00227623   0.00585638 
    0.00227918    0.0058746 
    0.00228213   0.00593548 
    0.00228494   0.00603282 
    0.00228748   0.00615334 
    0.00229002   0.00630842 
    0.00229275   0.00651635 
    0.00229559   0.00678146 
    0.00229842   0.00710405 
    0.00230097   0.00745115 
    0.00230267   0.00771678 
    0.00230437   0.00801417 
    0.00230614   0.00835935 
    0.00230796    0.0087617 
    0.00230978   0.00921755 
     0.0023116   0.00973333 
    0.00231333    0.0102896 
    0.00231498    0.0108884 
    0.00231663    0.0115666 
    0.00231786    0.0121355 
     0.0023191    0.0127641 
    0.00232041    0.0135098 
    0.00232173    0.0143435 
    0.00232305    0.0152798 
    0.00232437    0.0163352 
    0.00232524    0.0171157 
    0.00232612    0.0179672 
    0.00232716    0.0190794 
     0.0023282    0.0203194 
    0.00232924    0.0217077 
    0.00233002    0.0228608 
    0.00233078    0.0240782 
    0.00233152    0.0253858 
    0.00233226    0.0268182 
      0.002333    0.0283919 
    0.00233374    0.0301261 
    0.00233423    0.0313823 
      0.002335     0.033507 
    0.00233576    0.0358795 
    0.00233633    0.0378451 
    0.00233691    0.0399925 
    0.00233746    0.0422705 
    0.00233798    0.0446038 
    0.00233851    0.0471515 
    0.00233903    0.0499409 
    0.00233955    0.0530039 
    0.00234007     0.056378 
    0.00234051     0.059527 
    0.00234096    0.0629643 
     0.0023414    0.0667266 
    0.00234185    0.0708561 
    0.00234229    0.0754026 
    0.00234268    0.0797932 
    0.00234304    0.0842554 
    0.00234341    0.0891212 
    0.00234377    0.0944413 
    0.00234413     0.100274 
    0.00234448     0.106419 
     0.0023448      0.11258 
    0.00234512     0.119315 
    0.00234544     0.126696 
    0.00234576     0.134811 
    0.00234608     0.143763 
    0.00234642     0.154277 
    0.00234667     0.162967 
    0.00234693     0.172438 
    0.00234718     0.182791 
    0.00234744     0.194138 
    0.00234767     0.205386 
     0.0023479     0.217676 
    0.00234813     0.231144 
    0.00234836     0.245947 
    0.00234859     0.262273 
    0.00234879     0.277905 
    0.00234897     0.293707 
    0.00234916     0.310951 
    0.00234934     0.329823 
    0.00234953      0.35054 
     0.0023497     0.372143 
    0.00234986     0.393237 
    0.00235002     0.416266 
    0.00235017     0.441486 
    0.00235033     0.469198 
    0.00235049     0.499764 
    0.00235063     0.531093 
    0.00235078     0.565675 
    0.00235093     0.604017 
    0.00235107     0.646737 
    0.00235122     0.694603 
    0.00235132      0.72985 
    0.00235141      0.76817 
    0.00235151     0.809953 
    0.00235161     0.855681 
     0.0023517     0.905921 
     0.0023518     0.961353 
     0.0023519      1.02279 
      0.002352      1.09119 
    0.00235209      1.16367 
    0.00235218      1.24015 
    0.00235226      1.32545 
    0.00235235      1.42092 
    0.00235242      1.50016 
    0.00235248      1.58679 
    0.00235255      1.68166 
    0.00235261      1.78571 
    0.00235268      1.90001 
    0.00235275       2.0257 
    0.00235282      2.18027 
    0.00235289      2.35239 
    0.00235297      2.54415 
    0.00235304      2.75781 
    0.00235311      2.99583 
    0.00235316      3.17473 
    0.00235321      3.37306 
    0.00235326       3.5868 
    0.00235332      3.81699 
    0.00235337      4.06469 
    0.00235342      4.33097 
    0.00235347      4.61692 
    0.00235352       4.9236 
    0.00235359      5.33938 
    0.00235365       5.7457 
     0.0023537      6.18308 
    0.00235376      6.65288 
    0.00235382      7.15631 
    0.00235388      7.69446 
    0.00235394      8.26817 
    0.00235402      9.08957 
    0.00235409       9.9762 
    0.00235417      10.9279 
    0.00235425      11.9435 
    0.00235433      13.0205 
     0.0023544      14.1551 
    0.00235452      15.9532 
    0.00235468      18.4911 
    0.00235502      24.2457 
    0.00235514      26.1049 
    0.00235525      27.8279 
    0.00235537      29.3627 
    0.00235549      30.6606 
    0.00235557      31.3725 
    0.00235566      32.0471 
    0.00235574      32.4655 
    0.00235582      32.7156 
     0.0023559      32.7934 
    0.00235599      32.6843 
    0.00235607      32.4281 
    0.00235617      31.8642 
    0.00235626      31.1634 
    0.00235634      30.4112 
    0.00235645      29.0602 
    0.00235657      27.4823 
    0.00235669       25.727 
    0.00235684      23.2009 
    0.00235715      17.9599 
    0.00235727      16.0642 
    0.00235739      14.2604 
    0.00235746      13.1213 
    0.00235754      12.0394 
    0.00235762      11.0185 
     0.0023577      10.0612 
    0.00235778      9.16895 
    0.00235785      8.34187 
    0.00235791      7.76391 
    0.00235797       7.2216 
    0.00235803      6.68756 
     0.0023581      6.14198 
    0.00235817         5.64 
    0.00235824      5.17947 
     0.0023583      4.75811 
    0.00235837      4.37351 
    0.00235842      4.11906 
    0.00235847      3.88134 
    0.00235852      3.65944 
    0.00235857      3.45248 
    0.00235862      3.25956 
    0.00235866      3.07985 
    0.00235871      2.91252 
    0.00235878      2.69025 
    0.00235885      2.50316 
    0.00235892      2.33343 
    0.00235898       2.1794 
    0.00235905      2.03958 
    0.00235911      1.91257 
    0.00235918      1.79707 
    0.00235924      1.69194 
    0.00235931      1.59611 
    0.00235937      1.50861 
    0.00235944       1.4286 
    0.00235951       1.3501 
    0.00235958      1.27612 
    0.00235966      1.20865 
    0.00235973      1.14697 
     0.0023598      1.09042 
     0.0023599      1.02203 
       0.00236     0.960615 
     0.0023601     0.905201 
    0.00236019     0.854979 
     0.0023603     0.805342 
    0.00236041     0.756796 
    0.00236053     0.712923 
    0.00236064     0.673091 
    0.00236076     0.636777 
    0.00236087     0.603544 
    0.00236099     0.573028 
     0.0023611     0.544919 
    0.00236123     0.517047 
    0.00236136     0.489631 
    0.00236149     0.464453 
    0.00236162     0.441264 
    0.00236182     0.409751 
    0.00236202     0.381638 
    0.00236222     0.356436 
    0.00236244     0.331726 
    0.00236266     0.309593 
    0.00236287     0.289682 
    0.00236309     0.271699 
    0.00236331     0.255397 
    0.00236354     0.239652 
    0.00236378     0.224953 
    0.00236402     0.211613 
    0.00236426     0.199468 
     0.0023645     0.188377 
    0.00236475     0.177613 
    0.00236503     0.166682 
    0.00236532     0.156768 
     0.0023656     0.147749 
    0.00236588     0.139519 
    0.00236617     0.131989 
    0.00236651     0.123742 
    0.00236685     0.116281 
    0.00236719     0.109511 
    0.00236753     0.103347 
    0.00236788    0.0977205 
    0.00236824    0.0922333 
    0.00236862    0.0870736 
    0.00236899    0.0823662 
    0.00236937      0.07806 
    0.00236975    0.0741111 
    0.00237015    0.0701979 
    0.00237062     0.066102 
    0.00237109    0.0623911 
    0.00237156    0.0590192 
    0.00237203    0.0559471 
     0.0023725     0.053141 
    0.00237298    0.0504837 
    0.00237347    0.0480529 
    0.00237412    0.0451227 
    0.00237476    0.0425035 
     0.0023755    0.0398692 
    0.00237611    0.0378967 
    0.00237672    0.0361074 
    0.00237753     0.033972 
    0.00237835    0.0320861 
     0.0023791    0.0305348 
    0.00237985     0.029146 
    0.00238036     0.028301 
    0.00238136    0.0267836 
    0.00238237      0.02547 
    0.00238328    0.0244254 
     0.0023842    0.0235125 
    0.00238481    0.0229699 
    0.00238604    0.0220256 
    0.00238726     0.021251 
    0.00238856    0.0205972 
    0.00238986    0.0200985 
    0.00239116    0.0197404 
    0.00239246     0.019515 
    0.00239376     0.019417 
    0.00239419    0.0194126 
     0.0023956    0.0194968 
      0.002397    0.0197327 
    0.00239805    0.0200109 
    0.00239911    0.0203817 
    0.00240042    0.0209852 
    0.00240164    0.0217001 
    0.00240286    0.0225806 
    0.00240378     0.023363 
    0.00240469    0.0242633 
    0.00240571    0.0254168 
    0.00240672    0.0267563 
    0.00240774    0.0283101 
    0.00240842    0.0294823 
    0.00240909    0.0307779 
    0.00240977    0.0322122 
    0.00241048    0.0338875 
    0.00241123     0.035855 
    0.00241197    0.0380721 
    0.00241272    0.0405784 
    0.00241326    0.0426318 
    0.00241379    0.0447915 
    0.00241431    0.0471624 
    0.00241484    0.0497713 
    0.00241536      0.05265 
    0.00241588    0.0558357 
    0.00241645    0.0596761 
    0.00241688    0.0628654 
     0.0024173     0.066356 
    0.00241773    0.0701865 
    0.00241815    0.0744018 
    0.00241861    0.0794427 
    0.00241907    0.0850712 
    0.00241953    0.0913814 
    0.00241983    0.0960223 
    0.00242014     0.101056 
    0.00242044     0.106529 
    0.00242082     0.114012 
    0.00242116     0.121455 
     0.0024215     0.129703 
    0.00242184     0.138877 
    0.00242218     0.149124 
     0.0024225     0.159605 
    0.00242275     0.169068 
      0.002423     0.179445 
    0.00242326     0.190859 
    0.00242351     0.203455 
    0.00242377     0.217407 
    0.00242398     0.229993 
    0.00242419      0.24376 
     0.0024244     0.258864 
     0.0024246     0.275488 
    0.00242481      0.29385 
    0.00242501     0.312749 
     0.0024252     0.332829 
    0.00242538     0.355014 
    0.00242557     0.379624 
    0.00242576     0.407044 
    0.00242593      0.43547 
    0.00242608     0.462167 
    0.00242623     0.491582 
    0.00242638     0.524127 
    0.00242652     0.560305 
    0.00242667     0.600738 
     0.0024268     0.640099 
    0.00242693     0.683926 
    0.00242706     0.733009 
    0.00242719     0.788338 
    0.00242727     0.829293 
    0.00242736     0.874014 
    0.00242745     0.927314 
    0.00242755     0.986425 
    0.00242764      1.05228 
    0.00242773      1.12597 
     0.0024278      1.18716 
    0.00242787      1.25413 
    0.00242794      1.32759 
    0.00242801      1.40835 
    0.00242808      1.49732 
    0.00242816      1.60937 
    0.00242822       1.6965 
    0.00242827      1.79102 
    0.00242833      1.89362 
    0.00242839      2.00507 
    0.00242844      2.12618 
     0.0024285      2.25784 
    0.00242855      2.40097 
    0.00242862      2.59754 
    0.00242869      2.81566 
    0.00242876      3.05754 
    0.00242883      3.32549 
     0.0024289      3.62193 
    0.00242897      3.95395 
    0.00242905      4.32295 
    0.00242912      4.72957 
    0.00242919      5.17649 
    0.00242926      5.66624 
    0.00242933      6.16125 
    0.00242938      6.61124 
    0.00242946      7.25808 
    0.00242953      7.96009 
    0.00242961      8.71851 
    0.00242968      9.53395 
    0.00242975      10.4062 
    0.00242983      11.3343 
     0.0024299      12.3162 
    0.00243002      13.8829 
    0.00243013      15.5485 
    0.00243027      17.7669 
    0.00243059      22.9899 
    0.00243071      24.7677 
    0.00243082      26.3762 
    0.00243093       27.831 
    0.00243104      29.0907 
    0.00243112      29.8364 
    0.00243121      30.4832 
     0.0024313      31.0219 
    0.00243139       31.393 
    0.00243147      31.5204 
     0.0024315      31.5319 
     0.0024316      31.4089 
    0.00243168      31.1526 
    0.00243177      30.6274 
    0.00243186      29.9932 
    0.00243197      28.9556 
    0.00243207       27.782 
    0.00243218      26.3625 
    0.00243225       25.304 
     0.0024324      23.0338 
    0.00243278      17.0431 
    0.00243289      15.3096 
      0.002433      13.6574 
    0.00243311      12.1064 
    0.00243319      11.1359 
    0.00243326      10.2197 
    0.00243333      9.35958 
    0.00243341      8.55633 
    0.00243348      7.80997 
    0.00243354      7.25968 
    0.00243361      6.69277 
    0.00243367      6.16658 
    0.00243374      5.67969 
     0.0024338      5.23044 
    0.00243387      4.81702 
    0.00243394      4.41024 
    0.00243401      4.04017 
    0.00243408      3.70427 
    0.00243415      3.39998 
    0.00243422      3.12481 
    0.00243428       2.8921 
    0.00243435      2.68792 
    0.00243441      2.50195 
    0.00243447      2.33261 
    0.00243453      2.17847 
     0.0024346      2.03814 
    0.00243466      1.91035 
    0.00243472      1.79391 
    0.00243479      1.68775 
    0.00243485      1.59086 
    0.00243491      1.50233 
    0.00243498      1.41276 
    0.00243505      1.33147 
    0.00243512      1.25754 
    0.00243519      1.19015 
    0.00243526      1.12858 
    0.00243533      1.07219 
    0.00243543       1.0041 
    0.00243552     0.943057 
    0.00243561     0.888094 
    0.00243571     0.834123 
    0.00243582     0.781693 
    0.00243593     0.734614 
    0.00243604     0.692122 
    0.00243615     0.653586 
    0.00243626     0.618484 
    0.00243637     0.586383 
    0.00243648     0.556921 
     0.0024366     0.527803 
    0.00243673     0.499249 
    0.00243686     0.473097 
    0.00243698     0.449069 
    0.00243711     0.426926 
     0.0024373     0.396813 
    0.00243749     0.369923 
    0.00243769     0.344361 
     0.0024379     0.320827 
    0.00243811     0.299717 
    0.00243832       0.2807 
    0.00243853     0.263503 
    0.00243874     0.247409 
    0.00243897     0.231919 
     0.0024392     0.217889 
    0.00243943     0.205137 
    0.00243966      0.19351 
    0.00243989     0.182877 
    0.00244016     0.171389 
    0.00244043     0.160986 
     0.0024407     0.151536 
    0.00244097     0.142922 
    0.00244125     0.135049 
    0.00244155     0.126899 
    0.00244188      0.11907 
    0.00244221     0.111973 
    0.00244254     0.105517 
    0.00244286    0.0996277 
     0.0024432    0.0940613 
    0.00244356    0.0886451 
    0.00244392    0.0837062 
    0.00244428    0.0791898 
    0.00244452    0.0763902 
    0.00244501     0.071243 
    0.00244546    0.0668868 
    0.00244591    0.0629426 
    0.00244637    0.0593599 
    0.00244682    0.0560959 
    0.00244727    0.0531138 
    0.00244777     0.050129 
    0.00244829    0.0472953 
    0.00244881    0.0447168 
    0.00244933    0.0423636 
    0.00244985    0.0402102 
    0.00245039    0.0381546 
    0.00245097    0.0361245 
    0.00245156    0.0342723 
    0.00245214    0.0325779 
    0.00245292     0.030535 
    0.00245355    0.0290424 
    0.00245428    0.0274871 
      0.002455    0.0260762 
    0.00245572     0.024793 
    0.00245668     0.023256 
    0.00245754    0.0220305 
    0.00245867    0.0205937 
    0.00245981    0.0193316 
    0.00246094    0.0182187 
    0.00246207    0.0172348 
     0.0024632    0.0163621 
    0.00246443    0.0155235 
    0.00246566    0.0147834 
    0.00246689    0.0141291 
    0.00246812     0.013548 
    0.00246934    0.0130316 
    0.00247076    0.0125084 
    0.00247228    0.0120257 
    0.00247379    0.0116124 
     0.0024753    0.0112594 
    0.00247682    0.0109593 
    0.00247874     0.010647 
    0.00248058     0.010415 
    0.00248242    0.0102437 
    0.00248426     0.010127 
    0.00248636    0.0100552 
    0.00248754    0.0100433 
    0.00248939    0.0100673 
    0.00249124    0.0101398 
    0.00249309     0.010261 
    0.00249494    0.0104337 
     0.0024968     0.010662 
    0.00249866    0.0109483 
    0.00250051    0.0112973 
    0.00250237    0.0117152 
    0.00250415    0.0121886 
    0.00250594    0.0127411 
    0.00250772    0.0133833 
    0.00250906    0.0139314 
    0.00251041    0.0145496 
    0.00251176    0.0152447 
    0.00251312    0.0160225 
    0.00251447    0.0168938 
    0.00251582    0.0178715 
    0.00251673    0.0185914 
    0.00251797    0.0196831 
    0.00251921    0.0209063 
    0.00252046    0.0222808 
    0.00252139    0.0234255 
    0.00252229    0.0246425 
    0.00252318    0.0259554 
    0.00252407     0.027396 
    0.00252496    0.0289805 
    0.00252586     0.030728 
    0.00252645    0.0319943 
     0.0025274    0.0342011 
    0.00252811    0.0360277 
    0.00252882    0.0380209 
    0.00252953    0.0402012 
    0.00253024    0.0425921 
    0.00253091    0.0451004 
    0.00253159    0.0478545 
    0.00253227    0.0508875 
    0.00253295    0.0542381 
    0.00253363     0.057952 
    0.00253432      0.06217 
    0.00253502     0.066939 
    0.00253549    0.0704441 
    0.00253595    0.0742434 
    0.00253642    0.0783706 
    0.00253688    0.0828645 
    0.00253735    0.0877704 
    0.00253785    0.0935532 
    0.00253838     0.100408 
    0.00253878     0.106072 
    0.00253918     0.112243 
    0.00253958     0.118986 
    0.00253998      0.12623 
    0.00254037     0.134096 
    0.00254076     0.142739 
    0.00254115     0.152265 
    0.00254154       0.1628 
    0.00254192     0.174375 
     0.0025423        0.187 
    0.00254268     0.201076 
    0.00254306     0.216835 
    0.00254331     0.228413 
    0.00254356     0.240961 
    0.00254381      0.25459 
    0.00254404     0.267888 
    0.00254427     0.282274 
     0.0025445     0.297871 
    0.00254472     0.314822 
    0.00254495     0.333289 
    0.00254518     0.353461 
     0.0025454     0.375558 
    0.00254563     0.399836 
    0.00254588      0.42974 
    0.00254607     0.454475 
    0.00254626     0.481456 
    0.00254645      0.51097 
    0.00254664     0.543349 
    0.00254681     0.575262 
    0.00254698     0.610144 
    0.00254715     0.648384 
    0.00254732     0.690434 
    0.00254749      0.73683 
    0.00254765     0.784212 
     0.0025478     0.834261 
    0.00254795     0.889403 
     0.0025481     0.950362 
    0.00254826      1.01799 
    0.00254841      1.09329 
    0.00254856      1.17746 
    0.00254866      1.23918 
    0.00254876      1.30594 
    0.00254886      1.37827 
    0.00254896      1.45677 
    0.00254906      1.54209 
    0.00254916      1.63498 
    0.00254926      1.73622 
    0.00254937      1.84671 
    0.00254947      1.96741 
    0.00254957      2.09936 
    0.00254967      2.24369 
    0.00254977      2.40157 
    0.00254987      2.57427 
    0.00254997      2.76307 
    0.00255008      2.98009 
    0.00255018      3.21784 
    0.00255029      3.47778 
     0.0025504       3.7613 
     0.0025505      4.06961 
    0.00255059      4.33802 
    0.00255069      4.67591 
    0.00255079        5.038 
    0.00255089      5.42422 
    0.00255099      5.83407 
    0.00255114      6.49075 
    0.00255129      7.19229 
     0.0025515      8.18131 
     0.0025519      10.2163 
     0.0025521      11.1732 
    0.00255227      11.9029 
    0.00255239      12.3531 
    0.00255252      12.7376 
    0.00255264      13.0469 
    0.00255276      13.2718 
    0.00255288      13.4098 
      0.002553      13.4576 
    0.00255313      13.4039 
    0.00255323      13.2846 
    0.00255334      13.0997 
    0.00255344      12.8528 
    0.00255355      12.5485 
    0.00255366      12.1664 
    0.00255382      11.4992 
    0.00255399      10.7447 
    0.00255424      9.50122 
     0.0025546      7.72206 
    0.00255475      6.99366 
     0.0025549      6.30387 
    0.00255505      5.66085 
    0.00255515      5.26075 
    0.00255525      4.88453 
    0.00255535       4.5325 
    0.00255545      4.20457 
    0.00255555      3.90028 
    0.00255565      3.63922 
    0.00255573      3.41598 
    0.00255582      3.20798 
     0.0025559       3.0145 
    0.00255599      2.83474 
    0.00255608      2.66792 
    0.00255616      2.51321 
    0.00255625      2.36982 
    0.00255634       2.2257 
    0.00255644       2.0828 
    0.00255654      1.95214 
    0.00255664      1.83261 
    0.00255675      1.72318 
    0.00255685      1.62289 
    0.00255695      1.53088 
    0.00255705      1.44634 
    0.00255715      1.36854 
    0.00255725      1.29685 
    0.00255735      1.23067 
     0.0025575      1.14059 
    0.00255765      1.06019 
    0.00255781     0.988149 
    0.00255796     0.923353 
    0.00255811     0.864865 
    0.00255826     0.811884 
    0.00255841     0.763736 
    0.00255856     0.719843 
    0.00255871     0.679709 
     0.0025589     0.634622 
    0.00255909     0.593967 
    0.00255928     0.557171 
    0.00255946     0.523755 
    0.00255965     0.493311 
    0.00255985     0.463527 
    0.00256006     0.435513 
    0.00256027     0.410004 
    0.00256048     0.386706 
    0.00256068     0.365367 
    0.00256094     0.341821 
    0.00256116     0.322548 
    0.00256139     0.304881 
    0.00256162     0.288644 
    0.00256185     0.273686 
    0.00256207     0.259874 
    0.00256241     0.241058 
    0.00256277     0.223647 
    0.00256302     0.212353 
     0.0025634     0.196968 
    0.00256378     0.183213 
    0.00256415     0.170867 
    0.00256453     0.159741 
    0.00256493      0.14931 
    0.00256533     0.139713 
    0.00256573     0.131023 
    0.00256613     0.123129 
    0.00256653     0.115936 
    0.00256698     0.108647 
    0.00256751     0.100753 
    0.00256805    0.0936994 
    0.00256859    0.0873709 
    0.00256913    0.0816699 
    0.00256966    0.0765155 
    0.00257023    0.0715797 
     0.0025708    0.0671138 
    0.00257137    0.0630601 
    0.00257194    0.0593693 
    0.00257251    0.0559991 
    0.00257313    0.0526846 
    0.00257376    0.0495577 
     0.0025744     0.046707 
    0.00257503    0.0441004 
    0.00257567    0.0417107 
    0.00257634    0.0394045 
    0.00257707    0.0370886 
    0.00257781    0.0349759 
    0.00257854    0.0330434 
    0.00257903    0.0318451 
    0.00258001    0.0296418 
    0.00258092    0.0278074 
    0.00258183    0.0261433 
    0.00258274    0.0246288 
    0.00258364    0.0232464 
    0.00258455    0.0219812 
    0.00258552    0.0207403 
    0.00258653    0.0195691 
    0.00258753    0.0184985 
    0.00258854    0.0175172 
    0.00258954    0.0166156 
    0.00259062    0.0157265 
    0.00259185    0.0148036 
    0.00259307    0.0139636 
     0.0025943    0.0131968 
    0.00259553    0.0124949 
    0.00259675    0.0118508 
    0.00259819    0.0111594 
    0.00259964    0.0105307 
    0.00260108   0.00995705 
    0.00260252     0.009432 
    0.00260444   0.00879854 
    0.00260634   0.00823711 
    0.00260824   0.00773183 
    0.00261014   0.00727536 
    0.00261204   0.00686162 
    0.00261389   0.00649547 
    0.00261574   0.00616039 
    0.00261759   0.00585304 
    0.00261944   0.00557043 
    0.00262135   0.00530163 
    0.00262421    0.0049373 
    0.00262708   0.00461338 
    0.00262989   0.00432899 
     0.0026327   0.00407341 
    0.00263564    0.0038333 
    0.00263881   0.00359999 
    0.00264198   0.00339036 
     0.0026455   0.00318136 
     0.0026492   0.00298536 
     0.0026529   0.00281009 
    0.00265654   0.00265439 
    0.00266018   0.00251384 
    0.00266382   0.00238631 
    0.00266747   0.00227021 
    0.00267111   0.00216441 
    0.00267657   0.00202212 
    0.00268203   0.00189608 
    0.00268676   0.00179879 
    0.00269148     0.001711 
    0.00269752   0.00161056 
    0.00270355   0.00152114 
    0.00270959   0.00144164 
    0.00271562   0.00137028 
     0.0027232   0.00129092 
    0.00273028   0.00122557 
    0.00273483   0.00118739 
    0.00274394   0.00111917 
    0.00275306   0.00106021 
    0.00276217   0.00100868 
    0.00277144  0.000963525 
    0.00278104  0.000922803 
     0.0027904   0.00088884 
    0.00279977  0.000859453 
    0.00280914  0.000834656 
     0.0028185  0.000813656 
    0.00283099  0.000791572 
    0.00284224  0.000777036 
    0.00285349  0.000767446 
    0.00286401  0.000763079 
    0.00286927  0.000762306 
    0.00288154  0.000765483 
    0.00289206  0.000773715 
    0.00290258  0.000787187 
    0.00290959  0.000799674 
    0.00291972   0.00082348 
     0.0029274  0.000846446 
    0.00293509   0.00087471 
    0.00294277  0.000908707 
    0.00295023  0.000948678 
    0.00295723  0.000992977 
    0.00296353   0.00104027 
    0.00296984   0.00109524 
    0.00297404   0.00113709 
    0.00297825   0.00118382 
    0.00298245   0.00123602 
    0.00298647   0.00129179 
    0.00299049   0.00135415 
     0.0029952   0.00143645 
    0.00299927   0.00151749 
    0.00300333   0.00160914 
    0.00300638   0.00168594 
    0.00300944   0.00177067 
    0.00301292   0.00187848 
     0.0030164   0.00199995 
    0.00301973   0.00213109 
    0.00302275   0.00226525 
    0.00302578   0.00241592 
     0.0030288   0.00258453 
     0.0030308   0.00270865 
     0.0030328   0.00284407 
     0.0030348   0.00299187 
    0.00303675   0.00314928 
     0.0030387   0.00332154 
    0.00304066   0.00351059 
    0.00304261   0.00371865 
    0.00304464   0.00395812 
    0.00304667   0.00422452 
     0.0030487   0.00452188 
    0.00305022    0.0047683 
    0.00305167   0.00502454 
    0.00305309   0.00529691 
     0.0030545   0.00559407 
    0.00305592   0.00591912 
    0.00305734   0.00627567 
    0.00305828    0.0065329 
    0.00305987   0.00700582 
    0.00306106   0.00739723 
    0.00306225   0.00782457 
    0.00306345   0.00829239 
    0.00306464   0.00880588 
    0.00306571   0.00931142 
    0.00306678   0.00986397 
    0.00306786    0.0104695 
    0.00306893    0.0111351 
       0.00307    0.0118687 
    0.00307092    0.0125627 
    0.00307177    0.0132582 
    0.00307262    0.0140152 
    0.00307347    0.0148411 
    0.00307432    0.0157447 
    0.00307514    0.0166968 
    0.00307589    0.0176554 
    0.00307664     0.018701 
     0.0030774    0.0198448 
    0.00307815    0.0210995 
     0.0030789      0.02248 
    0.00307956    0.0238015 
    0.00308022    0.0252457 
    0.00308087     0.026828 
    0.00308153    0.0285668 
    0.00308219    0.0304834 
    0.00308276    0.0323029 
    0.00308328    0.0341304 
    0.00308381    0.0361204 
    0.00308433    0.0382926 
    0.00308485    0.0406702 
    0.00308536    0.0431941 
    0.00308583    0.0457765 
    0.00308631    0.0486011 
    0.00308678    0.0516992 
    0.00308726    0.0551077 
    0.00308773    0.0588699 
    0.00308813    0.0623002 
    0.00308852    0.0660437 
    0.00308892    0.0701402 
    0.00308931    0.0746355 
     0.0030897    0.0795838 
    0.00309006    0.0844458 
    0.00309039    0.0894463 
    0.00309072    0.0949115 
    0.00309105     0.100902 
    0.00309138     0.107487 
     0.0030917     0.114493 
      0.003092     0.121654 
     0.0030923     0.129522 
     0.0030926     0.138194 
     0.0030929     0.147785 
     0.0030932     0.158433 
    0.00309343     0.167727 
    0.00309367     0.177885 
     0.0030939     0.189018 
    0.00309414     0.201259 
    0.00309438     0.214765 
    0.00309459     0.228414 
     0.0030948     0.242735 
    0.00309501     0.258498 
    0.00309521     0.275909 
    0.00309542      0.29522 
    0.00309562     0.315652 
    0.00309579     0.336005 
    0.00309597      0.35851 
    0.00309615     0.383504 
    0.00309633     0.411403 
     0.0030965     0.442718 
    0.00309667     0.476248 
    0.00309678      0.50098 
     0.0030969     0.527903 
    0.00309701     0.557316 
    0.00309712     0.589572 
    0.00309723     0.625089 
    0.00309734      0.66437 
    0.00309746     0.707878 
    0.00309757     0.756282 
    0.00309765     0.796376 
    0.00309774     0.840172 
    0.00309782     0.888142 
     0.0030979     0.940821 
    0.00309799     0.998818 
    0.00309807      1.06282 
    0.00309815       1.1336 
    0.00309824      1.21204 
    0.00309833      1.30525 
    0.00309839      1.38239 
    0.00309846      1.46641 
    0.00309853      1.55797 
    0.00309859      1.65779 
    0.00309866      1.76663 
    0.00309873      1.88531 
     0.0030988      2.01468 
    0.00309886       2.1471 
    0.00309892      2.28137 
    0.00309898      2.42608 
    0.00309904      2.58191 
     0.0030991      2.74959 
    0.00309915      2.92984 
    0.00309921      3.12339 
    0.00309927      3.33097 
    0.00309935      3.61237 
    0.00309941      3.88735 
    0.00309948      4.18334 
    0.00309955      4.50124 
    0.00309962      4.84188 
    0.00309968      5.20598 
    0.00309975      5.59412 
    0.00309984       6.1498 
    0.00309993      6.74954 
    0.00310002      7.39326 
    0.00310011      8.08012 
     0.0031002      8.80845 
    0.00310033      9.97283 
    0.00310046      11.2117 
    0.00310064       12.948 
    0.00310099      16.3972 
    0.00310112      17.6538 
    0.00310126      18.8182 
    0.00310139      19.8555 
    0.00310153      20.7326 
    0.00310162      21.2137 
    0.00310172      21.6697 
    0.00310182      21.9524 
    0.00310191      22.1215 
      0.003102      22.1742 
     0.0031021      22.1005 
    0.00310219      21.9276 
    0.00310231      21.5466 
    0.00310241      21.0731 
     0.0031025      20.5649 
    0.00310263      19.6521 
    0.00310277      18.5858 
     0.0031029      17.3996 
    0.00310308      15.6923 
    0.00310344      12.1493 
    0.00310357      10.8675 
    0.00310371      9.64778 
     0.0031038      8.87741 
    0.00310388      8.14563 
    0.00310397       7.4551 
    0.00310406      6.80756 
    0.00310415      6.20392 
    0.00310424      5.64432 
    0.00310431      5.25326 
    0.00310438       4.8863 
    0.00310445       4.5249 
    0.00310452      4.15568 
     0.0031046      3.81592 
    0.00310468      3.50421 
    0.00310476      3.21899 
    0.00310484      2.95864 
    0.00310489      2.78638 
    0.00310495      2.62544 
      0.003105      2.47521 
    0.00310506      2.33508 
    0.00310511      2.20446 
    0.00310517      2.08278 
    0.00310523      1.96947 
    0.00310531      1.81896 
    0.00310538      1.69227 
    0.00310546      1.57733 
    0.00310553      1.47302 
    0.00310561      1.37833 
    0.00310568      1.29232 
    0.00310576       1.2141 
    0.00310583       1.1429 
    0.00310591        1.078 
    0.00310599      1.01875 
    0.00310606     0.964564 
    0.00310614     0.911405 
    0.00310623     0.861306 
    0.00310631     0.815623 
    0.00310639     0.773855 
    0.00310648     0.735564 
    0.00310659      0.68926 
     0.0031067     0.647676 
    0.00310681     0.610159 
    0.00310692     0.576158 
    0.00310704     0.542554 
    0.00310718      0.50969 
    0.00310731     0.479991 
    0.00310744     0.453027 
    0.00310757     0.428444 
     0.0031077     0.405948 
    0.00310784     0.385291 
    0.00310797     0.366264 
    0.00310811     0.347397 
    0.00310826     0.328838 
    0.00310841     0.311794 
    0.00310857     0.296096 
    0.00310879     0.274762 
    0.00310902      0.25573 
    0.00310925     0.238668 
     0.0031095     0.221937 
    0.00310975      0.20695 
       0.00311     0.193467 
    0.00311025     0.181288 
     0.0031105     0.170247 
    0.00311076     0.159581 
    0.00311104     0.149623 
    0.00311131     0.140585 
    0.00311159     0.132354 
    0.00311186     0.124837 
    0.00311215     0.117541 
    0.00311248     0.110128 
     0.0031128     0.103405 
    0.00311313    0.0972865 
    0.00311345     0.091702 
    0.00311378    0.0865907 
    0.00311417    0.0809903 
    0.00311456    0.0759221 
    0.00311495    0.0713202 
    0.00311534    0.0671288 
    0.00311573       0.0633 
    0.00311615    0.0595611 
    0.00311659    0.0560418 
    0.00311702    0.0528287 
    0.00311745    0.0498871 
    0.00311788    0.0471872 
    0.00311835    0.0445012 
    0.00311889    0.0416738 
    0.00311944    0.0391104 
    0.00311998    0.0367789 
    0.00312052    0.0346522 
    0.00312106    0.0327069 
    0.00312169    0.0306753 
    0.00312231    0.0288297 
    0.00312293    0.0271481 
    0.00312355    0.0256114 
    0.00312417    0.0242033 
    0.00312485    0.0228049 
    0.00312555    0.0214784 
    0.00312625    0.0202663 
    0.00312695    0.0191557 
    0.00312765    0.0181357 
    0.00312841    0.0171182 
     0.0031293    0.0160429 
    0.00313018    0.0150678 
    0.00313107    0.0141808 
    0.00313195    0.0133718 
    0.00313284    0.0126317 
    0.00313376    0.0119261 
    0.00313468    0.0112797 
    0.00313591    0.0104988 
    0.00313714    0.0097989 
    0.00313814   0.00927945 
    0.00313931   0.00872703 
    0.00314048   0.00822459 
    0.00314165    0.0077661 
    0.00314282   0.00734646 
    0.00314399   0.00696148 
    0.00314546   0.00652093 
    0.00314693   0.00612317 
     0.0031484   0.00576276 
    0.00314987   0.00543518 
    0.00315134   0.00513659 
    0.00315286   0.00485381 
    0.00315442   0.00459102 
    0.00315597   0.00435072 
    0.00315804   0.00406111 
    0.00316012   0.00380221 
     0.0031622   0.00356879 
    0.00316428    0.0033585 
    0.00316636   0.00316844 
    0.00316844    0.0029961 
    0.00317059   0.00283394 
    0.00317275   0.00268654 
     0.0031749   0.00255221 
    0.00317706   0.00242951 
    0.00318008   0.00227441 
    0.00318311   0.00213662 
    0.00318613   0.00201371 
    0.00318915   0.00190367 
    0.00319217    0.0018048 
    0.00319542   0.00170971 
    0.00319879   0.00162103 
    0.00320215    0.0015417 
    0.00320626   0.00145543 
    0.00321037   0.00137952 
    0.00321407   0.00131873 
    0.00321778   0.00126401 
    0.00322255   0.00120148 
    0.00322715   0.00114846 
    0.00323169    0.0011025 
    0.00323617   0.00106246 
    0.00324065   0.00102705 
    0.00324738  0.000981687 
     0.0032541  0.000944099 
    0.00325916  0.000920251 
    0.00326479  0.000897652 
     0.0032727   0.00087259 
    0.00328034  0.000854797 
    0.00328798  0.000842762 
    0.00329516  0.000836395 
    0.00330233  0.000834376 
    0.00331096  0.000837855 
    0.00331961  0.000847879 
    0.00332826  0.000864696 
     0.0033368  0.000888481 
    0.00334513  0.000919327 
    0.00335058  0.000944135 
    0.00335603  0.000972971 
    0.00336147   0.00100642 
    0.00336692   0.00104488 
    0.00337171   0.00108355 
    0.00337651   0.00112745 
    0.00338211   0.00118632 
    0.00338772    0.0012542 
    0.00339239   0.00131916 
    0.00339706   0.00139318 
    0.00340174   0.00147767 
    0.00340524   0.00154904 
    0.00340858   0.00162461 
    0.00341184   0.00170578 
    0.00341509   0.00179561 
    0.00341835    0.0018958 
    0.00342161   0.00200758 
    0.00342496   0.00213662 
    0.00342732   0.00223728 
    0.00342968   0.00234724 
    0.00343204   0.00246753 
    0.00343436   0.00259708 
    0.00343664   0.00273683 
    0.00343892   0.00289049 
     0.0034412   0.00305986 
    0.00344342   0.00324167 
    0.00344558   0.00343776 
    0.00344773   0.00365425 
    0.00344989   0.00389494 
    0.00345205   0.00416466 
    0.00345368   0.00438869 
    0.00345531   0.00463342 
    0.00345694   0.00490147 
    0.00345856   0.00519588 
    0.00345965   0.00540854 
    0.00346142   0.00578891 
    0.00346276   0.00610345 
    0.00346409   0.00644654 
    0.00346542   0.00682167 
    0.00346676   0.00723294 
    0.00346796   0.00763897 
    0.00346916    0.0080824 
    0.00347036   0.00856795 
    0.00347157   0.00910104 
    0.00347277   0.00968814 
    0.00347382    0.0102515 
     0.0034748    0.0108216 
    0.00347577    0.0114428 
    0.00347675    0.0121214 
    0.00347772    0.0128647 
    0.00347865    0.0136427 
     0.0034795    0.0144119 
    0.00348034    0.0152503 
    0.00348118    0.0161664 
    0.00348203    0.0171704 
    0.00348287     0.018274 
    0.00348363     0.019358 
    0.00348438     0.020544 
    0.00348514    0.0218452 
    0.00348589    0.0232772 
    0.00348665     0.024858 
    0.00348729    0.0263336 
    0.00348787    0.0277986 
    0.00348846    0.0293919 
    0.00348904    0.0311292 
    0.00348963    0.0330282 
    0.00349019    0.0350443 
    0.00349073     0.037111 
    0.00349126    0.0393692 
    0.00349179    0.0418435 
    0.00349232    0.0445627 
    0.00349285    0.0475605 
    0.00349331    0.0503614 
    0.00349376    0.0534212 
    0.00349421    0.0567731 
    0.00349466    0.0604558 
    0.00349512    0.0645145 
    0.00349551     0.068437 
    0.00349589    0.0724269 
    0.00349626     0.076782 
    0.00349663    0.0815486 
      0.003497    0.0867809 
    0.00349736    0.0923453 
    0.00349769    0.0980401 
    0.00349803     0.104288 
    0.00349836     0.111164 
     0.0034987     0.118757 
    0.00349903     0.127171 
     0.0034993     0.134684 
    0.00349957     0.142898 
    0.00349984     0.151905 
    0.00350012     0.161812 
    0.00350039     0.172747 
    0.00350063     0.183591 
    0.00350086     0.194825 
    0.00350109     0.207156 
    0.00350132     0.220737 
    0.00350155     0.235748 
    0.00350178     0.251719 
    0.00350198     0.267921 
    0.00350218     0.285814 
    0.00350239     0.305656 
    0.00350259      0.32776 
    0.00350279     0.352509 
    0.00350297     0.376001 
    0.00350314     0.402112 
    0.00350331     0.431289 
    0.00350349     0.464084 
     0.0035036     0.488292 
    0.00350372     0.514661 
    0.00350385     0.546853 
    0.00350397      0.58255 
     0.0035041     0.622329 
     0.0035042      0.65525 
    0.00350429     0.691194 
    0.00350439     0.730555 
    0.00350449     0.773784 
    0.00350458       0.8214 
    0.00350468     0.873995 
    0.00350478     0.934293 
    0.00350488      1.00607 
    0.00350495      1.05884 
    0.00350502      1.11597 
     0.0035051       1.1779 
    0.00350517      1.24508 
    0.00350524      1.31799 
    0.00350531      1.39718 
    0.00350537      1.47751 
    0.00350544      1.56432 
     0.0035055      1.65815 
    0.00350557      1.75955 
    0.00350564      1.86908 
     0.0035057      1.98736 
    0.00350577      2.11501 
    0.00350584      2.25266 
    0.00350592      2.43791 
      0.003506      2.64076 
    0.00350608      2.86249 
    0.00350616      3.10435 
    0.00350624      3.36756 
    0.00350632      3.64162 
     0.0035064      3.93114 
    0.00350648      4.24226 
    0.00350655      4.57568 
    0.00350663      4.93188 
    0.00350673      5.44284 
    0.00350684      5.99515 
    0.00350694      6.58828 
    0.00350704      7.22087 
    0.00350714      7.89061 
     0.0035073      8.95725 
    0.00350745      10.0839 
    0.00350792      13.6618 
    0.00350808      14.7635 
    0.00350823      15.7747 
    0.00350838      16.6602 
    0.00350849      17.1644 
    0.00350862      17.7095 
    0.00350872      18.0121 
    0.00350882      18.2254 
    0.00350892      18.3446 
      0.003509      18.3736 
    0.00350912       18.306 
    0.00350922      18.1339 
    0.00350933      17.8486 
    0.00350945      17.4458 
    0.00350955      16.9665 
    0.00350966      16.4323 
    0.00350981      15.5092 
    0.00350996      14.4699 
    0.00351017      12.9648 
    0.00351059      9.81029 
    0.00351072      8.80535 
    0.00351088      7.74871 
    0.00351098      7.08666 
    0.00351108      6.46228 
    0.00351119      5.87769 
    0.00351129      5.33407 
    0.00351136      4.95348 
    0.00351144      4.59603 
    0.00351152      4.26138 
     0.0035116      3.94903 
    0.00351167      3.65832 
    0.00351175      3.38848 
    0.00351183      3.13862 
     0.0035119       2.9078 
    0.00351197        2.731 
    0.00351203      2.56588 
    0.00351209      2.41186 
    0.00351216      2.26836 
    0.00351222      2.13476 
    0.00351228       2.0105 
    0.00351235        1.895 
    0.00351241       1.7877 
    0.00351248      1.67744 
    0.00351255      1.57593 
    0.00351262       1.4825 
    0.00351269       1.3965 
    0.00351276      1.31733 
    0.00351283      1.24443 
     0.0035129      1.17727 
      0.003513      1.09142 
    0.00351309      1.02416 
    0.00351318     0.963112 
    0.00351326     0.907606 
    0.00351335     0.857043 
    0.00351344     0.810888 
    0.00351352     0.768663 
    0.00351361     0.729947 
    0.00351373      0.68314 
    0.00351384     0.641136 
    0.00351396     0.601291 
    0.00351409     0.563636 
    0.00351422     0.529763 
    0.00351435     0.499148 
    0.00351448     0.471357 
     0.0035146     0.446024 
    0.00351473     0.422846 
    0.00351486     0.401566 
      0.003515     0.379593 
    0.00351517     0.357337 
    0.00351533     0.337095 
    0.00351549     0.318615 
    0.00351565     0.301688 
    0.00351581     0.286134 
    0.00351597     0.271802 
    0.00351621     0.252315 
    0.00351639     0.239394 
    0.00351656     0.227473 
    0.00351683     0.211242 
    0.00351709     0.196734 
    0.00351736     0.183707 
    0.00351762     0.171962 
    0.00351791     0.160393 
     0.0035182     0.149976 
    0.00351849     0.140561 
    0.00351878     0.132022 
    0.00351907     0.124251 
    0.00351939     0.116501 
    0.00351972      0.10917 
    0.00352005      0.10252 
    0.00352038    0.0964679 
    0.00352071    0.0909437 
    0.00352106    0.0856824 
    0.00352143    0.0804976 
    0.00352181    0.0757756 
    0.00352218    0.0714623 
    0.00352255    0.0675117 
    0.00352293     0.063884 
     0.0035234    0.0597124 
    0.00352387    0.0559414 
    0.00352434    0.0525208 
    0.00352481    0.0494084 
    0.00352528    0.0465681 
    0.00352579    0.0438027 
    0.00352631     0.041204 
    0.00352683    0.0388331 
    0.00352735     0.036664 
    0.00352786    0.0346742 
    0.00352842    0.0327275 
    0.00352904    0.0307294 
    0.00352966    0.0289117 
    0.00353029    0.0272532 
    0.00353091     0.025736 
    0.00353153    0.0243443 
    0.00353229    0.0228052 
    0.00353305    0.0214106 
     0.0035338    0.0201427 
    0.00353456    0.0189866 
    0.00353532    0.0179295 
    0.00353612    0.0169014 
    0.00353695    0.0159348 
    0.00353778    0.0150511 
    0.00353861    0.0142412 
    0.00353943    0.0134971 
    0.00354033    0.0127561 
    0.00354137    0.0119752 
    0.00354241    0.0112665 
    0.00354345    0.0106214 
    0.00354449    0.0100326 
    0.00354553   0.00949368 
    0.00354672    0.0089306 
    0.00354791   0.00841892 
    0.00354911   0.00795253 
     0.0035503   0.00752614 
    0.00355149    0.0071353 
    0.00355278   0.00674716 
    0.00355412   0.00637895 
    0.00355547   0.00604249 
    0.00355726   0.00563724 
    0.00355905   0.00527521 
    0.00356074   0.00496697 
    0.00356244   0.00468784 
    0.00356413   0.00443434 
    0.00356583   0.00420352 
    0.00356752   0.00399277 
     0.0035692   0.00380229 
    0.00357141   0.00357363 
    0.00357363    0.0033686 
    0.00357584   0.00318419 
      0.003578   0.00302211 
    0.00358009   0.00287902 
    0.00358218   0.00274843 
    0.00358532   0.00257305 
    0.00358845   0.00241892 
    0.00359159   0.00228319 
    0.00359484   0.00215848 
    0.00359831   0.00204103 
    0.00360178   0.00193764 
    0.00360525   0.00184632 
    0.00360873   0.00176559 
     0.0036122   0.00169407 
    0.00361658   0.00161485 
    0.00362096   0.00154635 
    0.00362559   0.00148439 
    0.00363022   0.00143125 
    0.00363523   0.00138264 
    0.00364024   0.00134196 
    0.00364525   0.00130832 
    0.00365026    0.0012808 
     0.0036554   0.00125833 
    0.00366055   0.00124129 
    0.00366827   0.00122475 
    0.00367471   0.00121813 
    0.00367857   0.00121701 
      0.003685   0.00122058 
    0.00369144   0.00122961 
    0.00369949   0.00124927 
    0.00370672   0.00127405 
    0.00371354   0.00130385 
    0.00372036   0.00134063 
    0.00372718   0.00138445 
    0.00373401    0.0014358 
    0.00374103   0.00149721 
    0.00374845   0.00157262 
    0.00375541   0.00165394 
    0.00376044   0.00172024 
    0.00376588   0.00179951 
    0.00377132   0.00188764 
    0.00377676    0.0019857 
     0.0037822   0.00209492 
    0.00378764   0.00221678 
    0.00379281   0.00234604 
    0.00379772   0.00248222 
    0.00380236   0.00262506 
    0.00380674    0.0027738 
    0.00381154    0.0029546 
    0.00381546   0.00311765 
    0.00381937   0.00329667 
    0.00382316   0.00348696 
    0.00382695   0.00369624 
     0.0038307   0.00392432 
    0.00383436   0.00417083 
    0.00383803   0.00444349 
     0.0038417   0.00474601 
    0.00384537   0.00508286 
    0.00384903   0.00545934 
    0.00385243   0.00584826 
    0.00385582   0.00628235 
    0.00385918   0.00676514 
    0.00386139    0.0071143 
     0.0038636   0.00749232 
    0.00386581   0.00790243 
    0.00386802   0.00834837 
    0.00387022   0.00883442 
    0.00387243    0.0093655 
    0.00387464   0.00994722 
    0.00387684    0.0105846 
    0.00387904    0.0112855 
    0.00388124    0.0120601 
    0.00388344    0.0129191 
    0.00388513    0.0136461 
    0.00388691    0.0144808 
     0.0038887    0.0153959 
    0.00389048    0.0164024 
    0.00389226    0.0175128 
    0.00389404    0.0187387 
    0.00389571    0.0200062 
    0.00389738    0.0214099 
    0.00389904    0.0229689 
    0.00390029    0.0242539 
    0.00390161     0.025735 
    0.00390297    0.0274024 
    0.00390433    0.0292372 
    0.00390569    0.0312645 
    0.00390704     0.033512 
    0.00390838    0.0359743 
    0.00390968     0.038635 
    0.00391098    0.0416035 
    0.00391228    0.0449289 
    0.00391314    0.0473731 
    0.00391401    0.0500227 
    0.00391487    0.0529015 
    0.00391591    0.0566968 
    0.00391695    0.0609155 
    0.00391799    0.0656214 
    0.00391903    0.0708916 
    0.00391972    0.0747656 
    0.00392064    0.0804375 
    0.00392133    0.0851041 
    0.00392202     0.090189 
    0.00392271    0.0957425 
     0.0039234     0.101823 
    0.00392408     0.108498 
    0.00392478     0.115897 
    0.00392547     0.124076 
    0.00392616     0.133148 
    0.00392685     0.143246 
    0.00392737     0.151588 
    0.00392789     0.160674 
    0.00392841     0.170594 
    0.00392893     0.181454 
    0.00392945     0.193372 
    0.00392997      0.20649 
    0.00393049     0.220971 
    0.00393101     0.237007 
    0.00393153     0.254825 
    0.00393205     0.274693 
    0.00393257     0.296928 
    0.00393291     0.313252 
    0.00393326     0.330927 
    0.00393361       0.3501 
    0.00393395      0.37094 
     0.0039343     0.393637 
    0.00393465     0.418409 
    0.00393499     0.445505 
    0.00393537     0.478336 
    0.00393568      0.50785 
      0.003936     0.540045 
    0.00393631     0.575231 
    0.00393662     0.613759 
    0.00393683     0.641496 
    0.00393717     0.691772 
    0.00393743     0.733143 
    0.00393769     0.778001 
    0.00393795     0.826689 
    0.00393821      0.87958 
    0.00393847     0.937076 
    0.00393873     0.999608 
    0.00393899      1.06763 
    0.00393925       1.1416 
    0.00393951        1.222 
    0.00393977      1.30929 
    0.00394003      1.40389 
    0.00394029      1.50617 
    0.00394055      1.61638 
    0.00394081      1.73464 
    0.00394116      1.90468 
     0.0039415      2.08799 
    0.00394185      2.28266 
     0.0039431      3.01906 
    0.00394346      3.21957 
    0.00394382      3.40128 
    0.00394419      3.55875 
    0.00394447      3.66164 
    0.00394479      3.75804 
    0.00394514      3.83946 
     0.0039452       3.8516 
     0.0039452     0.995775 
    0.00400086     0.987321 
     0.0040573     0.978748 
    0.00407705     0.975749 
    0.00413457     0.967516 
     0.0041929     0.959167 
     0.0042089     0.956877 
    0.00426828     0.948851 
     0.0043285     0.940712 
    0.00434075     0.939056 
    0.00440199     0.931225 
    0.00446409     0.923283 
     0.0044726     0.922195 
     0.0045357     0.914741 
    0.00459969     0.907182 
    0.00466458     0.899517 
    0.00473039     0.891743 
     0.0047363     0.891045 
    0.00480312     0.883908 
    0.00487088     0.876671 
     0.0049396     0.869331 
         0.005      0.86288 
    0.00507054     0.856012 
    0.00514208     0.849046 
    0.00521462     0.841982 
       0.00525     0.838537 
    0.00532407     0.831912 
    0.00539918     0.825195 
    0.00547535     0.818382 
        0.0055     0.816177 
     0.0055776     0.809775 
    0.00565629     0.803282 
    0.00573609     0.796697 
       0.00575     0.795549 
    0.00583112     0.789348 
    0.00591339      0.78306 
    0.00599682     0.776684 
         0.006      0.77644 
    0.00608465     0.770424 
    0.00617049     0.764324 
       0.00625     0.758673 
    0.00633818     0.752827 
     0.0064276     0.746897 
        0.0065     0.742097 
     0.0065917     0.736406 
     0.0066847     0.730634 
       0.00675     0.726582 
    0.00684523     0.721034 
     0.0069418     0.715408 
         0.007     0.712018 
    0.00709876     0.706603 
    0.00719891     0.701111 
       0.00725      0.69831 
    0.00735228     0.693017 
    0.00745601      0.68765 
        0.0075     0.685374 
    0.00760581      0.68033 
    0.00771312     0.675215 
    0.00782193     0.670028 
    0.00793229     0.664768 
         0.008      0.66154 
    0.00811287     0.656686 
    0.00822732     0.651764 
     0.0083434     0.646772 
    0.00846111      0.64171 
        0.0085     0.640037 
    0.00861992      0.63535 
    0.00874153     0.630597 
    0.00886486     0.625776 
    0.00898993     0.620888 
         0.009     0.620494 
    0.00912697     0.615954 
    0.00925574     0.611349 
    0.00938632      0.60668 
        0.0095     0.602615 
    0.00963403     0.598205 
    0.00976995     0.593733 
    0.00990778     0.589198 
          0.01     0.586164 
     0.0101411      0.58191 
     0.0102842     0.577596 
     0.0104292     0.573222 
     0.0105764     0.568785 
      0.010625     0.567319 
     0.0107749     0.563192 
     0.0109269     0.559006 
     0.0110811     0.554761 
     0.0112374     0.550456 
       0.01125      0.55011 
     0.0114087     0.546094 
     0.0115697     0.542022 
     0.0117329     0.537892 
      0.011875     0.534297 
     0.0120425     0.530381 
     0.0122124     0.526411 
     0.0123847     0.522384 
        0.0125      0.51969 
     0.0126764     0.515865 
     0.0128552     0.511985 
     0.0130366     0.508052 
      0.013125     0.506133 
     0.0133102      0.50239 
      0.013498     0.498594 
     0.0136884     0.494745 
       0.01375     0.493499 
      0.013944     0.489831 
     0.0141407     0.486111 
     0.0143402     0.482339 
      0.014375     0.481681 
     0.0145778     0.478083 
     0.0147835     0.474433 
      0.014992     0.470732 
         0.015     0.470591 
     0.0152116     0.467056 
     0.0154262     0.463471 
      0.015625     0.460151 
     0.0158454     0.456676 
      0.016069     0.453152 
       0.01625     0.450298 
     0.0164793     0.446879 
     0.0167117     0.443412 
      0.016875     0.440978 
     0.0171131     0.437611 
     0.0173545     0.434198 
        0.0175     0.432141 
     0.0177469     0.428905 
     0.0179973     0.425623 
     0.0182512     0.422295 
     0.0185087      0.41892 
       0.01875     0.415757 
     0.0190145     0.412606 
     0.0192828     0.409411 
     0.0195548     0.406171 
     0.0198307     0.402885 
          0.02     0.400869 
     0.0202822     0.397797 
     0.0205683     0.394681 
     0.0208585     0.391522 
     0.0211528     0.388318 
       0.02125     0.387259 
     0.0215498      0.38426 
     0.0218538     0.381218 
     0.0221621     0.378134 
     0.0224748     0.375006 
        0.0225     0.374754 
     0.0228174     0.371824 
     0.0231393     0.368852 
     0.0234658     0.365839 
       0.02375     0.363215 
     0.0240851      0.36035 
     0.0244249     0.357444 
     0.0247695     0.354497 
         0.025     0.352526 
     0.0253527     0.349722 
     0.0257104     0.346878 
     0.0260731     0.343994 
       0.02625     0.342588 
     0.0266203     0.339843 
     0.0269959     0.337059 
     0.0273768     0.334236 
        0.0275     0.333322 
      0.027888     0.330634 
     0.0282814     0.327907 
     0.0286804     0.325142 
       0.02875      0.32466 
     0.0291556     0.322026 
     0.0295669     0.319354 
     0.0299841     0.316645 
          0.03     0.316542 
     0.0304232     0.313959 
     0.0308525      0.31134 
       0.03125     0.308914 
     0.0316909     0.306381 
      0.032138     0.303813 
        0.0325     0.301734 
     0.0329585     0.299251 
     0.0334235     0.296732 
       0.03375     0.294964 
     0.0342262     0.292528 
      0.034709     0.290058 
         0.035     0.288569 
     0.0354938     0.286179 
     0.0359945     0.283755 
       0.03625     0.282518 
     0.0367614     0.280173 
     0.0372801     0.277794 
        0.0375     0.276786 
     0.0380291     0.274484 
     0.0385656     0.272149 
       0.03875     0.271346 
     0.0392967     0.269086 
     0.0398511     0.266795 
          0.04     0.266179 
     0.0405643     0.264012 
     0.0411366     0.261814 
      0.041717     0.259585 
     0.0423055     0.257325 
        0.0425     0.256578 
     0.0430996     0.254485 
     0.0437077     0.252363 
     0.0443243     0.250211 
     0.0449496     0.248029 
         0.045     0.247853 
     0.0456349     0.245831 
     0.0462787     0.243781 
     0.0469316     0.241703 
        0.0475     0.239893 
     0.0481701     0.237939 
     0.0488497     0.235958 
     0.0495389     0.233949 
          0.05     0.232605 
     0.0507054     0.230714 
     0.0514208     0.228797 
     0.0521462     0.226853 
        0.0525     0.225905 
     0.0532407     0.224077 
     0.0539918     0.222222 
     0.0547535     0.220341 
         0.055     0.219733 
     0.0557759     0.217963 
     0.0565628     0.216168 
     0.0573608     0.214348 
        0.0575      0.21403 
     0.0583112     0.212317 
     0.0591339     0.210579 
     0.0599682     0.208816 
          0.06     0.208749 
     0.0608465     0.207087 
     0.0617049     0.205402 
        0.0625     0.203841 
     0.0633818      0.20223 
      0.064276     0.200597 
         0.065     0.199274 
      0.065917     0.197712 
      0.066847     0.196128 
        0.0675     0.195016 
     0.0684523       0.1935 
      0.069418     0.191963 
          0.07     0.191037 
     0.0709876     0.189567 
     0.0719891     0.188077 
     0.0727008     0.187018 
     0.0737265     0.185594 
     0.0747667      0.18415 
     0.0754016     0.183269 
     0.0764654     0.181888 
     0.0775442     0.180488 
     0.0781025     0.179763 
     0.0808033     0.176478 
     0.0808033      0.17676 
          0.09     0.161314 
           0.1     0.149457 
          0.15     0.118624 
           0.2     0.101006 
           0.3    0.0852232 
           0.4    0.0619986 
           0.5    0.0459156 
      0.612757    0.0400517 
           0.8    0.0297857 
      0.912697    0.0275375 
       1.00705    0.0258068 
       1.10776    0.0237134 
           1.2    0.0215942 
           1.4    0.0194707 
           1.6    0.0168302 
       2.02822    0.0145239 
           2.6    0.0117139 
       3.04232    0.0100938 
             4   0.00679281 
             5    0.0042543 
             6   0.00243726 
             7   0.00154061 
             8   0.00111996 
             9   0.00102306 
            10   0.00106944 
       10.1411   0.00106854 
       10.2842   0.00106762 
       10.4292    0.0010667 
       10.5764   0.00106576 
       10.7256    0.0010648 
       10.8769   0.00106384 
            11   0.00106305 
       11.1552   0.00105932 
       11.3126   0.00105554 
       11.4722    0.0010517 
        11.634   0.00104781 
       11.7982   0.00104387 
       11.9646   0.00103987 
            12   0.00103902 
       12.1693   0.00102529 
        12.341   0.00101137 
       12.5151  0.000997249 
       12.6917  0.000982931 
       12.8707  0.000968411 
            13  0.000957927 
       13.1834  0.000938003 
       13.3694  0.000917799 
        13.558  0.000897309 
       13.7493   0.00087653 
       13.9433  0.000855458 
            14  0.000849296 
       14.1975  0.000823983 
       14.3978  0.000798312 
          14.5  0.000785216 
       14.7046  0.000753523 
        14.912  0.000721383 
            15  0.000707753 
       15.2116  0.000671783 
       15.4262  0.000635305 
       15.6439  0.000598313 
       15.8646  0.000560799 
            16   0.00053778 
       16.2257  0.000504504 
       16.4546  0.000470759 
       16.6868  0.000436537 
       16.9222  0.000401833 
            17  0.000390366 
       17.2398  0.000365135 
       17.4831  0.000339547 
       17.7297  0.000313599 
       17.9799  0.000287285 
            18  0.000285165 
       18.2539  0.000267165 
       18.5115  0.000248912 
       18.7726  0.000230401 
            19  0.000214286 
       19.2681  0.000200963 
       19.5399  0.000187452 
       19.8156   0.00017375 
            20  0.000164583 
//
#-------------------------------------------------------------------------------
