#ZVView-data-copy:  10-Jul-2025 09:24:22
#=======================================
#
#name:   ENDF/B-VIII.1: XE-136(N,G)XE-137
#X.axis: Incident Energy
#Y.axis: Cross Section
#wdata:  2
#ldata:  4263
#data...
#            X            Y
#          MeV        barns
         1e-11      13.0816 
   1.10304e-11      12.4557 
   1.21669e-11      11.8596 
   1.34206e-11      11.2922 
   1.48034e-11      10.7518 
   1.63287e-11      10.2373 
   1.80111e-11      9.74748 
   1.98669e-11      9.28107 
   2.19139e-11      8.83697 
   2.41719e-11      8.41412 
   2.66625e-11       8.0115 
   2.94097e-11      7.62815 
     3.244e-11      7.26315 
   3.57825e-11      6.91561 
   3.94694e-11       6.5847 
   4.35362e-11      6.26963 
   4.80221e-11      5.96963 
   5.29701e-11      5.68399 
    5.8428e-11      5.41202 
   6.44483e-11      5.15306 
   7.10888e-11       4.9065 
   7.84136e-11      4.67173 
   8.64931e-11       4.4482 
   9.54051e-11      4.23536 
   1.05235e-10      4.03271 
   1.16078e-10      3.83976 
   1.28039e-10      3.65604 
   1.41231e-10      3.48112 
   1.55784e-10      3.31456 
   1.71835e-10      3.15597 
    1.8954e-10      3.00498 
    2.0907e-10      2.86121 
   2.30612e-10      2.72432 
   2.54374e-10      2.59398 
   2.80584e-10      2.46987 
   3.09494e-10      2.35171 
   3.41383e-10       2.2392 
   3.76558e-10      2.13208 
   4.15358e-10      2.03008 
   4.58155e-10      1.93297 
   5.05362e-10       1.8405 
   5.57433e-10      1.75245 
   6.14869e-10      1.66862 
   6.78223e-10      1.58881 
   7.48105e-10      1.51281 
   8.25188e-10      1.44045 
   9.10213e-10      1.37155 
      1.004e-9      1.30594 
    1.10745e-9      1.24348 
    1.22155e-9      1.18401 
    1.34742e-9      1.12738 
    1.48625e-9      1.07347 
    1.63939e-9      1.02213 
    1.80831e-9     0.973248 
    1.99463e-9     0.926707 
    2.20016e-9     0.882393 
    2.42685e-9       0.8402 
    2.67691e-9     0.800025 
    2.95273e-9     0.761773 
    3.25697e-9     0.725352 
    3.59256e-9     0.690674 
    3.96272e-9     0.657655 
    4.37103e-9     0.626217 
    4.82141e-9     0.596284 
    5.31819e-9     0.567785 
    5.86616e-9     0.540652 
    6.47059e-9      0.51482 
     7.1373e-9     0.490226 
    7.87271e-9     0.466809 
    8.68389e-9     0.444511 
    9.57865e-9     0.423278 
    1.05656e-8     0.403057 
    1.16543e-8     0.383802 
    1.28551e-8     0.365469 
    1.41796e-8     0.348011 
    1.56406e-8     0.331389 
    1.72522e-8     0.315562 
    1.90298e-8     0.300492 
    2.09906e-8     0.286142 
    2.31534e-8     0.272479 
    2.52419e-8      0.26099 
       2.53e-8     0.260691 
    2.79068e-8     0.248247 
    3.07823e-8     0.236399 
     3.3954e-8     0.225117 
    3.74525e-8     0.214375 
    4.13115e-8     0.204146 
    4.55681e-8     0.194407 
    5.02633e-8     0.185134 
    5.54423e-8     0.176304 
    6.11549e-8     0.167897 
    6.74561e-8     0.159892 
    7.44066e-8      0.15227 
    8.20732e-8     0.145013 
    9.05297e-8     0.138103 
    9.98577e-8     0.131523 
    1.10147e-7     0.125258 
    1.21496e-7     0.119292 
    1.34014e-7     0.113612 
    1.47823e-7     0.108204 
    1.63054e-7     0.103054 
    1.79855e-7    0.0981503 
    1.98386e-7    0.0934811 
    2.18827e-7    0.0890351 
    2.41375e-7    0.0848017 
    2.66245e-7    0.0807705 
    2.93678e-7    0.0769321 
    3.23938e-7     0.073277 
    3.57316e-7    0.0697966 
    3.94132e-7    0.0664824 
    4.34743e-7    0.0633266 
    4.79537e-7    0.0603214 
    5.28947e-7    0.0574597 
    5.83448e-7    0.0547346 
    6.43565e-7    0.0521396 
    7.09876e-7    0.0496683 
     7.8302e-7     0.047315 
      8.637e-7    0.0450738 
    9.52693e-7    0.0429395 
    1.05086e-6    0.0409068 
    1.15913e-6     0.038971 
    1.27857e-6    0.0371273 
     1.4103e-6    0.0353714 
    1.55562e-6    0.0336989 
     1.7159e-6    0.0321058 
    1.89271e-6    0.0305883 
    2.08772e-6    0.0291428 
    2.30284e-6    0.0277656 
    2.54012e-6    0.0264536 
    2.80184e-6    0.0252035 
    3.09053e-6    0.0240124 
    3.40897e-6    0.0228776 
    3.76022e-6    0.0217962 
    4.14767e-6    0.0207658 
    4.57503e-6    0.0197839 
    5.04643e-6    0.0188481 
    5.56639e-6    0.0179562 
    6.13994e-6     0.017106 
    6.77258e-6    0.0162955 
     7.4704e-6    0.0155225 
    8.29826e-6    0.0147339 
    9.15328e-6    0.0140328 
    1.00964e-5    0.0133639 
    1.11367e-5    0.0127256 
    1.22842e-5    0.0121164 
    1.35499e-5    0.0115349 
    1.49461e-5    0.0109798 
    1.64861e-5    0.0104497 
    1.81848e-5   0.00994361 
    2.00585e-5   0.00946023 
    2.21252e-5    0.0089984 
    2.44049e-5   0.00855697 
    2.69195e-5   0.00813485 
    2.96932e-5   0.00773108 
    3.27527e-5   0.00734476 
    3.61275e-5   0.00697502 
      3.985e-5   0.00662108 
     4.3956e-5   0.00628216 
    4.84851e-5   0.00595756 
    5.31062e-5   0.00566857 
    5.85781e-5   0.00536983 
    6.46138e-5   0.00508307 
    7.07757e-5   0.00482858 
    7.75213e-5   0.00458358 
    8.49141e-5   0.00434797 
    9.30073e-5   0.00412169 
   0.000101877    0.0039042 
   0.000111587   0.00369546 
   0.000122228   0.00349512 
   0.000133817   0.00330447 
   0.000146578   0.00312081 
   0.000159432   0.00295843 
   0.000174449   0.00279159 
   0.000189225     0.002647 
   0.000205251    0.0025088 
   0.000221087   0.00238807 
   0.000238132   0.00227135 
   0.000257213   0.00215665 
   0.000278998   0.00204069 
   0.000301029    0.0019372 
   0.000326789   0.00183149 
   0.000353568   0.00173558 
   0.000383514   0.00164195 
   0.000415186   0.00155616 
   0.000446084   0.00148296 
   0.000479009   0.00141451 
   0.000514059   0.00135064 
   0.000553021   0.00128867 
   0.000597897   0.00122704 
   0.000645282   0.00117114 
   0.000696405   0.00111941 
   0.000752633   0.00107101 
   0.000814748   0.00102565 
   0.000881897  0.000984274 
    0.00095622  0.000946022 
    0.00103923  0.000910477 
    0.00113596  0.000876543 
    0.00124243  0.000846374 
    0.00136162  0.000819246 
    0.00149598  0.000795087 
    0.00164756  0.000773905 
    0.00180558  0.000757407 
    0.00192491  0.000749462 
    0.00196281  0.000748621 
    0.00201053  0.000750721 
    0.00203938  0.000756116 
    0.00205705  0.000763134 
    0.00206936  0.000771365 
    0.00208105  0.000783802 
    0.00208741  0.000793685 
    0.00209376  0.000807002 
    0.00209904  0.000821901 
    0.00210408  0.000840862 
    0.00210736  0.000856701 
    0.00211072  0.000876931 
    0.00211408   0.00090247 
    0.00211654  0.000925756 
    0.00211899  0.000954196 
    0.00212125  0.000986099 
    0.00212309   0.00101762 
    0.00212493    0.0010554 
    0.00212623   0.00108659 
    0.00212759   0.00112448 
    0.00212895   0.00116873 
    0.00213031   0.00122082 
     0.0021314   0.00126974 
    0.00213264   0.00133468 
    0.00213347   0.00138471 
    0.00213429   0.00144124 
    0.00213503   0.00149808 
    0.00213577   0.00156203 
     0.0021365   0.00163433 
    0.00213724   0.00171649 
    0.00213784   0.00179246 
    0.00213845   0.00187758 
    0.00213905   0.00197339 
    0.00213965   0.00208176 
     0.0021402   0.00219222 
    0.00214074   0.00231683 
    0.00214129   0.00245814 
     0.0021417   0.00257695 
    0.00214205   0.00269117 
    0.00214249   0.00284785 
    0.00214294   0.00302422 
    0.00214327   0.00317146 
     0.0021436   0.00333346 
    0.00214398   0.00354117 
    0.00214436   0.00377499 
    0.00214465   0.00397024 
    0.00214493   0.00418509 
    0.00214521   0.00441362 
    0.00214547   0.00464681 
    0.00214572   0.00490317 
    0.00214598   0.00518591 
    0.00214624   0.00549885 
    0.00214649   0.00584654 
    0.00214676    0.0062478 
    0.00214696   0.00658119 
    0.00214716   0.00694642 
    0.00214735   0.00734777 
    0.00214755   0.00779031 
    0.00214773   0.00823368 
    0.00214791   0.00872147 
    0.00214809   0.00926006 
    0.00214828   0.00985705 
    0.00214846    0.0105217 
    0.00214862    0.0111874 
    0.00214877    0.0118843 
    0.00214893     0.012658 
    0.00214908    0.0135221 
    0.00214923    0.0144946 
    0.00214934    0.0152153 
    0.00214946    0.0161982 
    0.00214959    0.0173139 
    0.00214967    0.0181507 
    0.00214976    0.0190814 
    0.00214984    0.0201288 
     0.0021499    0.0210093 
    0.00214997    0.0219898 
    0.00215003    0.0230537 
    0.00215008    0.0241698 
    0.00215014    0.0254302 
     0.0021502     0.026865 
    0.00215025    0.0285107 
    0.00215029    0.0297468 
    0.00215033    0.0311117 
    0.00215037    0.0326234 
    0.00215041    0.0343018 
    0.00215044    0.0361698 
    0.00215048    0.0382532 
    0.00215052    0.0405813 
    0.00215056    0.0431868 
     0.0021506     0.046107 
    0.00215063    0.0490572 
    0.00215066    0.0519754 
    0.00215069    0.0551828 
    0.00215072    0.0587094 
    0.00215075    0.0625877 
    0.00215078    0.0668535 
    0.00215081    0.0715456 
    0.00215084    0.0767063 
    0.00215088    0.0823817 
    0.00215091    0.0886215 
    0.00215094    0.0954797 
    0.00215097     0.103015 
      0.002151      0.11129 
    0.00215103     0.120373 
    0.00215106     0.130337 
    0.00215109      0.14126 
    0.00215112     0.152382 
    0.00215115     0.163571 
    0.00215117     0.175664 
     0.0021512     0.188726 
    0.00215123     0.202828 
    0.00215125     0.218042 
    0.00215128     0.234443 
     0.0021513     0.252114 
    0.00215133     0.271138 
    0.00215136     0.291605 
    0.00215138     0.313607 
    0.00215141     0.337241 
    0.00215144     0.362609 
    0.00215146     0.389819 
    0.00215149     0.418976 
    0.00215152     0.450198 
    0.00215154     0.481802 
    0.00215158     0.530156 
    0.00215161     0.582967 
    0.00215165     0.640553 
    0.00215169     0.703249 
    0.00215172     0.771393 
    0.00215176     0.845344 
    0.00215179      0.92546 
    0.00215183      1.01211 
    0.00215186      1.10567 
     0.0021519      1.20651 
    0.00215193       1.2982 
    0.00215197       1.4174 
      0.002152      1.54553 
    0.00215204        1.683 
    0.00215208       1.8302 
    0.00215211      1.98752 
    0.00215215      2.15533 
    0.00215219      2.33396 
    0.00215222      2.51492 
    0.00215227      2.79166 
    0.00215232      3.09029 
    0.00215237       3.4113 
    0.00215242        3.755 
    0.00215247      4.12154 
    0.00215253      4.56502 
    0.00215259      5.03734 
    0.00215265      5.53762 
     0.0021527      6.06454 
    0.00215277      6.74614 
    0.00215287      7.70575 
    0.00215299      9.09956 
    0.00215325      11.9726 
    0.00215337      13.1481 
    0.00215346      14.0566 
    0.00215354      14.7407 
    0.00215361      15.2773 
    0.00215369       15.824 
    0.00215376      16.1959 
    0.00215384      16.5136 
    0.00215392      16.7062 
      0.002154      16.7737 
      0.002154      16.7737 
    0.00215408       16.713 
    0.00215415      16.5326 
    0.00215423      16.2496 
     0.0021543       15.857 
    0.00215437      15.4581 
    0.00215443       14.973 
    0.00215451      14.3412 
     0.0021546      13.5211 
     0.0021547      12.4747 
    0.00215485      10.7739 
    0.00215506      8.52738 
    0.00215515      7.52257 
    0.00215522      6.80048 
     0.0021553      6.03375 
    0.00215535      5.54877 
    0.00215541      5.08639 
    0.00215546      4.61429 
    0.00215552      4.13947 
    0.00215557      3.80516 
    0.00215561      3.48965 
    0.00215566      3.19284 
    0.00215571      2.87291 
    0.00215575      2.66005 
    0.00215579      2.45921 
    0.00215583       2.2701 
    0.00215586      2.09241 
     0.0021559       1.9258 
    0.00215594      1.76989 
    0.00215598       1.6243 
    0.00215602      1.47448 
    0.00215605      1.36974 
    0.00215608      1.27128 
    0.00215611      1.17883 
    0.00215614      1.09214 
    0.00215617      1.01097 
     0.0021562     0.935052 
    0.00215624     0.864148 
    0.00215627     0.798008 
     0.0021563     0.736387 
    0.00215633     0.670977 
    0.00215636     0.627804 
    0.00215638     0.587168 
    0.00215641     0.548953 
    0.00215643      0.51304 
    0.00215646      0.47932 
    0.00215649     0.447682 
    0.00215651      0.41802 
    0.00215654     0.390231 
    0.00215656     0.364218 
    0.00215659     0.339884 
    0.00215661     0.317137 
    0.00215664     0.295888 
    0.00215666     0.276054 
    0.00215669     0.257551 
    0.00215671     0.240303 
    0.00215674     0.221538 
    0.00215677     0.204287 
     0.0021568     0.188442 
    0.00215683     0.173898 
    0.00215686      0.16056 
    0.00215689     0.148337 
    0.00215692     0.137143 
    0.00215695     0.126899 
    0.00215698      0.11753 
    0.00215701     0.108966 
    0.00215704     0.101142 
    0.00215707     0.093997 
     0.0021571    0.0874753 
    0.00215713    0.0815243 
    0.00215716    0.0760957 
    0.00215719    0.0711447 
    0.00215722    0.0662037 
    0.00215726    0.0617393 
    0.00215729    0.0577052 
    0.00215732    0.0540594 
    0.00215735    0.0507632 
    0.00215739     0.047782 
    0.00215742     0.045084 
    0.00215745    0.0426405 
    0.00215749    0.0404255 
    0.00215752    0.0384156 
    0.00215755    0.0365894 
    0.00215758    0.0349281 
    0.00215762    0.0334143 
    0.00215767     0.031387 
    0.00215771    0.0296118 
    0.00215776    0.0282553 
     0.0021578    0.0270358 
    0.00215784    0.0259352 
     0.0021579    0.0244734 
    0.00215797    0.0231999 
    0.00215803    0.0220795 
     0.0021581     0.021084 
    0.00215818    0.0199135 
    0.00215826    0.0188855 
    0.00215835    0.0179705 
    0.00215844    0.0171008 
    0.00215853    0.0162724 
    0.00215863    0.0155195 
    0.00215877    0.0145057 
    0.00215891    0.0136056 
    0.00215905    0.0127989 
     0.0021592    0.0120348 
    0.00215937    0.0112803 
    0.00215953    0.0106022 
    0.00215969      0.00999 
    0.00215986   0.00943493 
    0.00216002   0.00892986 
    0.00216022   0.00836697 
    0.00216043   0.00786157 
    0.00216063   0.00740589 
    0.00216083   0.00699345 
    0.00216103   0.00661884 
    0.00216125     0.006254 
    0.00216147     0.005912 
     0.0021617   0.00560129 
    0.00216192   0.00531813 
    0.00216214   0.00505929 
    0.00216239   0.00480539 
    0.00216266   0.00454328 
    0.00216293   0.00430593 
    0.00216321    0.0040903 
    0.00216357   0.00383214 
    0.00216386     0.003648 
    0.00216418    0.0034623 
     0.0021645    0.0032939 
    0.00216482   0.00314071 
    0.00216525   0.00295705 
     0.0021657   0.00278608 
    0.00216617    0.0026274 
    0.00216664   0.00248648 
    0.00216711   0.00236077 
    0.00216765   0.00223268 
    0.00216826   0.00210564 
    0.00216887   0.00199408 
    0.00216948   0.00189558 
    0.00217012   0.00180339 
     0.0021708   0.00171751 
    0.00217148   0.00164154 
    0.00217216   0.00157401 
    0.00217289   0.00150926 
    0.00217367   0.00144773 
    0.00217446    0.0013932 
    0.00217564   0.00132233 
    0.00217661   0.00127223 
    0.00217758   0.00122819 
    0.00217903   0.00117149 
    0.00218059   0.00112074 
     0.0021822   0.00107689 
    0.00218381   0.00103997 
    0.00218577   0.00100228 
    0.00218774  0.000970974 
     0.0021899    0.0009423 
    0.00219246  0.000914302 
    0.00219503  0.000891387 
    0.00219762  0.000872168 
    0.00220111  0.000851163 
    0.00220482   0.00083329 
    0.00221072  0.000811726 
    0.00221634  0.000796492 
    0.00222499  0.000779598 
    0.00223581  0.000765338 
     0.0022486  0.000754109 
    0.00226865  0.000743059 
    0.00229721  0.000733907 
    0.00234525  0.000725502 
    0.00244159  0.000716736 
    0.00265123  0.000706327 
    0.00303381  0.000694658 
    0.00358539  0.000684313 
    0.00437878  0.000675828 
    0.00564547  0.000669105 
    0.00792165  0.000664396 
     0.0124596  0.000662257 
     0.0154337  0.000664069 
     0.0164372  0.000668053 
     0.0169347  0.000673851 
     0.0172311  0.000681432 
     0.0174278  0.000690795 
     0.0175695  0.000702118 
     0.0176711  0.000714667 
     0.0177554  0.000729984 
     0.0178144  0.000744911 
     0.0178651  0.000761959 
     0.0179108  0.000782137 
      0.017945  0.000801491 
     0.0179775  0.000824481 
      0.017999  0.000842892 
     0.0180226  0.000866896 
     0.0180461  0.000895959 
     0.0180684  0.000929381 
     0.0180845  0.000958312 
     0.0181016  0.000994349 
     0.0181187   0.00103733 
     0.0181353   0.00108745 
     0.0181462   0.00112594 
     0.0181568   0.00116864 
     0.0181674   0.00121748 
      0.018178    0.0012737 
     0.0181886   0.00133887 
     0.0181979   0.00140475 
     0.0182071   0.00148067 
     0.0182141    0.0015455 
      0.018221   0.00161832 
     0.0182283   0.00170419 
     0.0182361   0.00181067 
     0.0182413   0.00189094 
     0.0182466   0.00197989 
     0.0182516   0.00207449 
     0.0182566    0.0021796 
     0.0182616   0.00229684 
     0.0182666   0.00242814 
     0.0182716   0.00257583 
     0.0182766   0.00274275 
     0.0182804   0.00288262 
     0.0182841   0.00303701 
     0.0182877   0.00320049 
      0.018291   0.00336486 
     0.0182943   0.00354551 
     0.0182976   0.00374454 
     0.0183009   0.00396492 
     0.0183041   0.00420986 
     0.0183075   0.00448566 
     0.0183108   0.00479467 
     0.0183133   0.00505152 
     0.0183157   0.00533279 
     0.0183187   0.00569697 
     0.0183212   0.00604512 
     0.0183237   0.00643038 
     0.0183262   0.00685808 
     0.0183287   0.00733456 
     0.0183312   0.00786742 
      0.018333   0.00830949 
     0.0183349    0.0087929 
     0.0183368   0.00932288 
     0.0183387   0.00990549 
     0.0183406    0.0105478 
     0.0183424    0.0112581 
     0.0183443    0.0120461 
     0.0183462    0.0129233 
     0.0183481    0.0139032 
     0.0183499    0.0150021 
     0.0183512    0.0158103 
     0.0183524    0.0166865 
     0.0183537    0.0176384 
      0.018355    0.0186744 
     0.0183562    0.0198044 
     0.0183575    0.0210394 
     0.0183586    0.0222511 
     0.0183597    0.0235688 
     0.0183608    0.0250048 
      0.018362    0.0265727 
     0.0183631    0.0282881 
     0.0183641    0.0299508 
     0.0183653    0.0322337 
     0.0183663     0.034112 
     0.0183672    0.0361487 
     0.0183682    0.0383601 
     0.0183691     0.040764 
       0.01837      0.04338 
      0.018371    0.0462296 
     0.0183719    0.0493362 
     0.0183729    0.0527247 
     0.0183738    0.0564218 
     0.0183747    0.0604554 
     0.0183757    0.0648536 
     0.0183766    0.0696439 
     0.0183775    0.0748518 
     0.0183785    0.0804985 
     0.0183794    0.0865978 
     0.0183804    0.0931527 
     0.0183816     0.102577 
     0.0183829     0.112698 
     0.0183852     0.133125 
      0.018387     0.148026 
     0.0183883     0.158191 
     0.0183892     0.164106 
     0.0183901     0.169091 
     0.0183908     0.172385 
     0.0183917     0.175179 
     0.0183925     0.176639 
      0.018393     0.176849 
     0.0183939     0.176092 
     0.0183948     0.173745 
     0.0183958      0.16992 
     0.0183966     0.165135 
     0.0183975     0.159382 
     0.0183988     0.149387 
     0.0184006     0.134584 
     0.0184028     0.115686 
     0.0184043     0.102925 
     0.0184056     0.093479 
     0.0184065    0.0869063 
     0.0184075    0.0807888 
     0.0184084     0.075124 
     0.0184093    0.0698985 
     0.0184103    0.0650913 
     0.0184112    0.0606773 
     0.0184122    0.0566289 
     0.0184131    0.0529179 
      0.018414    0.0495166 
      0.018415    0.0463983 
     0.0184159    0.0435379 
     0.0184168     0.040912 
     0.0184178     0.038499 
     0.0184187    0.0362792 
     0.0184197    0.0342348 
     0.0184203    0.0329612 
     0.0184215    0.0306087 
     0.0184228    0.0284898 
     0.0184241    0.0264861 
     0.0184254    0.0246815 
     0.0184267    0.0230517 
      0.018428    0.0215758 
     0.0184294    0.0202355 
     0.0184304    0.0192393 
     0.0184317    0.0181584 
     0.0184329    0.0171663 
     0.0184342    0.0162539 
     0.0184354    0.0154132 
     0.0184367     0.014637 
     0.0184386    0.0135803 
     0.0184404    0.0126366 
     0.0184423    0.0117908 
     0.0184442    0.0110301 
     0.0184461    0.0103435 
     0.0184479   0.00972194 
     0.0184498   0.00915756 
     0.0184517   0.00864366 
     0.0184536   0.00817446 
     0.0184548   0.00788402 
     0.0184573   0.00735095 
     0.0184598   0.00687424 
     0.0184625   0.00641346 
     0.0184652   0.00600175 
      0.018468   0.00563256 
     0.0184707   0.00530013 
     0.0184731    0.0050265 
     0.0184756   0.00477615 
     0.0184788   0.00447443 
     0.0184821   0.00420462 
     0.0184849    0.0039951 
     0.0184884   0.00375785 
      0.018492   0.00354485 
     0.0184955   0.00335284 
      0.018499   0.00317929 
     0.0185025   0.00302196 
     0.0185063   0.00286981 
       0.01851   0.00273187 
      0.018515   0.00256715 
       0.01852   0.00242129 
      0.018525   0.00229152 
     0.0185301   0.00217558 
     0.0185351   0.00207156 
     0.0185401   0.00197789 
      0.018545   0.00189426 
     0.0185523   0.00178422 
     0.0185597   0.00168822 
     0.0185672   0.00160158 
     0.0185749   0.00152438 
     0.0185826   0.00145631 
     0.0185904     0.001395 
     0.0185982   0.00134052 
     0.0186081   0.00127966 
     0.0186175   0.00122911 
     0.0186269   0.00118452 
      0.018641   0.00112687 
     0.0186552   0.00107825 
     0.0186696   0.00103605 
     0.0186842  0.000999572 
     0.0186988  0.000968173 
     0.0187182  0.000932681 
     0.0187377  0.000903017 
     0.0187565  0.000878691 
     0.0187848  0.000848545 
      0.018813  0.000824261 
     0.0188431  0.000803265 
     0.0188787  0.000783269 
     0.0189274  0.000762107 
     0.0189784  0.000745328 
     0.0190412  0.000729838 
      0.019125  0.000715045 
     0.0192302  0.000702374 
     0.0193695  0.000691461 
     0.0195617  0.000682294 
     0.0198573  0.000674575 
     0.0203437  0.000668633 
     0.0213291  0.000664305 
     0.0242469  0.000661744 
     0.0273048  0.000661415 
     0.0327061  0.000663134 
     0.0339193   0.00066652 
     0.0344258  0.000671559 
     0.0346974  0.000678157 
     0.0348683  0.000686357 
      0.034984  0.000695968 
     0.0350733  0.000707828 
     0.0351336  0.000719698 
     0.0351808  0.000732554 
      0.035224   0.00074845 
     0.0352545  0.000763139 
     0.0352844  0.000781429 
     0.0353131  0.000804173 
     0.0353344   0.00082546 
     0.0353556  0.000851907 
       0.03537  0.000873634 
     0.0353844  0.000899312 
      0.035399  0.000930501 
     0.0354137  0.000968264 
     0.0354266   0.00100885 
     0.0354364   0.00104481 
     0.0354467   0.00108944 
     0.0354573   0.00114402 
     0.0354644   0.00118642 
     0.0354708   0.00123004 
     0.0354766   0.00127413 
     0.0354824   0.00132358 
     0.0354882   0.00137928 
     0.0354938   0.00143905 
      0.035499   0.00150292 
     0.0355042     0.001575 
     0.0355095   0.00165673 
     0.0355142    0.0017406 
     0.0355184   0.00182507 
     0.0355227   0.00191987 
     0.0355269   0.00202675 
     0.0355309   0.00213821 
     0.0355345   0.00225309 
     0.0355381    0.0023819 
     0.0355417   0.00252703 
     0.0355451    0.0026811 
     0.0355483   0.00284355 
     0.0355514   0.00302642 
     0.0355538   0.00317909 
     0.0355562   0.00334704 
     0.0355585   0.00352174 
     0.0355607   0.00371408 
      0.035563   0.00392649 
     0.0355652   0.00416188 
     0.0355675   0.00442369 
     0.0355697   0.00471601 
      0.035572   0.00504378 
     0.0355743   0.00541297 
     0.0355758   0.00568563 
     0.0355773   0.00598244 
     0.0355788   0.00630631 
     0.0355803   0.00666062 
     0.0355817   0.00703914 
     0.0355832   0.00745461 
     0.0355847   0.00791205 
     0.0355861   0.00841736 
     0.0355876   0.00897746 
     0.0355888   0.00950025 
       0.03559    0.0100195 
     0.0355911     0.010586 
     0.0355922    0.0112054 
     0.0355934    0.0118847 
     0.0355941    0.0123747 
     0.0355953    0.0132281 
     0.0355965    0.0141783 
     0.0355974    0.0149634 
     0.0355983    0.0158189 
     0.0355992    0.0167534 
     0.0356001     0.017777 
      0.035601    0.0189011 
     0.0356019    0.0201394 
     0.0356028    0.0215078 
     0.0356037     0.023025 
     0.0356046     0.024713 
     0.0356055    0.0265982 
     0.0356064    0.0287119 
      0.035607    0.0302663 
     0.0356076    0.0319517 
     0.0356082     0.033783 
     0.0356088     0.035673 
     0.0356094    0.0376134 
     0.0356099    0.0397156 
     0.0356104    0.0419968 
      0.035611    0.0444767 
     0.0356115     0.047177 
     0.0356121    0.0501223 
     0.0356126    0.0533397 
     0.0356132    0.0570643 
     0.0356138    0.0613919 
     0.0356144     0.066186 
      0.035615    0.0715015 
     0.0356154    0.0758651 
     0.0356159    0.0805803 
     0.0356163    0.0856734 
     0.0356168    0.0911703 
     0.0356172    0.0970964 
     0.0356177     0.103476 
     0.0356181     0.110329 
     0.0356186     0.117674 
     0.0356192     0.128253 
     0.0356198     0.139737 
     0.0356204     0.152108 
      0.035621     0.165316 
     0.0356219      0.18648 
     0.0356232     0.219394 
     0.0356243     0.246357 
      0.035625     0.263358 
     0.0356257      0.27885 
     0.0356263     0.289096 
     0.0356268     0.297879 
     0.0356274     0.304971 
     0.0356279     0.310181 
     0.0356284     0.313306 
      0.035629     0.314427 
     0.0356295     0.313515 
     0.0356299     0.311199 
     0.0356304      0.30751 
     0.0356308     0.302518 
     0.0356314     0.293632 
      0.035632     0.283221 
     0.0356326     0.271268 
     0.0356334     0.253515 
     0.0356345     0.226897 
      0.035636     0.189341 
     0.0356369     0.167996 
     0.0356375     0.154637 
     0.0356381     0.142098 
     0.0356387      0.13044 
     0.0356393     0.119686 
     0.0356399      0.10983 
     0.0356403     0.103013 
     0.0356408    0.0966679 
     0.0356412    0.0907742 
     0.0356417    0.0853079 
     0.0356421    0.0802435 
     0.0356426    0.0755548 
      0.035643    0.0712158 
     0.0356435    0.0672009 
      0.035644     0.062776 
     0.0356445    0.0591718 
      0.035645    0.0558496 
     0.0356455    0.0527846 
      0.035646    0.0499541 
     0.0356464    0.0473372 
     0.0356469    0.0449147 
     0.0356476    0.0416082 
     0.0356482      0.03912 
     0.0356489    0.0368465 
     0.0356495    0.0347649 
     0.0356501     0.032855 
     0.0356507    0.0310988 
     0.0356513    0.0294809 
     0.0356519    0.0279873 
     0.0356528    0.0259538 
     0.0356537    0.0241377 
     0.0356546    0.0225095 
     0.0356555    0.0210442 
     0.0356564    0.0197212 
     0.0356573    0.0185225 
     0.0356582    0.0174333 
     0.0356591    0.0164406 
       0.03566    0.0155334 
     0.0356609    0.0147022 
     0.0356621    0.0136981 
     0.0356632    0.0128918 
     0.0356642     0.012158 
     0.0356653    0.0114883 
     0.0356664    0.0108755 
     0.0356678    0.0101362 
     0.0356689   0.00960776 
     0.0356701   0.00912236 
     0.0356716   0.00853436 
     0.0356731   0.00800567 
     0.0356745   0.00753994 
      0.035676   0.00712752 
     0.0356774   0.00675112 
     0.0356788   0.00640662 
     0.0356802   0.00609053 
     0.0356824    0.0056631 
     0.0356845   0.00528421 
     0.0356868   0.00493566 
      0.035689   0.00462015 
     0.0356913   0.00433834 
     0.0356935   0.00408561 
     0.0356958    0.0038581 
     0.0356982   0.00363846 
     0.0357009   0.00341558 
     0.0357037   0.00321687 
     0.0357064   0.00303891 
     0.0357092    0.0028789 
     0.0357119   0.00273451 
      0.035715   0.00258906 
     0.0357181   0.00245841 
     0.0357211   0.00234063 
     0.0357242   0.00223407 
     0.0357283   0.00210709 
     0.0357317   0.00201321 
     0.0357351   0.00192818 
     0.0357396   0.00182676 
     0.0357441   0.00173706 
     0.0357489   0.00165297 
      0.035754   0.00157454 
      0.035759   0.00150509 
     0.0357641   0.00144328 
     0.0357695   0.00138394 
     0.0357754   0.00132751 
     0.0357812   0.00127745 
       0.03579   0.00121234 
     0.0357972   0.00116628 
     0.0358044   0.00112577 
     0.0358152   0.00107357 
     0.0358258   0.00103045 
     0.0358363   0.00099409 
     0.0358469  0.000962882 
     0.0358605  0.000928542 
     0.0358742  0.000899772 
     0.0358878  0.000875431 
     0.0359087  0.000844816 
     0.0359305  0.000819424 
     0.0359532  0.000798276 
     0.0359766  0.000780636 
     0.0360054  0.000763254 
     0.0360444  0.000745246 
     0.0360844   0.00073139 
      0.036132  0.000719018 
     0.0361992   0.00070653 
      0.036284  0.000695925 
      0.036412  0.000685991 
     0.0365941  0.000678103 
     0.0368966  0.000671801 
     0.0374668  0.000667461 
     0.0386623  0.000665755 
     0.0407926  0.000668383 
     0.0421854  0.000674157 
     0.0430291  0.000681826 
     0.0436021  0.000691458 
     0.0440033  0.000702647 
     0.0443184   0.00071622 
     0.0445476  0.000730627 
     0.0447482   0.00074827 
     0.0449087  0.000767558 
     0.0450462  0.000789521 
     0.0451608  0.000813298 
     0.0452525   0.00083726 
     0.0453212  0.000859024 
       0.04539  0.000884939 
     0.0454588  0.000916089 
     0.0455275  0.000953931 
     0.0455734  0.000983803 
     0.0456192   0.00101829 
     0.0456593   0.00105289 
     0.0457109   0.00110488 
     0.0457453   0.00114512 
     0.0457797   0.00119068 
      0.045814   0.00124245 
     0.0458484   0.00130148 
     0.0458828   0.00136904 
     0.0459172    0.0014466 
      0.045943   0.00151238 
     0.0459688   0.00158558 
     0.0459945   0.00166709 
     0.0460203    0.0017579 
     0.0460461   0.00185905 
     0.0460719   0.00197152 
     0.0460977   0.00209622 
     0.0461235   0.00223387 
     0.0461493   0.00238481 
     0.0461751   0.00254868 
     0.0462037   0.00274481 
     0.0462839    0.0033234 
     0.0463097   0.00349479 
     0.0463355   0.00364196 
     0.0463527   0.00372119 
     0.0463681   0.00377646 
     0.0463834   0.00381532 
     0.0464018   0.00383799 
     0.0464079   0.00383952 
     0.0464202    0.0038335 
     0.0464387   0.00380172 
     0.0464573    0.0037446 
     0.0464766   0.00366102 
      0.046496   0.00355705 
     0.0465217   0.00339432 
     0.0465647   0.00308942 
     0.0466106   0.00275838 
     0.0466449    0.0025249 
     0.0466707   0.00236349 
     0.0466965   0.00221505 
     0.0467223   0.00207978 
     0.0467481   0.00195731 
     0.0467739   0.00184691 
     0.0467997   0.00174763 
     0.0468254   0.00165845 
     0.0468512   0.00157837 
      0.046877   0.00150646 
     0.0469028    0.0014418 
     0.0469372   0.00136549 
     0.0469716   0.00129897 
      0.047006    0.0012408 
     0.0470403   0.00118974 
     0.0470747   0.00114476 
     0.0471091   0.00110501 
     0.0471607   0.00105361 
     0.0472065   0.00101478 
     0.0472524  0.000981221 
     0.0472982  0.000952076 
      0.047367  0.000915101 
     0.0474357  0.000884593 
     0.0475045  0.000859158 
     0.0475962  0.000831368 
     0.0476879  0.000808956 
     0.0478025  0.000786578 
       0.04794  0.000765766 
     0.0481004   0.00074736 
     0.0482867   0.00073144 
     0.0485159  0.000717188 
     0.0488311   0.00070368 
     0.0492322  0.000692466 
     0.0498052  0.000682726 
     0.0506716  0.000674712 
     0.0521043  0.000668567 
     0.0547856  0.000664567 
     0.0560672  0.000664102 
     0.0575967   0.00066595 
     0.0581286  0.000670113 
     0.0583854   0.00067587 
     0.0585391  0.000683138 
     0.0586363  0.000691267 
     0.0587151   0.00070196 
      0.058771  0.000713598 
     0.0588076   0.00072423 
     0.0588445  0.000738677 
     0.0588725  0.000753326 
     0.0589009  0.000772869 
      0.058926  0.000795983 
     0.0589436  0.000816664 
     0.0589618   0.00084381 
     0.0589747  0.000867484 
      0.058986  0.000892112 
     0.0589972  0.000921465 
     0.0590077  0.000954303 
     0.0590179  0.000992289 
      0.059028   0.00103818 
     0.0590362   0.00108281 
     0.0590444   0.00113589 
     0.0590499   0.00117706 
      0.059057   0.00123896 
     0.0590618   0.00128664 
     0.0590665   0.00134049 
      0.059071   0.00139825 
     0.0590752   0.00145989 
     0.0590795   0.00152962 
     0.0590837    0.0016089 
     0.0590874   0.00168753 
     0.0590906   0.00176299 
     0.0590938   0.00184713 
      0.059097   0.00194132 
     0.0591001   0.00204599 
     0.0591032   0.00216268 
     0.0591063   0.00229481 
     0.0591087   0.00240573 
      0.059111   0.00252837 
     0.0591133   0.00265965 
     0.0591155   0.00280533 
     0.0591178   0.00296759 
       0.05912   0.00314905 
     0.0591223   0.00335288 
     0.0591245   0.00357478 
     0.0591266   0.00382078 
     0.0591288   0.00409942 
     0.0591302   0.00430623 
     0.0591316   0.00453236 
     0.0591331   0.00478029 
     0.0591345   0.00505297 
      0.059136   0.00537049 
     0.0591375   0.00572397 
      0.059139   0.00611908 
     0.0591401    0.0064468 
     0.0591412   0.00678522 
     0.0591426   0.00727011 
     0.0591436    0.0076729 
     0.0591446   0.00811398 
     0.0591457   0.00859838 
     0.0591466   0.00908348 
     0.0591475   0.00958842 
     0.0591484    0.0101406 
     0.0591493    0.0107461 
     0.0591502    0.0114121 
     0.0591511    0.0121468 
      0.059152    0.0129603 
     0.0591529     0.013864 
     0.0591539    0.0148718 
     0.0591548        0.016 
     0.0591554    0.0168287 
      0.059156    0.0177263 
     0.0591566    0.0187004 
     0.0591572    0.0197597 
     0.0591578    0.0209138 
     0.0591584    0.0221736 
      0.059159    0.0235514 
     0.0591596    0.0250607 
     0.0591602    0.0267168 
     0.0591607    0.0282996 
     0.0591614    0.0305387 
     0.0591621    0.0330341 
     0.0591627    0.0358167 
     0.0591632    0.0378477 
     0.0591636    0.0400312 
     0.0591641    0.0423776 
     0.0591647    0.0457772 
     0.0591653    0.0495085 
     0.0591659    0.0535936 
     0.0591665    0.0580516 
     0.0591671    0.0628973 
     0.0591677    0.0681394 
     0.0591683     0.073779 
     0.0591689    0.0798074 
     0.0591695    0.0862044 
     0.0591704    0.0964148 
     0.0591716     0.110887 
     0.0591734     0.133073 
     0.0591744     0.144909 
     0.0591751     0.152502 
     0.0591759     0.159206 
     0.0591766     0.164807 
     0.0591771     0.168038 
     0.0591776     0.170547 
     0.0591781     0.172286 
     0.0591788     0.173345 
      0.059179     0.173394 
     0.0591795     0.172954 
       0.05918     0.171886 
     0.0591807     0.169141 
     0.0591814     0.165099 
      0.059182     0.159889 
     0.0591827     0.153667 
     0.0591834     0.146856 
     0.0591844     0.135563 
     0.0591872     0.101371 
     0.0591881    0.0908667 
     0.0591887    0.0842322 
     0.0591893    0.0779447 
     0.0591899    0.0720332 
     0.0591905    0.0665141 
     0.0591911     0.061393 
     0.0591917    0.0566664 
     0.0591923    0.0523234 
     0.0591929    0.0481585 
     0.0591934     0.045155 
     0.0591939    0.0423744 
     0.0591944    0.0398033 
     0.0591949    0.0374279 
     0.0591955    0.0347914 
     0.0591961    0.0326274 
     0.0591966     0.030644 
     0.0591971    0.0288253 
     0.0591977    0.0271565 
     0.0591982    0.0256239 
     0.0591988    0.0242147 
     0.0591993    0.0229175 
     0.0591999     0.021658 
     0.0592005    0.0204421 
     0.0592011    0.0193273 
     0.0592017    0.0183032 
     0.0592023    0.0173608 
     0.0592029    0.0164917 
     0.0592038      0.01531 
     0.0592047    0.0142562 
     0.0592056    0.0133127 
     0.0592065    0.0124647 
     0.0592074    0.0116997 
     0.0592083    0.0110073 
     0.0592092    0.0103785 
     0.0592101   0.00980583 
      0.059211   0.00928266 
     0.0592116   0.00895863 
     0.0592128   0.00836344 
      0.059214    0.0078305 
     0.0592152   0.00736704 
     0.0592163    0.0069474 
     0.0592175   0.00656619 
     0.0592187   0.00621884 
     0.0592198   0.00590144 
     0.0592212   0.00556231 
     0.0592227   0.00523357 
     0.0592241   0.00493701 
     0.0592256   0.00466852 
     0.0592271   0.00442466 
     0.0592288    0.0041647 
     0.0592303      0.00396 
     0.0592318   0.00377278 
      0.059234   0.00352055 
     0.0592363   0.00329786 
     0.0592386   0.00310029 
     0.0592408   0.00292418 
     0.0592431   0.00276653 
     0.0592453   0.00262485 
     0.0592476   0.00249705 
     0.0592491   0.00241868 
     0.0592521   0.00227632 
     0.0592552   0.00214811 
     0.0592582   0.00203459 
     0.0592613   0.00193361 
     0.0592644   0.00184339 
     0.0592675   0.00176245 
     0.0592706   0.00168764 
     0.0592749    0.0015981 
     0.0592792   0.00151981 
     0.0592834   0.00145095 
     0.0592878   0.00138835 
     0.0592923    0.0013314 
     0.0592969   0.00128089 
     0.0593037   0.00121524 
     0.0593092    0.0011688 
     0.0593148   0.00112798 
     0.0593232   0.00107541 
     0.0593322   0.00102835 
     0.0593414  0.000987686 
     0.0593507  0.000953451 
      0.059362  0.000918512 
     0.0593733  0.000889502 
     0.0593853  0.000863857 
     0.0593986  0.000840168 
     0.0594164  0.000814556 
     0.0594339  0.000794295 
       0.05946  0.000770909 
     0.0594856   0.00075351 
     0.0595208  0.000735632 
     0.0595554  0.000722734 
     0.0595944  0.000711879 
     0.0596535  0.000700255 
     0.0597408  0.000689315 
     0.0598612   0.00068054 
      0.060053  0.000673298 
     0.0603893  0.000667877 
     0.0611375    0.0006642 
     0.0630737  0.000662728 
      0.065273  0.000664682 
     0.0660516    0.0006687 
     0.0664536  0.000674573 
     0.0666976  0.000682351 
     0.0668441  0.000690818 
     0.0669629  0.000702063 
      0.067042  0.000713521 
     0.0671014  0.000725596 
     0.0671588  0.000741751 
     0.0671971   0.00075615 
     0.0672349  0.000774495 
     0.0672624  0.000791435 
     0.0672891  0.000811736 
     0.0673182  0.000839813 
     0.0673371  0.000862436 
     0.0673554  0.000888821 
     0.0673741  0.000921298 
     0.0673883  0.000950917 
     0.0674025  0.000985877 
     0.0674154   0.00102346 
     0.0674283   0.00106795 
      0.067441    0.0011204 
     0.0674493   0.00116008 
     0.0674576   0.00120513 
     0.0674658   0.00125655 
      0.067474   0.00131506 
     0.0674822   0.00138199 
     0.0674883   0.00143914 
     0.0674944   0.00150335 
     0.0675005   0.00157583 
     0.0675057   0.00164645 
     0.0675106   0.00171913 
     0.0675155    0.0018001 
     0.0675204   0.00189063 
     0.0675253    0.0019923 
     0.0675285   0.00206726 
     0.0675328   0.00217674 
     0.0675371   0.00229946 
     0.0675414   0.00243762 
     0.0675458   0.00259383 
      0.067549   0.00272566 
     0.0675523   0.00287135 
     0.0675555    0.0030329 
     0.0675588   0.00321267 
      0.067562   0.00341345 
     0.0675653   0.00363861 
     0.0675677   0.00382588 
     0.0675702   0.00403115 
     0.0675726   0.00425676 
      0.067575   0.00450545 
     0.0675775    0.0047804 
     0.0675799   0.00508537 
     0.0675824    0.0054248 
     0.0675848   0.00580395 
     0.0675872   0.00622907 
     0.0675897   0.00670766 
     0.0675913    0.0070608 
     0.0675929   0.00744478 
     0.0675946   0.00786313 
     0.0675962   0.00831991 
     0.0675978   0.00881973 
     0.0675993   0.00931073 
     0.0676007    0.0098453 
     0.0676022    0.0104284 
     0.0676037    0.0110657 
     0.0676051    0.0117636 
     0.0676064    0.0124406 
     0.0676081    0.0133709 
     0.0676093    0.0141369 
     0.0676105    0.0149679 
     0.0676117    0.0158704 
     0.0676129    0.0168514 
     0.0676142    0.0179188 
     0.0676154    0.0190807 
     0.0676166    0.0203459 
     0.0676178    0.0217236 
      0.067619     0.023223 
     0.0676202    0.0248535 
     0.0676215    0.0266236 
     0.0676227    0.0285409 
     0.0676239    0.0306112 
     0.0676251    0.0328372 
     0.0676268     0.036045 
     0.0676284    0.0395098 
       0.06763     0.043192 
     0.0676351    0.0550931 
     0.0676368     0.058809 
     0.0676379    0.0610361 
      0.067639     0.062993 
     0.0676402    0.0646229 
     0.0676411    0.0656906 
     0.0676422    0.0665916 
     0.0676434    0.0670617 
      0.067644    0.0671304 
     0.0676449    0.0669787 
     0.0676459    0.0665138 
     0.0676468    0.0657466 
     0.0676478    0.0646944 
     0.0676488    0.0632326 
     0.0676499    0.0613167 
     0.0676517    0.0579399 
     0.0676534    0.0541398 
     0.0676581    0.0427956 
     0.0676598    0.0391341 
     0.0676614    0.0356955 
      0.067663    0.0325166 
     0.0676643    0.0303128 
     0.0676655    0.0282646 
     0.0676667    0.0263686 
     0.0676679    0.0246189 
     0.0676691    0.0230075 
     0.0676704    0.0215259 
     0.0676716    0.0201648 
     0.0676728    0.0189147 
      0.067674    0.0177667 
     0.0676752     0.016712 
     0.0676764    0.0157425 
     0.0676777    0.0148505 
     0.0676789     0.014029 
     0.0676801    0.0132717 
     0.0676817    0.0123518 
     0.0676834    0.0115232 
     0.0676852    0.0106869 
      0.067687   0.00993917 
     0.0676889   0.00926871 
     0.0676907   0.00866567 
     0.0676925   0.00812168 
     0.0676939   0.00773477 
     0.0676956   0.00732724 
     0.0676972   0.00695296 
     0.0676988   0.00660854 
     0.0677013   0.00614142 
     0.0677037   0.00572614 
     0.0677061   0.00535547 
     0.0677086   0.00502338 
      0.067711   0.00472478 
     0.0677135   0.00445539 
     0.0677159   0.00421158 
     0.0677183   0.00399025 
     0.0677208   0.00378876 
      0.067724   0.00354708 
     0.0677273   0.00333211 
     0.0677305   0.00314009 
      0.067734    0.0029547 
     0.0677378   0.00277752 
     0.0677416   0.00262001 
     0.0677454   0.00247933 
     0.0677493   0.00234867 
     0.0677534   0.00222748 
     0.0677574   0.00211885 
     0.0677615   0.00202113 
     0.0677672   0.00190003 
     0.0677727    0.0017979 
     0.0677782    0.0017078 
     0.0677837   0.00162794 
     0.0677892   0.00155686 
     0.0677949    0.0014911 
      0.067801   0.00142835 
     0.0678091   0.00135516 
     0.0678172   0.00129195 
     0.0678254   0.00123698 
      0.067835   0.00118083 
     0.0678446   0.00113254 
     0.0678542   0.00109065 
     0.0678638   0.00105409 
     0.0678737   0.00102087 
     0.0678887  0.000978409 
     0.0679036  0.000943042 
      0.067918  0.000914416 
     0.0679323  0.000889934 
     0.0679517  0.000862147 
     0.0679712  0.000838879 
     0.0679914   0.00081893 
     0.0680224   0.00079417 
     0.0680508  0.000776266 
     0.0680802  0.000761326 
     0.0681205  0.000745145 
     0.0681613  0.000732445 
     0.0682225  0.000718191 
     0.0683068  0.000704637 
     0.0684115  0.000693612 
     0.0685545  0.000684254 
      0.068764  0.000676459 
     0.0691174  0.000670055 
     0.0697987  0.000665431 
     0.0714776   0.00066301 
     0.0718035  0.000662965 
     0.0737253  0.000665019 
     0.0744914  0.000669359 
     0.0748883  0.000675424 
      0.075134  0.000683262 
     0.0752922  0.000692252 
     0.0754161  0.000703734 
     0.0755015  0.000715752 
     0.0755644  0.000728162 
     0.0756276  0.000745412 
     0.0756682   0.00076023 
     0.0757092  0.000779517 
     0.0757393  0.000797511 
     0.0757675  0.000818414 
     0.0757958    0.0008445 
     0.0758158  0.000867082 
      0.075837  0.000895859 
     0.0758581  0.000930859 
     0.0758738  0.000962286 
     0.0758895   0.00099952 
     0.0759045   0.00104199 
     0.0759145    0.0010749 
     0.0759246   0.00111224 
     0.0759346   0.00115485 
     0.0759446   0.00120378 
     0.0759546   0.00126031 
     0.0759646   0.00132613 
     0.0759733   0.00139184 
     0.0759805   0.00145466 
     0.0759877   0.00152585 
      0.075995   0.00160709 
     0.0760014   0.00168887 
     0.0760069   0.00176886 
     0.0760125   0.00185847 
     0.0760181   0.00195926 
     0.0760231   0.00206117 
     0.0760275   0.00216209 
      0.076032   0.00227422 
     0.0760364   0.00239925 
     0.0760409    0.0025392 
     0.0760453   0.00269652 
     0.0760498   0.00287416 
     0.0760531   0.00302284 
     0.0760565   0.00318675 
     0.0760598   0.00336801 
     0.0760632   0.00356909 
     0.0760665   0.00379292 
     0.0760698   0.00404296 
     0.0760732   0.00432336 
     0.0760764    0.0046279 
     0.0760796    0.0049645 
     0.0760817   0.00521242 
     0.0760838   0.00548154 
     0.0760859   0.00577424 
      0.076088   0.00609321 
     0.0760902   0.00644154 
     0.0760923   0.00683328 
     0.0760946   0.00727564 
     0.0760968   0.00776443 
      0.076099   0.00830581 
     0.0761012   0.00890686 
     0.0761035   0.00957569 
     0.0761051    0.0101273 
     0.0761068    0.0107267 
     0.0761085    0.0113786 
     0.0761101    0.0120883 
     0.0761118    0.0128616 
     0.0761135    0.0137045 
     0.0761152    0.0146235 
     0.0761168    0.0156255 
     0.0761185    0.0167172 
     0.0761202    0.0179052 
     0.0761218    0.0191957 
     0.0761235    0.0205936 
     0.0761252    0.0221023 
     0.0761268    0.0237223 
     0.0761287    0.0256293 
     0.0761311    0.0283559 
     0.0761342    0.0319819 
      0.076138    0.0365351 
       0.07614    0.0388133 
      0.076142    0.0408755 
      0.076144    0.0426188 
     0.0761453    0.0435553 
     0.0761467    0.0442814 
     0.0761479     0.044762 
     0.0761492    0.0450108 
       0.07615     0.045058 
     0.0761514    0.0449111 
     0.0761527    0.0445572 
     0.0761543     0.043774 
     0.0761559    0.0426664 
     0.0761576    0.0412791 
     0.0761597     0.039098 
     0.0761619    0.0366479 
     0.0761684    0.0288546 
     0.0761703    0.0267675 
     0.0761725    0.0243872 
     0.0761742    0.0227243 
     0.0761758    0.0211722 
     0.0761775    0.0197314 
     0.0761792    0.0183996 
     0.0761808    0.0171723 
     0.0761825    0.0160438 
     0.0761842    0.0150077 
     0.0761858    0.0140571 
     0.0761875    0.0131853 
     0.0761892    0.0123856 
     0.0761909    0.0116518 
     0.0761925    0.0109779 
     0.0761942    0.0103586 
     0.0761959   0.00978887 
     0.0761981   0.00909846 
     0.0762003   0.00847842 
     0.0762025   0.00792031 
     0.0762048   0.00741678 
     0.0762066    0.0070489 
     0.0762092   0.00654852 
     0.0762119   0.00610236 
     0.0762146   0.00570318 
     0.0762172   0.00534484 
     0.0762201   0.00499676 
     0.0762224   0.00475397 
     0.0762257   0.00442535 
      0.076229   0.00413387 
     0.0762324   0.00387427 
     0.0762357   0.00364217 
     0.0762391    0.0034339 
     0.0762424   0.00324636 
     0.0762457   0.00307694 
     0.0762491   0.00292341 
     0.0762524   0.00278387 
     0.0762569    0.0026168 
     0.0762613    0.0024685 
     0.0762658   0.00233628 
     0.0762702   0.00221792 
     0.0762751   0.00210216 
     0.0762804   0.00199043 
     0.0762857   0.00189115 
      0.076291   0.00180248 
     0.0762964   0.00172098 
      0.076302   0.00164609 
     0.0763075   0.00157884 
     0.0763159   0.00149018 
      0.076323   0.00142455 
     0.0763301   0.00136633 
     0.0763395   0.00129845 
      0.076349   0.00123988 
     0.0763587   0.00118762 
     0.0763687   0.00114089 
     0.0763788   0.00110011 
     0.0763888    0.0010643 
     0.0764035   0.00101913 
     0.0764181  0.000981498 
     0.0764326  0.000949515 
     0.0764486  0.000919717 
     0.0764645  0.000894303 
     0.0764857   0.00086585 
     0.0765069  0.000842299 
     0.0765376  0.000814807 
     0.0765678  0.000793477 
     0.0765979  0.000776295 
      0.076642  0.000756613 
     0.0766853  0.000741824 
     0.0767514  0.000725069 
      0.076819   0.00071282 
     0.0769084  0.000701368 
     0.0770276  0.000691202 
     0.0772007  0.000682162 
     0.0774741  0.000674511 
     0.0779088  0.000669184 
     0.0783366   0.00066763 
     0.0786793  0.000669416 
     0.0788604  0.000674074 
     0.0789452  0.000679389 
      0.079008   0.00068678 
     0.0790491  0.000694926 
     0.0790778   0.00070352 
     0.0791028  0.000714286 
     0.0791254  0.000728238 
     0.0791451  0.000745748 
     0.0791573  0.000760395 
     0.0791678  0.000776458 
     0.0791784  0.000796877 
     0.0791878  0.000820267 
     0.0791949  0.000842098 
      0.079201  0.000864435 
     0.0792064  0.000888662 
     0.0792119  0.000917562 
     0.0792169  0.000948986 
     0.0792219  0.000986638 
     0.0792267   0.00102981 
     0.0792309    0.0010763 
     0.0792337   0.00111242 
     0.0792366   0.00115352 
       0.07924   0.00121079 
     0.0792422   0.00125477 
     0.0792445   0.00130433 
     0.0792467   0.00135827 
     0.0792488   0.00141694 
     0.0792509   0.00148345 
      0.079253   0.00155929 
      0.079255   0.00164424 
      0.079257   0.00173969 
     0.0792585   0.00182089 
       0.07926   0.00191179 
     0.0792616   0.00201406 
     0.0792631    0.0021297 
     0.0792646   0.00226122 
     0.0792661   0.00241175 
     0.0792671   0.00252458 
     0.0792681   0.00264905 
     0.0792691   0.00278688 
     0.0792701   0.00294012 
     0.0792712   0.00312948 
      0.079272   0.00328815 
     0.0792728    0.0034634 
     0.0792737   0.00365773 
     0.0792745   0.00387417 
     0.0792752   0.00408396 
     0.0792759   0.00431625 
     0.0792767   0.00457451 
     0.0792774   0.00486284 
     0.0792781   0.00518616 
     0.0792788   0.00550763 
     0.0792794   0.00584261 
       0.07928   0.00621482 
     0.0792806   0.00662959 
     0.0792812     0.007093 
     0.0792818   0.00761197 
     0.0792824   0.00819433 
     0.0792828   0.00862206 
     0.0792832   0.00908465 
     0.0792836    0.0095851 
      0.079284    0.0101266 
     0.0792844    0.0107125 
     0.0792848    0.0113462 
     0.0792852    0.0120315 
     0.0792856    0.0127719 
      0.079286    0.0135711 
     0.0792864     0.014433 
     0.0792868    0.0153612 
     0.0792872    0.0163591 
     0.0792876    0.0174303 
      0.079288    0.0185776 
     0.0792885    0.0200587 
      0.079289     0.021657 
     0.0792894    0.0233749 
     0.0792899    0.0252133 
     0.0792904    0.0272977 
     0.0792911    0.0302802 
     0.0792917    0.0329478 
     0.0792923    0.0361048 
     0.0792934      0.04152 
     0.0792953    0.0518441 
     0.0792961    0.0559631 
     0.0792969    0.0597792 
     0.0792975    0.0623595 
      0.079298    0.0642798 
     0.0792986    0.0662635 
     0.0792991    0.0676183 
     0.0792997    0.0688525 
     0.0793003    0.0696313 
      0.079301    0.0699396 
      0.079301    0.0699398 
     0.0793016    0.0697171 
     0.0793021    0.0691069 
     0.0793027    0.0681208 
     0.0793033    0.0664382 
     0.0793041     0.064058 
     0.0793048    0.0611859 
     0.0793056    0.0575293 
     0.0793064    0.0535147 
     0.0793082    0.0438768 
     0.0793094    0.0375289 
     0.0793102     0.033524 
     0.0793108    0.0306885 
     0.0793114    0.0281053 
     0.0793119    0.0258503 
     0.0793125    0.0237457 
      0.079313    0.0217935 
     0.0793135    0.0199928 
     0.0793141    0.0183402 
     0.0793145    0.0172084 
     0.0793149    0.0161523 
     0.0793153    0.0151686 
     0.0793157    0.0142541 
     0.0793161    0.0134051 
     0.0793165    0.0126179 
     0.0793169    0.0118889 
     0.0793173    0.0112143 
     0.0793177    0.0105904 
     0.0793181    0.0100137 
     0.0793185   0.00948069 
     0.0793189   0.00898807 
     0.0793193   0.00853269 
     0.0793199   0.00791302 
     0.0793205   0.00736128 
     0.0793211   0.00686915 
     0.0793217   0.00642926 
     0.0793223   0.00603507 
     0.0793229   0.00568085 
     0.0793235   0.00536163 
     0.0793242   0.00502994 
      0.079325   0.00471456 
     0.0793257   0.00443368 
     0.0793265   0.00418239 
     0.0793272   0.00395658 
      0.079328   0.00374566 
     0.0793288   0.00354237 
     0.0793296   0.00335938 
     0.0793305   0.00319397 
      0.079331   0.00309233 
     0.0793321   0.00290721 
     0.0793331   0.00275726 
     0.0793341   0.00262228 
     0.0793351   0.00250028 
     0.0793361   0.00238961 
     0.0793376   0.00224185 
     0.0793391   0.00211264 
     0.0793407   0.00199893 
     0.0793422   0.00189831 
     0.0793437   0.00180881 
     0.0793452   0.00172883 
     0.0793472   0.00163474 
     0.0793488    0.0015665 
     0.0793508   0.00149516 
     0.0793527   0.00143202 
     0.0793547   0.00137586 
     0.0793572   0.00131014 
     0.0793599   0.00125109 
     0.0793627   0.00119802 
     0.0793655   0.00115186 
     0.0793683   0.00111146 
     0.0793712   0.00107451 
     0.0793757   0.00102544 
     0.0793803  0.000984672 
     0.0793853  0.000946805 
     0.0793906  0.000913766 
      0.079396  0.000886182 
     0.0794018  0.000860806 
     0.0794077  0.000839527 
     0.0794166  0.000813089 
     0.0794267  0.000789821 
     0.0794373  0.000770622 
     0.0794486  0.000754727 
     0.0794607  0.000741218 
     0.0794802  0.000724973 
     0.0795043  0.000711027 
     0.0795301  0.000700681 
     0.0795674  0.000690693 
      0.079609   0.00068354 
     0.0796703  0.000677051 
      0.079778  0.000671067 
      0.079988  0.000666324 
     0.0805275  0.000663037 
     0.0834192  0.000660971 
      0.111133  0.000660237 
       0.13095   0.00066139 
      0.132977  0.000664268 
       0.13373  0.000668801 
      0.134133  0.000675197 
      0.134369  0.000682886 
      0.134518  0.000691214 
      0.134616  0.000699464 
      0.134713  0.000711482 
      0.134775  0.000722003 
      0.134832  0.000735005 
      0.134885  0.000751408 
      0.134924  0.000766559 
      0.134963  0.000786249 
      0.135002  0.000811866 
      0.135028  0.000833459 
      0.135054  0.000859912 
      0.135074  0.000883843 
      0.135093  0.000912229 
      0.135113   0.00094621 
      0.135132    0.0009873 
      0.135145   0.00101962 
      0.135158   0.00105677 
      0.135172   0.00109964 
      0.135184   0.00114612 
      0.135196   0.00119997 
      0.135208   0.00126265 
      0.135216   0.00131023 
      0.135225    0.0013632 
      0.135233    0.0014223 
      0.135241   0.00148839 
      0.135249   0.00156245 
      0.135257   0.00164558 
      0.135265   0.00173901 
      0.135273   0.00184411 
      0.135282    0.0019623 
       0.13529   0.00209505 
      0.135298   0.00224371 
      0.135304   0.00237485 
      0.135312   0.00253574 
      0.135319   0.00271067 
      0.135326   0.00289859 
      0.135336   0.00316486 
      0.135353   0.00364058 
      0.135361   0.00382802 
      0.135368   0.00399039 
      0.135373    0.0040792 
      0.135378   0.00414891 
      0.135382   0.00419548 
      0.135387   0.00421972 
       0.13539   0.00422427 
      0.135395   0.00420975 
        0.1354   0.00417514 
      0.135406    0.0040994 
      0.135412   0.00399388 
      0.135418   0.00386406 
      0.135426   0.00364855 
      0.135452   0.00293918 
      0.135461   0.00271828 
      0.135467   0.00255219 
      0.135476   0.00237281 
      0.135484   0.00221087 
      0.135492   0.00206572 
        0.1355   0.00193622 
      0.135508   0.00182096 
      0.135516   0.00171848 
      0.135524   0.00162736 
      0.135533   0.00154627 
      0.135541     0.001474 
      0.135549   0.00140948 
      0.135557   0.00135175 
      0.135565   0.00129999 
      0.135577   0.00123197 
       0.13559   0.00117368 
      0.135601   0.00112821 
      0.135615   0.00107873 
      0.135628   0.00103637 
      0.135642  0.000999926 
      0.135656  0.000969247 
      0.135675   0.00093136 
      0.135695  0.000899891 
      0.135714  0.000873496 
      0.135741  0.000844478 
      0.135767  0.000820924 
      0.135793  0.000801561 
      0.135832  0.000778413 
      0.135872  0.000759899 
      0.135916  0.000744492 
      0.135973  0.000729098 
      0.136038  0.000716151 
      0.136136  0.000702605 
      0.136266  0.000691029 
      0.136425  0.000682372 
      0.136658  0.000675009 
      0.137054  0.000668821 
      0.137825  0.000664254 
      0.139919  0.000661406 
      0.147806  0.000660514 
      0.158588  0.000662063 
      0.160557  0.000665249 
      0.161337  0.000669975 
      0.161747  0.000676223 
      0.161987  0.000683546 
      0.162162  0.000692945 
      0.162279  0.000702997 
      0.162367  0.000714071 
      0.162454  0.000730066 
      0.162513  0.000745653 
       0.16256  0.000761978 
      0.162607  0.000783522 
      0.162638  0.000801937 
      0.162669  0.000824791 
      0.162693  0.000845729 
      0.162716  0.000870868 
      0.162739  0.000900664 
      0.162761   0.00093535 
      0.162776  0.000962658 
      0.162795   0.00100551 
       0.16281   0.00104365 
      0.162824   0.00108807 
      0.162839   0.00114008 
      0.162854   0.00120131 
      0.162863   0.00124822 
      0.162873    0.0013008 
      0.162883   0.00135984 
      0.162893   0.00142621 
      0.162903   0.00150086 
      0.162912   0.00158481 
      0.162922   0.00167907 
      0.162932   0.00178456 
      0.162942   0.00190198 
       0.16295   0.00201137 
       0.16296   0.00215826 
      0.162974   0.00237101 
      0.162994   0.00270306 
      0.163005   0.00286851 
      0.163014   0.00297665 
       0.16302   0.00304305 
      0.163026   0.00309392 
      0.163032   0.00312705 
       0.16304   0.00314115 
       0.16304   0.00314116 
      0.163045   0.00313416 
      0.163052   0.00310567 
      0.163058   0.00305719 
      0.163065   0.00299094 
      0.163072   0.00290991 
       0.16308   0.00278455 
      0.163099   0.00249608 
      0.163116   0.00222338 
      0.163126   0.00207152 
      0.163136    0.0019322 
      0.163144   0.00182922 
      0.163154   0.00171925 
      0.163164   0.00162081 
      0.163174   0.00153305 
      0.163183   0.00145497 
      0.163193   0.00138557 
      0.163203   0.00132386 
      0.163213   0.00126892 
      0.163222   0.00121996 
      0.163232   0.00117622 
      0.163247   0.00111905 
      0.163261    0.0010704 
      0.163276   0.00102876 
      0.163291   0.00099295 
      0.163311  0.000950777 
      0.163327  0.000923664 
       0.16335  0.000889508 
      0.163374  0.000861556 
      0.163389  0.000845673 
       0.16342  0.000819114 
      0.163452  0.000797969 
      0.163483  0.000780889 
       0.16353   0.00076087 
      0.163576  0.000745695 
       0.16364  0.000730414 
      0.163705  0.000719067 
      0.163796  0.000707878 
      0.163913   0.00069852 
      0.164088  0.000690506 
       0.16431  0.000685994 
       0.16447  0.000685128 
      0.164758  0.000687621 
      0.164982  0.000693892 
      0.165147  0.000702454 
       0.16528  0.000713569 
      0.165376  0.000725482 
       0.16544  0.000736182 
      0.165504  0.000750059 
      0.165568  0.000768415 
      0.165616  0.000786304 
      0.165664  0.000809106 
      0.165696  0.000827922 
      0.165724  0.000848003 
      0.165753  0.000871825 
      0.165782  0.000900311 
      0.165811  0.000934617 
      0.165832   0.00096506 
      0.165854   0.00100041 
      0.165876   0.00104162 
      0.165897   0.00108981 
      0.165919   0.00114629 
       0.16594   0.00121251 
      0.165955   0.00126282 
      0.165969   0.00131856 
      0.165984   0.00138006 
      0.165998   0.00144754 
       0.16602   0.00155973 
      0.166041   0.00168322 
      0.166077   0.00189749 
      0.166092   0.00197726 
      0.166105   0.00204035 
      0.166116   0.00208662 
      0.166127   0.00212149 
      0.166139   0.00214306 
       0.16615   0.00214991 
      0.166158   0.00214591 
       0.16617   0.00212596 
       0.16618   0.00209857 
      0.166191   0.00205639 
      0.166206    0.0019857 
      0.166221   0.00190344 
      0.166272    0.0016022 
      0.166294   0.00148553 
      0.166308   0.00141486 
      0.166323   0.00135016 
      0.166337   0.00129135 
      0.166352   0.00123816 
      0.166366   0.00119021 
      0.166388   0.00112713 
      0.166409   0.00107332 
      0.166431   0.00102737 
      0.166452  0.000988028 
      0.166474   0.00095423 
      0.166496  0.000925074 
      0.166524  0.000892149 
      0.166553  0.000864741 
      0.166582  0.000841784 
      0.166614  0.000820361 
      0.166662  0.000794539 
       0.16671  0.000774391 
      0.166774  0.000753809 
      0.166838  0.000738294 
      0.166934  0.000721355 
       0.16703  0.000709395 
      0.167166  0.000697692 
      0.167358  0.000687214 
      0.167614  0.000678979 
       0.16803  0.000671932 
      0.168748  0.000666632 
       0.17037  0.000662869 
      0.176444  0.000660934 
      0.177391  0.000660915 
      0.182727   0.00066244 
      0.183986  0.000665937 
      0.184509  0.000670906 
      0.184792  0.000677026 
      0.184978  0.000684503 
      0.185127  0.000694807 
      0.185229   0.00070623 
      0.185294  0.000716725 
      0.185355  0.000730257 
        0.1854  0.000743378 
      0.185445  0.000760511 
      0.185474  0.000775004 
      0.185504  0.000792816 
      0.185534  0.000815016 
      0.185556  0.000835435 
      0.185579   0.00086004 
        0.1856  0.000889321 
      0.185621  0.000923538 
      0.185635  0.000950539 
      0.185649  0.000981704 
      0.185663   0.00101786 
      0.185677   0.00106002 
      0.185691   0.00110945 
      0.185705    0.0011677 
      0.185714   0.00121237 
      0.185724   0.00126246 
      0.185733   0.00131874 
      0.185742   0.00138201 
      0.185752   0.00145318 
      0.185761   0.00153318 
       0.18577    0.0016229 
       0.18578   0.00172316 
      0.185789   0.00183446 
      0.185798   0.00195686 
      0.185808   0.00209645 
      0.185824   0.00234676 
       0.18584   0.00259699 
       0.18585   0.00273042 
      0.185857   0.00280719 
      0.185864   0.00286833 
       0.18587   0.00291079 
      0.185877   0.00293221 
       0.18588   0.00293458 
      0.185887   0.00292373 
      0.185892   0.00289939 
      0.185898   0.00285476 
      0.185906   0.00277516 
      0.185914   0.00267555 
      0.185922   0.00256199 
      0.185949    0.0021437 
       0.18596    0.0019813 
      0.185968   0.00186881 
      0.185977   0.00176524 
      0.185987   0.00165089 
      0.185996    0.0015582 
      0.186006   0.00147549 
      0.186015   0.00140187 
      0.186024   0.00133641 
      0.186033    0.0012782 
      0.186043    0.0012264 
      0.186052   0.00118023 
      0.186066   0.00112007 
       0.18608   0.00106907 
      0.186094   0.00102562 
      0.186111   0.00098159 
      0.186127  0.000944768 
      0.186146  0.000910529 
      0.186168  0.000876753 
      0.186191  0.000849205 
      0.186213  0.000826478 
      0.186243  0.000801932 
      0.186273  0.000782363 
      0.186302  0.000766533 
      0.186347  0.000747936 
      0.186377  0.000738101 
      0.186436  0.000722787 
      0.186499  0.000711114 
      0.186601   0.00069797 
      0.186712   0.00068869 
      0.186899  0.000679384 
      0.187162  0.000672426 
      0.187639  0.000666812 
      0.188675  0.000662958 
      0.192504  0.000660891 
      0.198125  0.000660653 
      0.213435  0.000662262 
      0.216001  0.000665259 
      0.216794  0.000669238 
       0.21713  0.000674183 
      0.217304  0.000679908 
      0.217405   0.00068603 
      0.217473  0.000692674 
      0.217537  0.000702373 
      0.217578  0.000711799 
      0.217614  0.000723726 
      0.217647  0.000739071 
      0.217667  0.000751442 
      0.217684   0.00076528 
        0.2177  0.000781638 
      0.217715  0.000800941 
       0.21773   0.00082366 
      0.217743   0.00085026 
      0.217752  0.000874538 
      0.217761  0.000902963 
      0.217771  0.000937734 
      0.217777  0.000965331 
      0.217783  0.000997324 
      0.217789   0.00103481 
      0.217795   0.00107912 
        0.2178   0.00112346 
      0.217805   0.00116563 
      0.217809   0.00121398 
      0.217813   0.00126979 
      0.217817   0.00132528 
       0.21782    0.0013783 
      0.217823   0.00143806 
      0.217826   0.00150575 
      0.217829   0.00157403 
      0.217832   0.00164126 
      0.217834   0.00171632 
      0.217836   0.00180048 
      0.217839   0.00189529 
      0.217841   0.00200262 
      0.217844   0.00212478 
      0.217846   0.00222783 
      0.217847   0.00234228 
      0.217849   0.00246986 
      0.217851   0.00261264 
      0.217853   0.00277309 
      0.217855   0.00295417 
      0.217857   0.00315945 
      0.217858   0.00331181 
      0.217859   0.00347828 
       0.21786   0.00366051 
      0.217862   0.00386036 
      0.217863   0.00407992 
      0.217864   0.00432148 
      0.217865    0.0045876 
      0.217867   0.00488107 
      0.217868    0.0052049 
      0.217869   0.00556229 
       0.21787   0.00595658 
      0.217871   0.00639119 
      0.217873    0.0068695 
      0.217874    0.0073947 
      0.217875   0.00796965 
      0.217876   0.00859665 
      0.217878    0.0092772 
      0.217879    0.0100117 
       0.21788    0.0107994 
      0.217881    0.0116375 
      0.217883    0.0129794 
      0.217886    0.0148864 
      0.217889     0.017617 
      0.217891    0.0192661 
      0.217893    0.0202554 
      0.217894    0.0211192 
      0.217896    0.0218268 
      0.217897    0.0222393 
      0.217898    0.0225406 
      0.217899    0.0227206 
        0.2179    0.0227852 
      0.217901    0.0227106 
      0.217902    0.0225143 
      0.217903       0.0222 
      0.217905    0.0217747 
      0.217906    0.0212475 
      0.217907    0.0204078 
      0.217909    0.0194371 
       0.21791    0.0183674 
      0.217913    0.0162575 
      0.217916    0.0138234 
      0.217918    0.0124305 
      0.217919    0.0111279 
      0.217921    0.0103198 
      0.217922   0.00956397 
      0.217923   0.00886195 
      0.217924   0.00821379 
      0.217926   0.00761838 
      0.217927   0.00707371 
      0.217928   0.00657712 
      0.217929   0.00612553 
      0.217931   0.00571561 
      0.217932   0.00536167 
      0.217933   0.00505559 
      0.217934   0.00477549 
      0.217935   0.00451911 
      0.217936   0.00428428 
      0.217937   0.00406902 
      0.217938   0.00387148 
       0.21794   0.00360478 
      0.217941    0.0034275 
      0.217942   0.00326546 
      0.217944   0.00304753 
      0.217946    0.0028557 
      0.217948   0.00268606 
       0.21795   0.00253542 
      0.217952   0.00240107 
      0.217953   0.00228077 
      0.217955   0.00217263 
      0.217957   0.00207509 
       0.21796   0.00195922 
      0.217962    0.0018572 
      0.217965   0.00176691 
      0.217967   0.00168661 
      0.217969   0.00161487 
      0.217972   0.00153621 
      0.217975   0.00146705 
      0.217979   0.00140591 
      0.217982   0.00135159 
      0.217985   0.00129806 
      0.217988   0.00125064 
      0.217993   0.00118907 
      0.217998    0.0011398 
      0.218003   0.00109856 
      0.218007   0.00106257 
      0.218013   0.00102129 
       0.21802  0.000986263 
      0.218026  0.000956285 
      0.218035  0.000918823 
      0.218044  0.000888372 
      0.218056  0.000856853 
      0.218068  0.000831833 
       0.21808  0.000810553 
      0.218094   0.00079159 
      0.218113  0.000771978 
      0.218131  0.000757381 
      0.218149  0.000745914 
      0.218173  0.000734206 
      0.218209   0.00072175 
      0.218258  0.000710655 
      0.218312  0.000703206 
      0.218382  0.000697628 
      0.218484  0.000694275 
      0.218535  0.000693917 
      0.218672  0.000696274 
      0.218793  0.000702483 
      0.218901  0.000713039 
       0.21897  0.000723898 
      0.219022  0.000735642 
      0.219071  0.000751344 
      0.219103  0.000765135 
       0.21913  0.000780273 
      0.219158  0.000799626 
      0.219181  0.000820198 
      0.219204  0.000846386 
      0.219224  0.000875964 
      0.219239  0.000902931 
      0.219254  0.000935777 
      0.219266  0.000968626 
      0.219277   0.00100359 
      0.219288   0.00104521 
      0.219297   0.00108628 
      0.219306   0.00113459 
      0.219315   0.00119193 
      0.219321    0.0012363 
      0.219328   0.00128662 
      0.219334   0.00134396 
       0.21934   0.00140968 
      0.219346   0.00148544 
       0.21935   0.00155011 
      0.219355   0.00162269 
       0.21936   0.00170449 
      0.219364   0.00179052 
      0.219368    0.0018838 
      0.219372   0.00198886 
      0.219376   0.00210769 
       0.21938   0.00224263 
      0.219383   0.00234294 
      0.219386   0.00246549 
      0.219389   0.00260121 
      0.219392   0.00275186 
      0.219395   0.00291948 
      0.219398   0.00310635 
      0.219401    0.0033151 
      0.219404   0.00354864 
      0.219407   0.00374201 
      0.219409    0.0039526 
      0.219411   0.00418196 
      0.219414   0.00443165 
      0.219416   0.00470323 
      0.219418   0.00499814 
       0.21942   0.00531767 
      0.219423   0.00566277 
      0.219426   0.00616344 
      0.219429   0.00670956 
      0.219432   0.00729728 
      0.219436   0.00810996 
      0.219442   0.00936542 
      0.219446    0.0101559 
      0.219448    0.0105143 
       0.21945    0.0109331 
      0.219452    0.0111952 
      0.219454     0.011405 
      0.219456    0.0115565 
      0.219458    0.0116455 
       0.21946    0.0116699 
      0.219462    0.0116493 
      0.219464    0.0115431 
      0.219466    0.0113939 
      0.219468    0.0111593 
       0.21947    0.0108637 
      0.219472    0.0105165 
      0.219475   0.00999079 
      0.219478    0.0093328 
      0.219487   0.00760404 
       0.21949    0.0068817 
      0.219493   0.00643114 
      0.219496    0.0059078 
      0.219498   0.00554559 
        0.2195   0.00520933 
      0.219503   0.00489836 
      0.219505   0.00461161 
      0.219507   0.00434772 
      0.219509    0.0041052 
      0.219512   0.00388247 
      0.219514   0.00367799 
      0.219517   0.00343111 
       0.21952   0.00321059 
      0.219523   0.00301335 
      0.219526   0.00283662 
      0.219529   0.00267796 
      0.219532   0.00253521 
      0.219535   0.00240648 
      0.219538   0.00229011 
      0.219541   0.00218971 
      0.219545   0.00206191 
       0.21955   0.00194921 
      0.219554   0.00184942 
      0.219558    0.0017607 
      0.219562   0.00168154 
      0.219566   0.00161066 
       0.21957   0.00154697 
      0.219576   0.00147169 
      0.219581   0.00140578 
      0.219587   0.00134778 
      0.219592   0.00129649 
      0.219598   0.00125094 
      0.219606   0.00119164 
      0.219614   0.00114127 
      0.219622   0.00109816 
      0.219631   0.00105892 
      0.219641   0.00102163 
      0.219651  0.000989821 
      0.219663   0.00095565 
      0.219677  0.000924431 
       0.21969  0.000898638 
      0.219709   0.00087073 
      0.219727  0.000848495 
      0.219751  0.000825356 
      0.219776  0.000807672 
      0.219801  0.000793794 
      0.219838  0.000778336 
      0.219873  0.000768483 
      0.219924  0.000758906 
      0.219976  0.000753737 
      0.220039  0.000751689 
      0.220111  0.000753822 
      0.220182  0.000760069 
      0.220251  0.000770057 
       0.22032  0.000784521 
      0.220388  0.000804493 
       0.22044  0.000824082 
      0.220492   0.00084866 
      0.220543  0.000879429 
      0.220578  0.000904096 
      0.220612   0.00093258 
      0.220646  0.000965286 
      0.220681   0.00100247 
      0.220715   0.00104409 
      0.220767   0.00111339 
      0.220835   0.00120804 
       0.22087   0.00124838 
      0.220895    0.0012714 
      0.220921   0.00128669 
      0.220943   0.00129259 
      0.220949   0.00129285 
      0.220975   0.00128776 
      0.220999   0.00127465 
      0.221015    0.0012615 
      0.221047   0.00122703 
      0.221088   0.00117449 
      0.221162   0.00107015 
      0.221196   0.00102534 
      0.221231  0.000984718 
      0.221265  0.000948581 
        0.2213   0.00091681 
      0.221334  0.000889089 
      0.221385  0.000854158 
      0.221437  0.000825881 
      0.221489  0.000802917 
       0.22154  0.000784156 
      0.221609  0.000764188 
      0.221678  0.000748585 
      0.221781  0.000730975 
      0.221884  0.000718169 
      0.222022  0.000705974 
      0.222193  0.000695648 
      0.222434   0.00068648 
      0.222798  0.000678648 
      0.223342  0.000672978 
      0.224259  0.000669709 
      0.224585  0.000669513 
      0.225578  0.000671754 
      0.226141  0.000676558 
      0.226499  0.000683255 
      0.226752  0.000692123 
      0.226933   0.00070286 
      0.227042  0.000712524 
      0.227151  0.000726227 
      0.227231   0.00074029 
      0.227298  0.000756249 
      0.227349   0.00077169 
        0.2274  0.000791271 
       0.22745  0.000816581 
      0.227484  0.000837778 
      0.227518  0.000863581 
      0.227552  0.000895382 
      0.227577  0.000924306 
      0.227603  0.000958771 
      0.227628   0.00100021 
       0.22765   0.00104264 
       0.22767   0.00108859 
      0.227689   0.00114286 
      0.227708     0.001201 
       0.22772   0.00124531 
      0.227732    0.0012948 
      0.227744   0.00135019 
      0.227756    0.0014123 
      0.227768   0.00148205 
       0.22778   0.00156049 
      0.227792   0.00164871 
      0.227804   0.00174791 
      0.227816   0.00185924 
      0.227828   0.00198374 
      0.227838   0.00209689 
       0.22785   0.00224298 
      0.227862   0.00240196 
      0.227874   0.00257203 
      0.227904   0.00302504 
      0.227917   0.00320591 
      0.227926   0.00332383 
      0.227936   0.00341945 
      0.227946   0.00348703 
      0.227954   0.00351931 
       0.22796   0.00352616 
      0.227967   0.00351616 
      0.227974   0.00348643 
      0.227982   0.00343825 
      0.227991   0.00334863 
      0.228001   0.00323524 
      0.228014   0.00305247 
      0.228052   0.00248175 
      0.228065   0.00230497 
      0.228074   0.00219498 
      0.228086    0.0020497 
      0.228098   0.00191848 
       0.22811   0.00180085 
      0.228122   0.00169587 
      0.228134   0.00160243 
      0.228146   0.00151935 
      0.228158    0.0014455 
       0.22817   0.00137977 
      0.228182   0.00132121 
      0.228194   0.00126893 
      0.228206   0.00122217 
      0.228224   0.00116091 
      0.228243   0.00110863 
      0.228261   0.00106378 
      0.228284   0.00101571 
      0.228309   0.00097161 
      0.228334  0.000935029 
       0.22836  0.000904416 
      0.228385  0.000878578 
      0.228419  0.000849995 
      0.228453  0.000826653 
      0.228487  0.000807364 
      0.228537  0.000784192 
      0.228588   0.00076614 
      0.228639  0.000751819 
      0.228706  0.000737054 
      0.228811  0.000720266 
      0.228932  0.000707266 
      0.229077  0.000696801 
      0.229292  0.000687082 
      0.229592  0.000679388 
      0.230047  0.000673554 
      0.230843  0.000669913 
      0.231021  0.000669777 
      0.231498  0.000671477 
      0.231718  0.000675488 
      0.231829  0.000680571 
      0.231895  0.000686277 
      0.231952  0.000694701 
      0.231987  0.000702984 
      0.232017  0.000713486 
      0.232041  0.000725454 
      0.232063  0.000741163 
      0.232078  0.000754777 
       0.23209  0.000769977 
      0.232102  0.000789502 
      0.232112  0.000809343 
      0.232122  0.000834448 
      0.232129  0.000855333 
      0.232135  0.000880406 
      0.232141  0.000908766 
      0.232147  0.000938171 
      0.232152  0.000973342 
      0.232157   0.00101472 
      0.232161   0.00104675 
      0.232164   0.00108348 
      0.232168    0.0011259 
      0.232171   0.00117437 
      0.232174    0.0012311 
      0.232177   0.00128029 
      0.232179   0.00133637 
      0.232182   0.00139615 
      0.232184   0.00145422 
      0.232186   0.00151976 
      0.232188   0.00159417 
       0.23219   0.00167922 
      0.232192   0.00177713 
      0.232194    0.0018766 
      0.232195   0.00196076 
      0.232196   0.00205456 
      0.232198   0.00215959 
      0.232199   0.00227778 
      0.232201   0.00241238 
      0.232202   0.00252536 
      0.232203   0.00265023 
      0.232204   0.00278866 
      0.232205   0.00294256 
      0.232206   0.00311415 
      0.232207   0.00330591 
      0.232208    0.0035207 
      0.232209   0.00376169 
       0.23221   0.00403245 
      0.232211   0.00433686 
      0.232212   0.00467921 
      0.232212   0.00493072 
      0.232213    0.0052025 
      0.232214   0.00549599 
      0.232214   0.00581263 
      0.232215   0.00615388 
      0.232216   0.00652118 
      0.232216    0.0069159 
      0.232217   0.00733934 
      0.232218   0.00779271 
      0.232219   0.00853108 
       0.23222   0.00934193 
      0.232221    0.0102266 
      0.232222    0.0109877 
      0.232223     0.012216 
      0.232224    0.0135423 
      0.232225    0.0151168 
      0.232227    0.0171985 
      0.232231     0.021892 
      0.232232     0.023493 
      0.232233    0.0249546 
      0.232235    0.0259275 
      0.232236    0.0269718 
      0.232237    0.0275866 
      0.232238    0.0280561 
      0.232239    0.0283706 
       0.23224    0.0285227 
       0.23224    0.0285386 
      0.232241      0.02842 
      0.232242    0.0281617 
      0.232243    0.0277709 
      0.232244    0.0272516 
      0.232245    0.0266127 
      0.232246    0.0255515 
      0.232247    0.0245328 
      0.232248    0.0230236 
       0.23225    0.0205456 
      0.232254    0.0162691 
      0.232255    0.0146335 
      0.232256    0.0130891 
      0.232257    0.0120035 
      0.232258    0.0109871 
      0.232259    0.0100432 
       0.23226   0.00917339 
      0.232261   0.00837727 
      0.232262   0.00765316 
      0.232263   0.00720894 
      0.232264   0.00679429 
      0.232264   0.00640797 
      0.232265   0.00604867 
      0.232266   0.00571498 
      0.232267   0.00540547 
      0.232267   0.00511867 
      0.232268   0.00485314 
      0.232269   0.00460744 
       0.23227   0.00427305 
      0.232271   0.00397572 
      0.232272   0.00371122 
      0.232273   0.00347576 
      0.232274   0.00326582 
      0.232275   0.00307832 
      0.232276   0.00291046 
      0.232277   0.00275982 
      0.232278   0.00260351 
      0.232279   0.00246467 
       0.23228   0.00234086 
      0.232281      0.00223 
      0.232283   0.00213032 
      0.232284   0.00203605 
      0.232285   0.00192207 
      0.232287   0.00182237 
      0.232289    0.0017346 
       0.23229   0.00166052 
      0.232293   0.00156827 
      0.232295    0.0014887 
      0.232297    0.0014195 
        0.2323    0.0013589 
      0.232302    0.0013055 
      0.232304   0.00125325 
      0.232307   0.00120727 
       0.23231   0.00115405 
      0.232314   0.00110843 
      0.232317   0.00106572 
      0.232321   0.00102616 
      0.232325  0.000992273 
      0.232329  0.000963001 
      0.232334  0.000935723 
      0.232341  0.000899219 
      0.232348   0.00086971 
      0.232355  0.000844529 
       0.23236  0.000829983 
      0.232369  0.000805792 
      0.232381  0.000784067 
      0.232392   0.00076707 
      0.232405  0.000751591 
      0.232418  0.000739436 
      0.232442   0.00072323 
      0.232468  0.000711227 
      0.232485  0.000705053 
      0.232529  0.000694203 
      0.232585  0.000685921 
      0.232652  0.000680085 
      0.232759  0.000675021 
      0.232994  0.000670519 
      0.233615  0.000667849 
      0.234103  0.000667571 
      0.236468  0.000670476 
      0.238179  0.000676815 
      0.239241  0.000684887 
      0.240008   0.00069505 
      0.240598  0.000707538 
       0.24107  0.000722457 
      0.241424  0.000737967 
      0.241778  0.000758526 
      0.242073  0.000780303 
      0.242427  0.000811915 
      0.242899  0.000856525 
      0.243076  0.000869737 
      0.243253  0.000878434 
      0.243422   0.00088129 
      0.243597  0.000878127 
      0.243755  0.000870402 
       0.24399  0.000852347 
       0.24464  0.000791193 
      0.244935  0.000767509 
       0.24523  0.000748189 
      0.245584  0.000730156 
      0.245997   0.00071466 
      0.246528   0.00070084 
      0.247177  0.000689829 
      0.248062  0.000680723 
       0.24936  0.000673585 
      0.250894  0.000670277 
      0.250953  0.000670269 
      0.251631  0.000672021 
      0.251919   0.00067587 
      0.252073  0.000680984 
      0.252181  0.000688286 
      0.252251  0.000696619 
      0.252302  0.000706694 
      0.252342  0.000718508 
      0.252374  0.000732438 
      0.252393    0.0007436 
      0.252411  0.000756878 
      0.252427   0.00077263 
      0.252442  0.000790578 
      0.252455  0.000810568 
      0.252467   0.00083544 
      0.252477  0.000858229 
      0.252486  0.000886038 
      0.252496    0.0009196 
      0.252502  0.000946502 
      0.252508   0.00097799 
      0.252513   0.00101216 
      0.252519   0.00104882 
      0.252524   0.00109172 
      0.252529   0.00114235 
      0.252533   0.00118994 
      0.252538   0.00125306 
      0.252541    0.0013018 
      0.252544   0.00135695 
      0.252547   0.00140812 
       0.25255   0.00146528 
      0.252552    0.0015294 
      0.252555   0.00160167 
      0.252557   0.00167843 
       0.25256   0.00176517 
      0.252562   0.00186371 
      0.252565   0.00197631 
      0.252566   0.00207164 
      0.252568   0.00217788 
       0.25257   0.00229674 
      0.252572   0.00243026 
      0.252574   0.00258089 
      0.252576   0.00275156 
      0.252577   0.00294578 
      0.252579   0.00309037 
       0.25258   0.00324868 
      0.252581    0.0034223 
      0.252582   0.00361298 
      0.252584   0.00382264 
      0.252585   0.00408995 
      0.252586   0.00434099 
      0.252587    0.0046168 
      0.252589   0.00491974 
       0.25259   0.00525216 
      0.252591   0.00549133 
      0.252592   0.00588851 
      0.252593   0.00632315 
      0.252594   0.00679727 
      0.252595   0.00731242 
      0.252597   0.00786953 
      0.252598   0.00846874 
      0.252599   0.00910918 
      0.252601    0.0101423 
      0.252603    0.0112504 
      0.252606    0.0132048 
      0.252609    0.0151634 
      0.252611    0.0163657 
      0.252613    0.0172144 
      0.252614    0.0179438 
      0.252615    0.0183958 
      0.252617    0.0187551 
      0.252618     0.019009 
      0.252619    0.0191609 
       0.25262    0.0192076 
      0.252621    0.0191612 
      0.252622    0.0190485 
      0.252623    0.0188197 
      0.252624    0.0184964 
      0.252625    0.0180854 
      0.252627    0.0175952 
      0.252628    0.0168675 
       0.25263    0.0160487 
      0.252632    0.0147019 
      0.252637    0.0114787 
      0.252639    0.0103579 
       0.25264   0.00930867 
      0.252642    0.0086563 
      0.252643   0.00804468 
      0.252644     0.007475 
      0.252645   0.00694741 
      0.252647   0.00646122 
      0.252648   0.00601501 
      0.252649   0.00560689 
       0.25265   0.00523463 
      0.252652   0.00489576 
      0.252653   0.00458771 
      0.252654   0.00430793 
      0.252655   0.00405389 
      0.252656    0.0038232 
      0.252658   0.00361358 
      0.252659   0.00342295 
       0.25266   0.00324937 
      0.252661    0.0030911 
      0.252663   0.00294655 
      0.252664   0.00275238 
      0.252666   0.00258175 
      0.252668   0.00243117 
       0.25267   0.00229769 
      0.252672   0.00217887 
      0.252674   0.00207267 
      0.252675   0.00197739 
      0.252678   0.00186484 
       0.25268   0.00176635 
      0.252683   0.00167966 
      0.252685   0.00160296 
      0.252688   0.00153475 
       0.25269   0.00147383 
      0.252693   0.00141179 
      0.252696   0.00135026 
      0.252699   0.00129614 
      0.252702   0.00124829 
      0.252706   0.00120441 
      0.252711   0.00114576 
      0.252716   0.00109636 
      0.252721    0.0010567 
      0.252727   0.00101329 
      0.252733  0.000976867 
      0.252739  0.000946015 
      0.252745  0.000919655 
      0.252754  0.000886776 
      0.252764  0.000860109 
      0.252775  0.000833948 
      0.252787  0.000811321 
      0.252799  0.000793238 
      0.252816  0.000773334 
      0.252834  0.000758189 
      0.252852   0.00074571 
      0.252881  0.000731533 
      0.252912  0.000721098 
      0.252946  0.000713581 
      0.252999  0.000706943 
      0.253056  0.000704699 
      0.253109   0.00070658 
      0.253163  0.000713095 
      0.253198  0.000721262 
       0.25323  0.000732629 
      0.253258  0.000747575 
      0.253275  0.000760388 
      0.253289  0.000774829 
      0.253304   0.00079349 
      0.253316  0.000811929 
      0.253327  0.000835138 
      0.253337  0.000861181 
      0.253345  0.000885158 
      0.253353  0.000914042 
       0.25336    0.0009493 
      0.253365  0.000977338 
      0.253371   0.00101048 
      0.253376   0.00105008 
      0.253381   0.00109715 
      0.253385   0.00113854 
      0.253389   0.00118635 
      0.253393   0.00124808 
      0.253396    0.0012957 
      0.253399   0.00134958 
      0.253402   0.00140671 
      0.253404   0.00146683 
      0.253407   0.00153478 
      0.253409   0.00161199 
      0.253412   0.00169242 
      0.253414   0.00177504 
      0.253416   0.00186833 
      0.253418   0.00197424 
       0.25342   0.00206338 
      0.253421   0.00216218 
      0.253423    0.0022721 
      0.253424   0.00239485 
      0.253426   0.00253249 
      0.253428   0.00268741 
      0.253429    0.0028625 
      0.253431   0.00306113 
      0.253432   0.00320858 
      0.253433   0.00336957 
      0.253434   0.00354559 
      0.253435   0.00373825 
      0.253436   0.00394927 
      0.253437   0.00424797 
      0.253439   0.00458377 
      0.253439   0.00483038 
       0.25344   0.00509681 
      0.253441   0.00538437 
      0.253442   0.00569441 
      0.253443   0.00602816 
      0.253444   0.00645288 
      0.253445   0.00691385 
      0.253446   0.00741249 
      0.253447   0.00794971 
      0.253448   0.00852591 
      0.253449   0.00914073 
      0.253451    0.0101327 
      0.253453    0.0112008 
      0.253455    0.0127195 
      0.253459     0.016265 
      0.253461    0.0174461 
      0.253463    0.0185451 
      0.253464     0.019186 
      0.253465    0.0197302 
      0.253466      0.02017 
      0.253467    0.0205045 
      0.253468    0.0207263 
      0.253469    0.0208255 
       0.25347    0.0208386 
      0.253471    0.0208135 
      0.253472    0.0206696 
      0.253473    0.0204229 
      0.253474    0.0200731 
      0.253475    0.0196272 
      0.253476    0.0190468 
      0.253478    0.0183234 
      0.253479    0.0175155 
      0.253481    0.0161872 
      0.253486    0.0122534 
      0.253488    0.0111261 
      0.253489    0.0100628 
      0.253491   0.00907633 
      0.253492   0.00846537 
      0.253493    0.0078931 
      0.253494   0.00735979 
      0.253495   0.00686501 
      0.253496   0.00640775 
      0.253497   0.00598659 
      0.253498   0.00559977 
      0.253499   0.00524531 
        0.2535   0.00492108 
      0.253501   0.00462489 
      0.253502   0.00435456 
      0.253503   0.00410792 
      0.253504   0.00388291 
      0.253505   0.00367757 
      0.253506   0.00349008 
      0.253508   0.00331871 
      0.253509   0.00316191 
       0.25351   0.00295093 
      0.253512   0.00276527 
      0.253513    0.0026013 
      0.253515   0.00245588 
      0.253516   0.00232642 
      0.253518    0.0022107 
       0.25352   0.00210687 
      0.253521   0.00204346 
      0.253523   0.00192881 
      0.253525   0.00182816 
      0.253527   0.00173929 
      0.253529   0.00166042 
      0.253531   0.00159009 
      0.253534   0.00151019 
      0.253537   0.00144039 
      0.253539   0.00137902 
      0.253542   0.00132478 
      0.253545   0.00126484 
      0.253549   0.00121283 
      0.253552   0.00116739 
      0.253557   0.00111338 
      0.253561   0.00107484 
      0.253566   0.00103082 
      0.253571   0.00099361 
      0.253577  0.000961873 
      0.253582   0.00093458 
       0.25359   0.00090028 
      0.253598  0.000872219 
      0.253608  0.000841517 
      0.253619  0.000817251 
      0.253626  0.000803793 
      0.253641     0.000781 
      0.253656  0.000763477 
      0.253672  0.000748973 
      0.253698  0.000731597 
      0.253727    0.0007177 
      0.253759  0.000706915 
      0.253796  0.000698237 
      0.253857  0.000688984 
      0.253927  0.000682504 
      0.254041  0.000676386 
      0.254256  0.000670989 
      0.254738  0.000666806 
      0.256366  0.000663711 
      0.265772  0.000661227 
      0.275745  0.000660835 
      0.283628  0.000662174 
      0.284764  0.000665077 
      0.285209   0.00066947 
      0.285441  0.000675176 
      0.285564  0.000680804 
      0.285677  0.000689555 
      0.285753  0.000699187 
      0.285805  0.000708839 
      0.285856  0.000722235 
      0.285889  0.000734362 
      0.285922  0.000750154 
      0.285947  0.000765589 
      0.285968  0.000782443 
      0.285988  0.000801868 
      0.286007  0.000826314 
      0.286025  0.000853609 
      0.286038  0.000878744 
      0.286049  0.000903712 
      0.286058  0.000930086 
      0.286068  0.000960967 
      0.286078  0.000997424 
      0.286088   0.00104086 
      0.286095   0.00107461 
      0.286101   0.00111298 
      0.286108   0.00115685 
      0.286114   0.00120731 
      0.286121    0.0012657 
      0.286126   0.00131572 
      0.286131   0.00137202 
      0.286135   0.00143568 
       0.28614   0.00150798 
      0.286145   0.00159047 
      0.286149   0.00165854 
      0.286153   0.00174127 
      0.286157   0.00183417 
      0.286161   0.00193886 
      0.286164    0.0020468 
      0.286168   0.00215633 
      0.286171   0.00227824 
      0.286174   0.00241421 
      0.286177   0.00256612 
      0.286181   0.00273608 
      0.286184    0.0029264 
      0.286187   0.00313956 
       0.28619   0.00331595 
      0.286192   0.00350768 
      0.286195   0.00371575 
      0.286197   0.00394101 
        0.2862   0.00426912 
      0.286204   0.00462936 
      0.286207   0.00502057 
       0.28621   0.00543937 
      0.286216   0.00626321 
      0.286222   0.00704404 
      0.286225   0.00747566 
      0.286229   0.00785185 
      0.286231   0.00806049 
      0.286233   0.00822812 
      0.286236   0.00834844 
      0.286238   0.00841984 
       0.28624   0.00844034 
      0.286242   0.00841474 
      0.286244   0.00834257 
      0.286247   0.00822589 
      0.286249   0.00806807 
      0.286251   0.00786723 
      0.286254    0.0074941 
      0.286258   0.00706446 
      0.286265   0.00612617 
       0.28627   0.00543832 
      0.286273   0.00501959 
      0.286276   0.00462846 
       0.28628   0.00426831 
      0.286283   0.00394028 
      0.286285   0.00371509 
      0.286288   0.00350708 
       0.28629    0.0033154 
      0.286293   0.00313906 
      0.286296   0.00292597 
      0.286299    0.0027357 
      0.286303   0.00256579 
      0.286306   0.00241393 
      0.286309     0.002278 
      0.286312   0.00215613 
      0.286316   0.00204663 
      0.286319   0.00194803 
      0.286323   0.00183406 
      0.286327   0.00174118 
      0.286331   0.00165847 
      0.286335   0.00158457 
      0.286339   0.00151831 
      0.286343   0.00145402 
      0.286348    0.0013882 
      0.286353   0.00133006 
      0.286358   0.00127847 
      0.286364   0.00121831 
      0.286371   0.00116639 
      0.286378    0.0011213 
      0.286384   0.00108191 
      0.286391   0.00104731 
      0.286401   0.00100282 
       0.28641  0.000965524 
       0.28642  0.000933973 
      0.286432  0.000902452 
      0.286444  0.000876064 
       0.28646  0.000846389 
      0.286476  0.000821886 
      0.286492  0.000802392 
      0.286515  0.000779676 
      0.286539  0.000762007 
      0.286563  0.000747568 
      0.286595  0.000732457 
      0.286632  0.000719908 
      0.286692  0.000705428 
      0.286752  0.000695647 
       0.28685  0.000685477 
      0.286965  0.000678366 
      0.287159  0.000671924 
       0.28749  0.000667043 
       0.28825  0.000663644 
      0.289701  0.000662627 
      0.292527  0.000664919 
      0.293779  0.000669515 
      0.294464  0.000675999 
      0.294892  0.000684246 
      0.295192    0.0006944 
      0.295406  0.000705883 
      0.295577  0.000719347 
      0.295705  0.000733204 
      0.295834  0.000751575 
      0.295962  0.000775844 
      0.296048  0.000795869 
      0.296176  0.000831464 
      0.296347   0.00088173 
      0.296412  0.000896714 
      0.296476  0.000906697 
      0.296539  0.000910164 
      0.296593  0.000907597 
      0.296658  0.000898404 
      0.296743  0.000878333 
      0.296957  0.000815371 
      0.297086  0.000782521 
      0.297214  0.000756682 
      0.297343  0.000737051 
      0.297471  0.000722249 
      0.297642  0.000707905 
      0.297856  0.000695724 
      0.298156  0.000685015 
      0.298584  0.000676373 
      0.299226    0.0006699 
      0.300419   0.00066504 
      0.303414  0.000661919 
      0.306902  0.000661282 
      0.309941  0.000662865 
      0.310655  0.000666223 
      0.310958  0.000670699 
      0.311163  0.000677675 
      0.311285  0.000685923 
      0.311364  0.000694986 
      0.311429  0.000706674 
      0.311476  0.000719505 
      0.311508  0.000731058 
      0.311538  0.000746068 
      0.311561  0.000760432 
      0.311583  0.000778035 
      0.311605  0.000800707 
       0.31162  0.000820199 
      0.311635  0.000844738 
       0.31165  0.000874003 
      0.311661  0.000899533 
      0.311671  0.000929899 
      0.311681  0.000961227 
       0.31169  0.000998298 
      0.311699   0.00104259 
      0.311705   0.00107707 
      0.311711   0.00111636 
      0.311718   0.00116139 
      0.311724   0.00121331 
       0.31173   0.00127356 
      0.311734   0.00132528 
      0.311739   0.00138366 
      0.311744   0.00144981 
      0.311748   0.00151189 
      0.311752   0.00159615 
      0.311756   0.00166746 
      0.311759   0.00174684 
      0.311763   0.00183546 
      0.311765   0.00191166 
      0.311768   0.00200755 
      0.311771   0.00211404 
      0.311774   0.00223256 
      0.311778   0.00236471 
      0.311781    0.0025123 
      0.311784   0.00267734 
      0.311787   0.00286199 
       0.31179   0.00306855 
      0.311793   0.00329934 
      0.311794   0.00342453 
      0.311798   0.00369571 
      0.311801    0.0039959 
      0.311804   0.00432582 
      0.311807   0.00468488 
       0.31181    0.0050707 
      0.311815   0.00577329 
      0.311822   0.00666264 
      0.311825   0.00707997 
      0.311828   0.00745323 
       0.31183   0.00766756 
      0.311832   0.00785145 
      0.311835   0.00799407 
      0.311837   0.00809108 
      0.311839   0.00813946 
       0.31184   0.00814489 
      0.311842   0.00813214 
      0.311844   0.00806613 
      0.311846   0.00796415 
      0.311849   0.00777749 
      0.311851   0.00753551 
      0.311854    0.0072479 
      0.311857   0.00681205 
      0.311863   0.00607087 
      0.311868   0.00531232 
      0.311872    0.0048354 
      0.311875   0.00442981 
      0.311878   0.00409108 
      0.311882   0.00378206 
      0.311885   0.00350238 
      0.311887   0.00331106 
      0.311889   0.00313469 
      0.311892   0.00292115 
      0.311895   0.00273022 
      0.311898   0.00255958 
      0.311902   0.00240701 
      0.311905   0.00227046 
      0.311908   0.00214806 
      0.311911   0.00203814 
      0.311914   0.00192066 
      0.311918   0.00181681 
      0.311922   0.00172471 
      0.311926   0.00164275 
       0.31193    0.0015525 
      0.311935   0.00147376 
      0.311939   0.00140472 
      0.311944    0.0013439 
      0.311949   0.00129008 
      0.311953   0.00124225 
      0.311959   0.00118638 
      0.311966   0.00113807 
      0.311972   0.00109604 
      0.311978   0.00105925 
      0.311987   0.00101216 
      0.311996  0.000972868 
      0.312006  0.000939767 
      0.312012  0.000920521 
      0.312024  0.000887523 
      0.312036  0.000860322 
      0.312049  0.000837705 
      0.312063  0.000816402 
       0.31208  0.000794985 
      0.312103  0.000772642 
      0.312126  0.000755424 
      0.312149  0.000741882 
      0.312181  0.000727471 
      0.312214  0.000716245 
      0.312272  0.000702277 
      0.312314  0.000695256 
      0.312394  0.000686009 
      0.312517  0.000677652 
      0.312718  0.000670722 
      0.313074  0.000665715 
      0.313915  0.000662379 
      0.318215  0.000660737 
      0.319944  0.000660697 
       0.32683  0.000662182 
      0.328139  0.000665501 
      0.328672  0.000670387 
      0.328966  0.000676894 
      0.329147  0.000684644 
      0.329277  0.000694181 
      0.329363  0.000704004 
      0.329428  0.000714474 
      0.329486  0.000727266 
      0.329539  0.000743479 
      0.329573  0.000757105 
      0.329604  0.000772914 
      0.329633  0.000791094 
      0.329662  0.000813989 
      0.329683  0.000835277 
      0.329705  0.000861219 
      0.329726  0.000893238 
      0.329741  0.000918912 
      0.329755  0.000948939 
      0.329768  0.000980505 
       0.32978   0.00101294 
      0.329791   0.00105032 
      0.329803   0.00109364 
      0.329812    0.0011341 
      0.329823   0.00118778 
      0.329834   0.00125044 
      0.329841   0.00129811 
      0.329848   0.00135126 
      0.329855   0.00141066 
      0.329863   0.00147717 
       0.32987   0.00155178 
      0.329877   0.00163557 
      0.329884   0.00172974 
      0.329891   0.00183554 
      0.329899   0.00195427 
      0.329906   0.00208711 
      0.329913     0.002235 
       0.32992   0.00239836 
      0.329926   0.00254912 
      0.329934   0.00274882 
      0.329957   0.00338579 
      0.329964   0.00357903 
       0.32997    0.0037047 
      0.329975   0.00380617 
       0.32998   0.00386302 
      0.329984   0.00390126 
      0.329988   0.00391955 
       0.32999   0.00392111 
      0.329995   0.00390677 
      0.329999   0.00387431 
      0.330004   0.00381446 
       0.33001   0.00370694 
      0.330016   0.00357124 
      0.330022   0.00341509 
      0.330035   0.00307164 
      0.330048   0.00270892 
      0.330056   0.00248499 
      0.330063   0.00233044 
      0.330069   0.00218835 
      0.330076   0.00204512 
      0.330084    0.0019167 
      0.330091   0.00180204 
      0.330098   0.00169991 
      0.330105   0.00160904 
      0.330112   0.00152817 
       0.33012   0.00145614 
      0.330127   0.00139189 
      0.330134   0.00133448 
      0.330141   0.00128307 
      0.330152   0.00121564 
       0.33016   0.00117252 
      0.330169   0.00113069 
      0.330182   0.00107654 
       0.33019   0.00104527 
      0.330205   0.00100018 
      0.330219  0.000962335 
      0.330233  0.000930312 
      0.330248  0.000903011 
      0.330269  0.000869075 
      0.330291   0.00084168 
      0.330305  0.000826263 
      0.330334  0.000800726 
      0.330363  0.000780605 
      0.330392  0.000764486 
      0.330421  0.000751386 
      0.330459   0.00073738 
      0.330518   0.00072159 
      0.330577  0.000710021 
      0.330663  0.000698249 
      0.330793  0.000687128 
      0.330973  0.000678322 
      0.331244  0.000671479 
      0.331721  0.000666282 
      0.332831  0.000662692 
       0.33742  0.000661111 
      0.344121  0.000662957 
      0.345987  0.000666589 
      0.346842  0.000671845 
      0.347334  0.000678739 
      0.347661  0.000687506 
      0.347862  0.000696266 
      0.348044  0.000708283 
       0.34818  0.000721359 
      0.348317  0.000739789 
      0.348408  0.000756216 
      0.348499  0.000776894 
       0.34859  0.000802414 
      0.348681  0.000832496 
      0.348813  0.000878417 
      0.348881    0.0008977 
      0.348944  0.000908686 
       0.34899  0.000911217 
       0.34903  0.000909203 
       0.34909  0.000899721 
      0.349163  0.000879639 
      0.349363  0.000810956 
      0.349454   0.00078412 
      0.349545  0.000762174 
      0.349636  0.000744693 
      0.349727  0.000730887 
      0.349864  0.000715392 
          0.35  0.000704346 
      0.350182  0.000694143 
      0.350455  0.000684607 
      0.350837   0.00067733 
      0.351456  0.000672151 
      0.352187  0.000670575 
      0.353062  0.000672841 
       0.35365  0.000678354 
      0.354018  0.000685685 
      0.354291  0.000695413 
      0.354473  0.000705835 
      0.354612  0.000717462 
      0.354747   0.00073386 
      0.354838  0.000749048 
      0.354928  0.000769321 
      0.354996   0.00078927 
      0.355064  0.000814852 
      0.355109  0.000836016 
      0.355154  0.000861367 
      0.355199  0.000891876 
      0.355244  0.000928699 
      0.355278   0.00096124 
      0.355312  0.000998621 
      0.355346   0.00104133 
       0.35538   0.00108963 
      0.355414    0.0011434 
      0.355471   0.00124224 
      0.355527   0.00134169 
      0.355561   0.00139272 
      0.355584   0.00141941 
      0.355606   0.00143836 
       0.35563   0.00144836 
       0.35564   0.00144939 
      0.355663   0.00144392 
      0.355684   0.00143044 
      0.355705   0.00140975 
      0.355736    0.0013678 
      0.355774    0.0013046 
       0.35586   0.00115202 
      0.355894   0.00109739 
      0.355928   0.00104821 
      0.355962   0.00100464 
      0.355996  0.000966448 
       0.35603  0.000933182 
      0.356064  0.000904285 
      0.356109  0.000871589 
      0.356154  0.000844451 
      0.356199  0.000821833 
      0.356267  0.000794556 
      0.356335  0.000773349 
       0.35638  0.000761791 
      0.356471  0.000743278 
      0.356561  0.000729305 
      0.356697  0.000714077 
      0.356832  0.000703369 
      0.357013  0.000693452 
      0.357284  0.000684012 
       0.35766  0.000676508 
      0.358281   0.00067029 
      0.359483  0.000665704 
      0.361556  0.000663935 
      0.363562  0.000665942 
      0.364492  0.000670569 
      0.364954  0.000676441 
      0.365233   0.00068321 
      0.365425  0.000690901 
      0.365566  0.000699344 
      0.365704  0.000711689 
      0.365797  0.000723492 
      0.365889  0.000739839 
      0.365959   0.00075656 
      0.366005  0.000770732 
      0.366049  0.000787354 
      0.366091  0.000806839 
      0.366132  0.000829698 
       0.36617  0.000856489 
      0.366199  0.000880638 
      0.366228  0.000909096 
      0.366257  0.000942798 
      0.366286  0.000982875 
      0.366315   0.00103066 
      0.366334   0.00106754 
      0.366353   0.00110898 
      0.366372    0.0011554 
      0.366392   0.00120718 
      0.366411   0.00126447 
      0.366431   0.00133044 
      0.366463    0.0014441 
      0.366505   0.00160108 
      0.366523   0.00166109 
      0.366541   0.00171238 
      0.366554   0.00174287 
      0.366567   0.00176494 
      0.366583   0.00177838 
       0.36659      0.00178 
      0.366599   0.00177761 
      0.366613    0.0017643 
      0.366627   0.00174015 
      0.366641   0.00170654 
      0.366655   0.00166527 
      0.366677   0.00159347 
       0.36674   0.00135968 
      0.366769    0.0012638 
      0.366788   0.00120656 
      0.366808   0.00115484 
      0.366827   0.00110847 
      0.366846   0.00106708 
      0.366865   0.00103024 
      0.366894  0.000982509 
      0.366923  0.000942475 
      0.366952  0.000908808 
      0.366981  0.000880377 
       0.36701  0.000856249 
      0.367048  0.000829478 
      0.367094  0.000803735 
      0.367141  0.000783252 
      0.367187  0.000766727 
      0.367256  0.000747425 
      0.367325  0.000732851 
      0.367418  0.000718427 
       0.36751  0.000707882 
      0.367649  0.000696712 
      0.367827  0.000687301 
      0.368082  0.000679135 
      0.368486  0.000672169 
      0.369191  0.000666785 
      0.370765  0.000662976 
      0.376647  0.000660929 
      0.378235  0.000660873 
       0.38201  0.000662231 
      0.382667  0.000665135 
      0.382946  0.000669454 
      0.383081  0.000674138 
        0.3832  0.000682244 
      0.383267  0.000690475 
      0.383322  0.000701449 
      0.383359  0.000712416 
      0.383393  0.000726897 
      0.383414  0.000739379 
      0.383435  0.000755748 
      0.383451  0.000771619 
      0.383467  0.000791817 
      0.383481  0.000814611 
      0.383492  0.000835392 
      0.383502  0.000860681 
      0.383511  0.000886627 
      0.383519  0.000914854 
      0.383527  0.000948708 
      0.383533  0.000980898 
      0.383539   0.00101879 
      0.383546    0.0010638 
       0.38355   0.00109867 
      0.383554   0.00113824 
      0.383559    0.0011834 
      0.383563   0.00123523 
      0.383567   0.00129508 
       0.38357   0.00134626 
      0.383573    0.0014038 
      0.383577   0.00146878 
       0.38358   0.00153987 
      0.383583   0.00161904 
      0.383586   0.00170906 
      0.383589   0.00181186 
      0.383592   0.00192978 
      0.383594   0.00201813 
      0.383596   0.00212077 
      0.383598   0.00223448 
        0.3836   0.00236063 
      0.383602    0.0025007 
      0.383604   0.00265629 
      0.383607   0.00282907 
      0.383609   0.00302074 
      0.383611   0.00323293 
      0.383613   0.00346715 
      0.383615    0.0037246 
      0.383617   0.00400605 
      0.383619   0.00431162 
      0.383622    0.0046406 
      0.383624   0.00499121 
      0.383627   0.00555076 
      0.383635   0.00700799 
      0.383638   0.00747334 
       0.38364   0.00784875 
      0.383642   0.00813323 
      0.383644   0.00830579 
      0.383646   0.00843888 
      0.383647   0.00852932 
      0.383649   0.00857151 
       0.38365   0.00858049 
      0.383652   0.00855203 
      0.383653   0.00848311 
      0.383655   0.00834424 
      0.383657   0.00815009 
       0.38366   0.00790687 
      0.383661   0.00762202 
      0.383664   0.00720976 
      0.383668   0.00652813 
      0.383674   0.00543568 
      0.383677   0.00488344 
      0.383679   0.00453909 
      0.383681   0.00421704 
      0.383683   0.00391871 
      0.383685   0.00364454 
      0.383688    0.0033942 
       0.38369   0.00316676 
      0.383692   0.00296093 
      0.383694   0.00277513 
      0.383696   0.00260771 
      0.383698   0.00245697 
        0.3837   0.00232126 
      0.383703   0.00219901 
      0.383705   0.00208877 
      0.383707   0.00198923 
      0.383709   0.00189919 
      0.383711   0.00181759 
      0.383714     0.001709 
      0.383717   0.00161457 
      0.383721   0.00153205 
      0.383724    0.0014596 
      0.383727   0.00139569 
       0.38373   0.00133906 
      0.383733   0.00128866 
      0.383738   0.00122968 
      0.383742   0.00117858 
      0.383746   0.00113403 
       0.38375   0.00109497 
      0.383757   0.00104482 
      0.383763   0.00100286 
       0.38377  0.000967399 
      0.383776  0.000934511 
      0.383785  0.000902196 
      0.383793  0.000875273 
      0.383803   0.00084902 
       0.38381  0.000833069 
      0.383823  0.000806691 
      0.383839  0.000783124 
      0.383855  0.000764826 
      0.383876  0.000746176 
      0.383898  0.000732119 
      0.383923  0.000719564 
      0.383952  0.000708791 
      0.383996  0.000697168 
      0.384059  0.000686886 
       0.38413  0.000679643 
      0.384257   0.00067251 
      0.384482  0.000666933 
      0.384937  0.000663245 
      0.386616  0.000661127 
      0.388762  0.000660896 
      0.394028  0.000662526 
      0.395056  0.000665577 
       0.39549  0.000670222 
      0.395726  0.000676568 
      0.395867  0.000684248 
      0.395957  0.000692657 
      0.396021   0.00070186 
      0.396085  0.000715763 
      0.396127  0.000729413 
      0.396157   0.00074227 
      0.396187  0.000759138 
      0.396208  0.000774994 
       0.39623  0.000795023 
      0.396247  0.000814662 
      0.396264   0.00083894 
      0.396279  0.000866034 
      0.396291   0.00089059 
      0.396303  0.000922156 
      0.396316  0.000962069 
      0.396324  0.000993886 
      0.396333   0.00103091 
      0.396341   0.00107429 
       0.39635   0.00112552 
      0.396356   0.00117022 
      0.396363    0.0012214 
      0.396368   0.00126786 
      0.396373   0.00132002 
      0.396378   0.00137881 
      0.396383   0.00144528 
      0.396387   0.00150746 
      0.396392   0.00157669 
      0.396396   0.00165393 
        0.3964   0.00174027 
      0.396404   0.00183693 
      0.396409   0.00194524 
      0.396413   0.00206664 
      0.396417   0.00220263 
      0.396421   0.00235469 
      0.396426   0.00252411 
       0.39643   0.00271187 
      0.396434   0.00291829 
      0.396438   0.00311954 
      0.396442   0.00333401 
      0.396449   0.00379115 
      0.396457   0.00425276 
      0.396462   0.00453473 
      0.396466   0.00471803 
       0.39647   0.00486737 
      0.396472   0.00494413 
      0.396475   0.00500039 
      0.396478   0.00504183 
       0.39648   0.00504619 
      0.396483   0.00502694 
      0.396486   0.00498529 
      0.396489   0.00490605 
      0.396492   0.00481093 
      0.396496   0.00463108 
        0.3965   0.00441628 
      0.396504   0.00417798 
      0.396517   0.00341999 
      0.396521   0.00315396 
      0.396526   0.00290713 
      0.396531    0.0026919 
      0.396535   0.00250605 
      0.396539   0.00233846 
      0.396543   0.00218812 
      0.396548    0.0020537 
      0.396552   0.00193371 
      0.396556   0.00182666 
       0.39656   0.00173113 
      0.396565   0.00164578 
      0.396569   0.00156941 
      0.396573   0.00150095 
      0.396577   0.00143945 
      0.396582   0.00137626 
      0.396588   0.00131323 
      0.396593   0.00125783 
      0.396599   0.00120893 
      0.396606   0.00115479 
       0.39661   0.00112567 
      0.396619   0.00107446 
      0.396627    0.0010311 
      0.396636  0.000994101 
      0.396644  0.000962303 
      0.396657  0.000922417 
       0.39667  0.000889891 
      0.396682  0.000863042 
      0.396695  0.000840636 
      0.396712  0.000816119 
      0.396729  0.000796307 
      0.396749   0.00077745 
      0.396772  0.000760233 
      0.396801  0.000743837 
      0.396835  0.000729187 
      0.396873  0.000716981 
      0.396916  0.000706987 
      0.396984  0.000695885 
      0.397078  0.000686447 
       0.39722  0.000678399 
      0.397455  0.000672213 
      0.397821  0.000668733 
        0.3982  0.000667964 
      0.398897  0.000670343 
       0.39937  0.000675841 
      0.399676  0.000683541 
      0.399851  0.000691229 
      0.399993  0.000700835 
      0.400091  0.000710441 
      0.400189  0.000723954 
      0.400262  0.000738012 
      0.400336   0.00075721 
      0.400385  0.000774139 
       0.40043  0.000794007 
      0.400476   0.00081925 
      0.400511  0.000843591 
      0.400546  0.000873535 
      0.400572  0.000900639 
      0.400598  0.000932687 
      0.400625  0.000971043 
      0.400652    0.0010175 
       0.40067   0.00105346 
      0.400687   0.00109399 
      0.400705   0.00113757 
      0.400722   0.00118617 
      0.400739   0.00124003 
      0.400756   0.00129917 
      0.400779   0.00138528 
      0.400836    0.0016164 
      0.400854   0.00168273 
      0.400868   0.00172476 
      0.400882   0.00175711 
      0.400896   0.00177775 
      0.400909   0.00178518 
       0.40091   0.00178519 
      0.400923   0.00177875 
      0.400935   0.00176261 
      0.400943   0.00174689 
      0.400959   0.00170504 
      0.400975   0.00165212 
      0.401002   0.00154561 
      0.401036   0.00140553 
      0.401059   0.00131772 
      0.401082   0.00123825 
      0.401099   0.00118345 
      0.401117   0.00113414 
      0.401134   0.00109002 
      0.401152    0.0010507 
      0.401178   0.00099973 
      0.401204  0.000956994 
       0.40123  0.000921094 
      0.401257  0.000890824 
      0.401283  0.000865179 
      0.401309  0.000843339 
      0.401344  0.000819007 
      0.401384  0.000796375 
       0.40143  0.000775965 
      0.401477   0.00075915 
      0.401551  0.000739327 
      0.401624  0.000724844 
      0.401698  0.000713969 
      0.401796  0.000703254 
      0.401943   0.00069232 
      0.402126  0.000683673 
      0.402406  0.000675993 
      0.402844  0.000669909 
      0.403704  0.000665146 
      0.405861  0.000662245 
       0.40783   0.00066183 
      0.411515  0.000663719 
       0.41278  0.000667588 
      0.413417  0.000673167 
      0.413781  0.000679963 
      0.414022  0.000687988 
      0.414204   0.00069781 
      0.414341  0.000709017 
      0.414432  0.000719474 
      0.414523   0.00073359 
      0.414591  0.000747647 
      0.414659  0.000765957 
      0.414705  0.000781352 
       0.41475  0.000800164 
      0.414796  0.000823347 
      0.414841  0.000852189 
      0.414876  0.000878535 
       0.41491  0.000909892 
      0.414944  0.000947297 
      0.414978  0.000991893 
      0.415012    0.0010448 
      0.415046   0.00110683 
       0.41508   0.00117795 
      0.415114   0.00125629 
       0.41517   0.00138614 
      0.415191   0.00142819 
      0.415212    0.0014623 
      0.415233   0.00148582 
      0.415251   0.00149591 
       0.41526   0.00149712 
      0.415272   0.00149493 
      0.415289   0.00148384 
      0.415308   0.00146138 
       0.41533   0.00142619 
      0.415351   0.00138295 
       0.41544   0.00117742 
      0.415474   0.00110634 
      0.415508   0.00104438 
      0.415542  0.000991538 
      0.415576     0.000947 
       0.41561  0.000909644 
      0.415644  0.000878326 
      0.415679  0.000852013 
      0.415724  0.000823207 
       0.41577  0.000800052 
      0.415815  0.000781261 
      0.415883  0.000759221 
      0.415952  0.000742504 
       0.41602  0.000729593 
      0.416111  0.000716541 
      0.416247  0.000702854 
      0.416384  0.000693582 
      0.416619  0.000683437 
      0.416921   0.00067602 
      0.417433   0.00066968 
      0.418414  0.000664958 
       0.42087  0.000662167 
      0.422625  0.000661861 
      0.426165  0.000663726 
      0.427438  0.000667823 
      0.428026  0.000673179 
      0.428399   0.00068027 
      0.428666  0.000689485 
      0.428827  0.000698226 
      0.428987  0.000711097 
      0.429094   0.00072314 
        0.4292  0.000739108 
      0.429307  0.000760147 
      0.429414  0.000786973 
      0.429601  0.000841587 
      0.429654  0.000854536 
      0.429702  0.000862793 
      0.429763  0.000867505 
      0.429769  0.000867549 
      0.429806  0.000866166 
      0.429853  0.000860481 
      0.429926  0.000844858 
      0.430135  0.000784254 
      0.430242  0.000757949 
      0.430349  0.000737415 
      0.430455  0.000721849 
      0.430562  0.000710106 
      0.430722   0.00069754 
      0.430936  0.000686758 
      0.431203   0.00067864 
       0.43163  0.000671629 
      0.432378  0.000666269 
       0.43402  0.000662643 
      0.440627  0.000660817 
      0.441309  0.000660808 
      0.445412   0.00066214 
      0.446111  0.000664956 
      0.446408  0.000669184 
      0.446556  0.000674009 
      0.446683  0.000682263 
      0.446753  0.000690548 
      0.446809  0.000701319 
       0.44685  0.000713144 
      0.446877  0.000724027 
      0.446904  0.000738523 
      0.446928  0.000756268 
      0.446944  0.000771677 
       0.44696  0.000791115 
      0.446974  0.000812861 
      0.446985  0.000832934 
      0.446994  0.000852923 
      0.447004  0.000881919 
      0.447012  0.000908171 
       0.44702  0.000939353 
      0.447028  0.000976768 
      0.447034   0.00100602 
      0.447039   0.00103948 
      0.447045   0.00107798 
       0.44705   0.00112257 
      0.447055   0.00117456 
      0.447059   0.00121942 
      0.447063   0.00127026 
      0.447067   0.00132817 
      0.447071   0.00139443 
      0.447074   0.00144402 
      0.447077   0.00151014 
       0.44708   0.00158453 
      0.447084   0.00166848 
      0.447087    0.0017635 
      0.447089   0.00185238 
      0.447092   0.00195126 
      0.447095   0.00206137 
      0.447098   0.00218404 
        0.4471   0.00232065 
      0.447103   0.00247259 
      0.447106    0.0026412 
      0.447108   0.00282762 
      0.447111    0.0030327 
      0.447114   0.00325681 
      0.447116   0.00349962 
      0.447119   0.00375993 
      0.447123   0.00417775 
      0.447132    0.0051118 
      0.447135   0.00549288 
      0.447138   0.00574662 
      0.447141   0.00596121 
      0.447144   0.00612706 
      0.447146    0.0062168 
      0.447148   0.00627445 
       0.44715   0.00628554 
      0.447152   0.00627076 
      0.447154   0.00622391 
      0.447156   0.00614613 
      0.447158   0.00601373 
      0.447161   0.00584371 
      0.447162   0.00571224 
      0.447166   0.00541431 
      0.447169   0.00508292 
      0.447178   0.00412011 
      0.447181   0.00381354 
      0.447183      0.00355 
      0.447186   0.00330359 
      0.447189   0.00307571 
      0.447191   0.00286686 
      0.447194   0.00267679 
      0.447197   0.00250473 
      0.447199   0.00234958 
      0.447202   0.00221004 
      0.447205   0.00208471 
      0.447207   0.00197221 
       0.44721    0.0018712 
      0.447213   0.00178043 
      0.447215   0.00170069 
      0.447218   0.00162865 
      0.447221   0.00154307 
      0.447225   0.00146786 
      0.447228   0.00140876 
      0.447232   0.00134066 
      0.447236    0.0012812 
       0.44724   0.00122904 
      0.447243   0.00119776 
      0.447248   0.00114236 
      0.447253    0.0010994 
      0.447258   0.00106188 
      0.447265   0.00101394 
      0.447273  0.000971344 
      0.447281  0.000934853 
      0.447289  0.000904398 
      0.447297  0.000878725 
      0.447305   0.00085689 
      0.447317   0.00082885 
      0.447332  0.000803529 
      0.447349  0.000780001 
      0.447369    0.0007592 
      0.447392  0.000741117 
      0.447419  0.000725929 
      0.447447  0.000714309 
       0.44749  0.000701579 
      0.447544  0.000691012 
      0.447601  0.000683821 
       0.44768  0.000677415 
      0.447814  0.000671314 
      0.448055  0.000666363 
      0.448626  0.000662756 
      0.451071  0.000660935 
      0.452938  0.000660835 
      0.460885   0.00066245 
      0.462412  0.000665651 
       0.46305  0.000670565 
      0.463386  0.000676901 
      0.463578   0.00068373 
      0.463722  0.000692103 
      0.463818  0.000700428 
      0.463914  0.000712367 
      0.463986  0.000724997 
      0.464058  0.000742401 
      0.464106  0.000757743 
      0.464154  0.000777116 
      0.464202  0.000801614 
      0.464238  0.000824037 
      0.464274  0.000850324 
      0.464322  0.000891269 
      0.464405  0.000968681 
      0.464439  0.000994226 
      0.464461   0.00100656 
      0.464483   0.00101393 
        0.4645   0.00101572 
      0.464524   0.00101227 
      0.464553   0.00099956 
      0.464582  0.000979359 
      0.464625  0.000940865 
      0.464697  0.000873993 
      0.464733  0.000844627 
      0.464769  0.000819164 
      0.464817  0.000791085 
      0.464865  0.000768817 
      0.464913  0.000751212 
      0.464961  0.000737244 
      0.465033  0.000721338 
      0.465081  0.000713218 
      0.465186  0.000700106 
       0.46533  0.000688796 
      0.465522  0.000679983 
       0.46581  0.000673004 
      0.466312  0.000667696 
      0.467416  0.000664219 
      0.469117  0.000663354 
      0.473008  0.000665829 
      0.475116   0.00067103 
      0.476294  0.000677899 
        0.4771  0.000686809 
       0.47772  0.000698345 
      0.478216  0.000712462 
       0.47865  0.000729641 
      0.479988  0.000796759 
      0.480139  0.000809202 
      0.480224   0.00082026 
      0.480303  0.000835711 
      0.480355  0.000849652 
      0.480407  0.000868131 
      0.480459  0.000892427 
      0.480501  0.000917734 
      0.480543  0.000948526 
      0.480597  0.000994938 
      0.480662   0.00105241 
      0.480691   0.00107329 
      0.480715   0.00108531 
       0.48074   0.00109087 
      0.480746   0.00109113 
      0.480766   0.00108867 
      0.480792   0.00107833 
      0.480816   0.00106246 
      0.480853   0.00103087 
      0.480942  0.000943833 
       0.48098  0.000910307 
      0.481027  0.000875969 
      0.481074  0.000848101 
      0.481126  0.000823683 
      0.481178  0.000804393 
      0.481234  0.000787691 
      0.481319  0.000768715 
      0.481403  0.000754673 
      0.481516   0.00074082 
      0.481685  0.000726268 
      0.481911  0.000713223 
      0.482208  0.000701775 
      0.482618  0.000691468 
      0.483253  0.000681771 
      0.484182  0.000673992 
       0.48569   0.00066797 
      0.488637  0.000663632 
      0.489944  0.000662779 
      0.489972  0.000663659 
      0.489983  0.000667228 
       0.48999   0.00067266 
       0.49001  0.000697459 
       0.49002  0.000704646 
      0.490027  0.000706642 
      0.490054  0.000707686 
           0.5  0.000709318 
      0.608465  0.000759362 
      0.709844  0.000813403 
      0.805643  0.000872811 
             1    0.0010223 
          1.25    0.0012886 
        1.3227   0.00138386 
           1.4   0.00112853 
          1.55    0.0011186 
         1.707   0.00116847 
        1.9057  0.000550812 
        2.1415  0.000529148 
        2.2783  0.000489483 
        2.3065  0.000487658 
        2.4327  0.000454129 
        2.4833  0.000437751 
       2.59709  0.000407781 
        2.6279  0.000400229 
        2.6538  0.000392702 
       2.88035   0.00035882 
       2.91069  0.000354426 
        3.0012  0.000342691 
        3.2357   0.00033074 
        3.2995  0.000328679 
           3.5  0.000304229 
         3.659   0.00027482 
             4  0.000217661 
           4.5  0.000152951 
             5  0.000108891 
           5.5   8.15735e-5 
             6   6.87202e-5 
        6.1419   6.65431e-5 
           6.5   6.33802e-5 
             7   6.39252e-5 
           7.5   6.98622e-5 
        7.7294   7.44101e-5 
        8.0541   8.16472e-5 
          8.25   8.80321e-5 
           8.5   9.76952e-5 
          8.75   0.00010923 
             9   0.00012283 
          9.25   0.00013869 
        9.3871   0.00014843 
           9.5   0.00015704 
          9.75   0.00017805 
        9.9704   0.00019887 
       10.1111  0.000213721 
         10.25   0.00022839 
       10.3946  0.000245275 
          10.5   0.00025758 
       10.6481  0.000276221 
         10.75   0.00028904 
       10.9017  0.000309175 
            11   0.00032223 
       11.1552  0.000343488 
       11.3126  0.000365046 
       11.4722  0.000386908 
          11.5   0.00039072 
       11.6622  0.000412045 
       11.8268  0.000433672 
       11.9936  0.000455603 
            12   0.00045644 
       12.1693  0.000475906 
        12.341  0.000495646 
          12.5   0.00051393 
       12.6764  0.000530486 
       12.8552  0.000547276 
            13   0.00056087 
       13.1834  0.000574211 
       13.3694   0.00058774 
          13.5   0.00059724 
       13.6905  0.000607136 
       13.8836  0.000617172 
            14   0.00062322 
       14.1975  0.000629267 
       14.3978  0.000635399 
        14.554   0.00064018 
       14.7593  0.000643163 
       14.9676  0.000646189 
            15   0.00064666 
       15.2116  0.000647858 
       15.4262  0.000649072 
       15.6439  0.000650304 
       15.8646  0.000651553 
       16.0884   0.00065282 
       16.3154  0.000654105 
          16.5   0.00065515 
       16.7328   0.00065535 
       16.9689  0.000655553 
            17   0.00065558 
       17.2398  0.000653402 
       17.4831  0.000651194 
          17.5   0.00065104 
       17.7469  0.000645677 
       17.9973  0.000640239 
            18   0.00064018 
       18.2539  0.000632049 
          18.5   0.00062417 
        18.761  0.000614831 
       19.0257  0.000605361 
       19.2941  0.000595757 
          19.5   0.00058839 
       19.7751  0.000580373 
            20   0.00057382 
//
#-------------------------------------------------------------------------------
