unit: MeV 
spectrum:
1.000000000000000021e-03 1.000000000000000048e-04
2.000100010001000343e-03 1.000000000000000048e-04
3.000200020002000232e-03 1.000000000000000048e-04
4.000300030003000121e-03 1.000000000000000048e-04
5.000400040004000443e-03 1.000000000000000048e-04
6.000500050005000766e-03 1.000000000000000048e-04
7.000600060006000221e-03 1.000000000000000048e-04
8.000700070006999676e-03 1.000000000000000048e-04
9.000800080007999998e-03 1.000000000000000048e-04
1.000090009000900032e-02 1.000000000000000048e-04
1.100100010001000064e-02 1.000000000000000048e-04
1.200110011001100097e-02 1.000000000000000048e-04
1.300120012001200129e-02 1.000000000000000048e-04
1.400130013001300161e-02 1.000000000000000048e-04
1.500140014001400193e-02 1.000000000000000048e-04
1.600150015001500226e-02 1.000000000000000048e-04
1.700160016001600258e-02 1.000000000000000048e-04
1.800170017001700290e-02 1.000000000000000048e-04
1.900180018001800322e-02 1.000000000000000048e-04
2.000190019001900354e-02 1.000000000000000048e-04
2.100200020002000387e-02 1.000000000000000048e-04
2.200210021002100419e-02 1.000000000000000048e-04
2.300220022002200451e-02 1.000000000000000048e-04
2.400230023002300483e-02 1.000000000000000048e-04
2.500240024002400169e-02 1.000000000000000048e-04
2.600250025002500201e-02 1.000000000000000048e-04
2.700260026002600233e-02 1.000000000000000048e-04
2.800270027002700265e-02 1.000000000000000048e-04
2.900280028002800298e-02 1.000000000000000048e-04
3.000290029002900330e-02 1.000000000000000048e-04
3.100300030003000362e-02 1.000000000000000048e-04
3.200310031003100047e-02 1.000000000000000048e-04
3.300320032003200427e-02 1.000000000000000048e-04
3.400330033003300112e-02 1.000000000000000048e-04
3.500340034003400491e-02 1.000000000000000048e-04
3.600350035003500176e-02 1.000000000000000048e-04
3.700360036003600556e-02 1.000000000000000048e-04
3.800370037003700241e-02 1.000000000000000048e-04
3.900380038003800620e-02 1.000000000000000048e-04
4.000390039003900305e-02 1.000000000000000048e-04
4.100400040004000685e-02 1.000000000000000048e-04
4.200410041004100370e-02 1.000000000000000048e-04
4.300420042004200749e-02 1.000000000000000048e-04
4.400430043004300434e-02 1.000000000000000048e-04
4.500440044004400814e-02 1.000000000000000048e-04
4.600450045004500499e-02 1.000000000000000048e-04
4.700460046004600878e-02 1.000000000000000048e-04
4.800470047004700563e-02 1.000000000000000048e-04
4.900480048004800249e-02 1.000000000000000048e-04
5.000490049004900628e-02 1.000000000000000048e-04
5.100500050005000313e-02 1.000000000000000048e-04
5.200510051005100692e-02 1.000000000000000048e-04
5.300520052005200378e-02 1.000000000000000048e-04
5.400530053005300757e-02 1.000000000000000048e-04
5.500540054005400442e-02 1.000000000000000048e-04
5.600550055005500821e-02 1.000000000000000048e-04
5.700560056005600507e-02 1.000000000000000048e-04
5.800570057005700886e-02 1.000000000000000048e-04
5.900580058005800571e-02 1.000000000000000048e-04
6.000590059005900950e-02 1.000000000000000048e-04
6.100600060006000636e-02 1.000000000000000048e-04
6.200610061006101015e-02 1.000000000000000048e-04
6.300620062006200006e-02 1.000000000000000048e-04
6.400630063006300385e-02 1.000000000000000048e-04
6.500640064006400765e-02 1.000000000000000048e-04
6.600650065006501144e-02 1.000000000000000048e-04
6.700660066006600135e-02 1.000000000000000048e-04
6.800670067006700514e-02 1.000000000000000048e-04
6.900680068006800894e-02 1.000000000000000048e-04
7.000690069006901273e-02 1.000000000000000048e-04
7.100700070007000264e-02 1.000000000000000048e-04
7.200710071007100643e-02 1.000000000000000048e-04
7.300720072007201022e-02 1.000000000000000048e-04
7.400730073007301402e-02 1.000000000000000048e-04
7.500740074007400393e-02 1.000000000000000048e-04
7.600750075007500772e-02 1.000000000000000048e-04
7.700760076007601151e-02 1.000000000000000048e-04
7.800770077007701531e-02 1.000000000000000048e-04
7.900780078007800522e-02 1.000000000000000048e-04
8.000790079007900901e-02 1.000000000000000048e-04
8.100800080008001280e-02 1.000000000000000048e-04
8.200810081008100272e-02 1.000000000000000048e-04
8.300820082008200651e-02 1.000000000000000048e-04
8.400830083008301030e-02 1.000000000000000048e-04
8.500840084008401409e-02 1.000000000000000048e-04
8.600850085008500401e-02 1.000000000000000048e-04
8.700860086008600780e-02 1.000000000000000048e-04
8.800870087008701159e-02 1.000000000000000048e-04
8.900880088008801538e-02 1.000000000000000048e-04
9.000890089008900530e-02 1.000000000000000048e-04
9.100900090009000909e-02 1.000000000000000048e-04
9.200910091009101288e-02 1.000000000000000048e-04
9.300920092009201667e-02 1.000000000000000048e-04
9.400930093009300659e-02 1.000000000000000048e-04
9.500940094009401038e-02 1.000000000000000048e-04
9.600950095009501417e-02 1.000000000000000048e-04
9.700960096009600409e-02 1.000000000000000048e-04
9.800970097009700788e-02 1.000000000000000048e-04
9.900980098009801167e-02 1.000000000000000048e-04
1.000099009900990155e-01 1.000000000000000048e-04
1.010100010001000054e-01 1.000000000000000048e-04
1.020101010101010092e-01 1.000000000000000048e-04
1.030102010201020130e-01 1.000000000000000048e-04
1.040103010301030168e-01 1.000000000000000048e-04
1.050104010401040067e-01 1.000000000000000048e-04
1.060105010501050105e-01 1.000000000000000048e-04
1.070106010601060142e-01 1.000000000000000048e-04
1.080107010701070180e-01 1.000000000000000048e-04
1.090108010801080080e-01 1.000000000000000048e-04
1.100109010901090117e-01 1.000000000000000048e-04
1.110110011001100155e-01 1.000000000000000048e-04
1.120111011101110193e-01 1.000000000000000048e-04
1.130112011201120092e-01 1.000000000000000048e-04
1.140113011301130130e-01 1.000000000000000048e-04
1.150114011401140168e-01 1.000000000000000048e-04
1.160115011501150067e-01 1.000000000000000048e-04
1.170116011601160105e-01 1.000000000000000048e-04
1.180117011701170143e-01 1.000000000000000048e-04
1.190118011801180181e-01 1.000000000000000048e-04
1.200119011901190080e-01 1.000000000000000048e-04
1.210120012001200118e-01 1.000000000000000048e-04
1.220121012101210156e-01 1.000000000000000048e-04
1.230122012201220194e-01 1.000000000000000048e-04
1.240123012301230093e-01 1.000000000000000048e-04
1.250124012401239992e-01 1.000000000000000048e-04
1.260125012501250030e-01 1.000000000000000048e-04
1.270126012601260068e-01 1.000000000000000048e-04
1.280127012701270106e-01 1.000000000000000048e-04
1.290128012801280144e-01 1.000000000000000048e-04
1.300129012901290182e-01 1.000000000000000048e-04
1.310130013001300220e-01 1.000000000000000048e-04
1.320131013101310258e-01 1.000000000000000048e-04
1.330132013201320018e-01 1.000000000000000048e-04
1.340133013301330056e-01 1.000000000000000048e-04
1.350134013401340094e-01 1.000000000000000048e-04
1.360135013501350132e-01 1.000000000000000048e-04
1.370136013601360170e-01 1.000000000000000048e-04
1.380137013701370208e-01 1.000000000000000048e-04
1.390138013801380246e-01 1.000000000000000048e-04
1.400139013901390284e-01 1.000000000000000048e-04
1.410140014001400044e-01 1.000000000000000048e-04
1.420141014101410082e-01 1.000000000000000048e-04
1.430142014201420120e-01 1.000000000000000048e-04
1.440143014301430158e-01 1.000000000000000048e-04
1.450144014401440196e-01 1.000000000000000048e-04
1.460145014501450234e-01 1.000000000000000048e-04
1.470146014601460271e-01 1.000000000000000048e-04
1.480147014701470032e-01 1.000000000000000048e-04
1.490148014801480070e-01 1.000000000000000048e-04
1.500149014901490108e-01 1.000000000000000048e-04
1.510150015001500146e-01 1.000000000000000048e-04
1.520151015101510183e-01 1.000000000000000048e-04
1.530152015201520221e-01 1.000000000000000048e-04
1.540153015301530259e-01 1.000000000000000048e-04
1.550154015401540297e-01 1.000000000000000048e-04
1.560155015501550058e-01 1.000000000000000048e-04
1.570156015601560096e-01 1.000000000000000048e-04
1.580157015701570133e-01 1.000000000000000048e-04
1.590158015801580171e-01 1.000000000000000048e-04
1.600159015901590209e-01 1.000000000000000048e-04
1.610160016001600247e-01 1.000000000000000048e-04
1.620161016101610285e-01 1.000000000000000048e-04
1.630162016201620045e-01 1.000000000000000048e-04
1.640163016301630083e-01 1.000000000000000048e-04
1.650164016401640121e-01 1.000000000000000048e-04
1.660165016501650159e-01 1.000000000000000048e-04
1.670166016601660197e-01 1.000000000000000048e-04
1.680167016701670235e-01 1.000000000000000048e-04
1.690168016801680273e-01 1.000000000000000048e-04
1.700169016901690311e-01 1.000000000000000048e-04
1.710170017001700071e-01 1.000000000000000048e-04
1.720171017101710109e-01 1.000000000000000048e-04
1.730172017201720147e-01 1.000000000000000048e-04
1.740173017301730185e-01 1.000000000000000048e-04
1.750174017401740223e-01 1.000000000000000048e-04
1.760175017501750261e-01 1.000000000000000048e-04
1.770176017601760299e-01 1.000000000000000048e-04
1.780177017701770059e-01 1.000000000000000048e-04
1.790178017801780097e-01 1.000000000000000048e-04
1.800179017901790135e-01 1.000000000000000048e-04
1.810180018001800173e-01 1.000000000000000048e-04
1.820181018101810211e-01 1.000000000000000048e-04
1.830182018201820249e-01 1.000000000000000048e-04
1.840183018301830287e-01 1.000000000000000048e-04
1.850184018401840325e-01 1.000000000000000048e-04
1.860185018501850085e-01 1.000000000000000048e-04
1.870186018601860123e-01 1.000000000000000048e-04
1.880187018701870161e-01 1.000000000000000048e-04
1.890188018801880199e-01 1.000000000000000048e-04
1.900189018901890237e-01 1.000000000000000048e-04
1.910190019001900275e-01 1.000000000000000048e-04
1.920191019101910312e-01 1.000000000000000048e-04
1.930192019201920073e-01 1.000000000000000048e-04
1.940193019301930111e-01 1.000000000000000048e-04
1.950194019401940149e-01 1.000000000000000048e-04
1.960195019501950187e-01 1.000000000000000048e-04
1.970196019601960224e-01 1.000000000000000048e-04
1.980197019701970262e-01 1.000000000000000048e-04
1.990198019801980300e-01 1.000000000000000048e-04
2.000199019901990338e-01 1.000000000000000048e-04
2.010200020002000099e-01 1.000000000000000048e-04
2.020201020102010137e-01 1.000000000000000048e-04
2.030202020202020174e-01 1.000000000000000048e-04
2.040203020302030212e-01 1.000000000000000048e-04
2.050204020402040250e-01 1.000000000000000048e-04
2.060205020502050288e-01 1.000000000000000048e-04
2.070206020602060326e-01 1.000000000000000048e-04
2.080207020702070364e-01 1.000000000000000048e-04
2.090208020802080124e-01 1.000000000000000048e-04
2.100209020902090162e-01 1.000000000000000048e-04
2.110210021002100200e-01 1.000000000000000048e-04
2.120211021102110238e-01 1.000000000000000048e-04
2.130212021202120276e-01 1.000000000000000048e-04
2.140213021302130314e-01 1.000000000000000048e-04
2.150214021402140352e-01 1.000000000000000048e-04
2.160215021502150112e-01 1.000000000000000048e-04
2.170216021602160150e-01 1.000000000000000048e-04
2.180217021702170188e-01 1.000000000000000048e-04
2.190218021802180226e-01 1.000000000000000048e-04
2.200219021902190264e-01 1.000000000000000048e-04
2.210220022002200302e-01 1.000000000000000048e-04
2.220221022102210340e-01 1.000000000000000048e-04
2.230222022202220378e-01 1.000000000000000048e-04
2.240223022302230138e-01 1.000000000000000048e-04
2.250224022402240176e-01 1.000000000000000048e-04
2.260225022502250214e-01 1.000000000000000048e-04
2.270226022602260252e-01 1.000000000000000048e-04
2.280227022702270290e-01 1.000000000000000048e-04
2.290228022802280328e-01 1.000000000000000048e-04
2.300229022902290366e-01 1.000000000000000048e-04
2.310230023002300126e-01 1.000000000000000048e-04
2.320231023102310164e-01 1.000000000000000048e-04
2.330232023202320202e-01 1.000000000000000048e-04
2.340233023302330240e-01 1.000000000000000048e-04
2.350234023402340278e-01 1.000000000000000048e-04
2.360235023502350316e-01 1.000000000000000048e-04
2.370236023602360353e-01 1.000000000000000048e-04
2.380237023702370391e-01 1.000000000000000048e-04
2.390238023802380152e-01 1.000000000000000048e-04
2.400239023902390190e-01 1.000000000000000048e-04
2.410240024002400228e-01 1.000000000000000048e-04
2.420241024102410266e-01 1.000000000000000048e-04
2.430242024202420303e-01 1.000000000000000048e-04
2.440243024302430341e-01 1.000000000000000048e-04
2.450244024402440379e-01 1.000000000000000048e-04
2.460245024502450140e-01 1.000000000000000048e-04
2.470246024602460178e-01 1.000000000000000048e-04
2.480247024702470215e-01 1.000000000000000048e-04
2.490248024802480253e-01 1.000000000000000048e-04
2.500249024902490014e-01 1.000000000000000048e-04
2.510250025002500052e-01 1.000000000000000048e-04
2.520251025102510090e-01 1.000000000000000048e-04
2.530252025202520128e-01 1.000000000000000048e-04
2.540253025302530165e-01 1.000000000000000048e-04
2.550254025402540203e-01 1.000000000000000048e-04
2.560255025502550241e-01 1.000000000000000048e-04
2.570256025602560279e-01 1.000000000000000048e-04
2.580257025702570317e-01 1.000000000000000048e-04
2.590258025802580355e-01 1.000000000000000048e-04
2.600259025902590393e-01 1.000000000000000048e-04
2.610260026002600431e-01 1.000000000000000048e-04
2.620261026102610469e-01 1.000000000000000048e-04
2.630262026202620507e-01 1.000000000000000048e-04
2.640263026302630545e-01 1.000000000000000048e-04
2.650264026402640027e-01 1.000000000000000048e-04
2.660265026502650065e-01 1.000000000000000048e-04
2.670266026602660103e-01 1.000000000000000048e-04
2.680267026702670141e-01 1.000000000000000048e-04
2.690268026802680179e-01 1.000000000000000048e-04
2.700269026902690217e-01 1.000000000000000048e-04
2.710270027002700255e-01 1.000000000000000048e-04
2.720271027102710293e-01 1.000000000000000048e-04
2.730272027202720331e-01 1.000000000000000048e-04
2.740273027302730369e-01 1.000000000000000048e-04
2.750274027402740407e-01 1.000000000000000048e-04
2.760275027502750445e-01 1.000000000000000048e-04
2.770276027602760482e-01 1.000000000000000048e-04
2.780277027702770520e-01 1.000000000000000048e-04
2.790278027802780558e-01 1.000000000000000048e-04
2.800279027902790041e-01 1.000000000000000048e-04
2.810280028002800079e-01 1.000000000000000048e-04
2.820281028102810117e-01 1.000000000000000048e-04
2.830282028202820155e-01 1.000000000000000048e-04
2.840283028302830193e-01 1.000000000000000048e-04
2.850284028402840231e-01 1.000000000000000048e-04
2.860285028502850269e-01 1.000000000000000048e-04
2.870286028602860307e-01 1.000000000000000048e-04
2.880287028702870344e-01 1.000000000000000048e-04
2.890288028802880382e-01 1.000000000000000048e-04
2.900289028902890420e-01 1.000000000000000048e-04
2.910290029002900458e-01 1.000000000000000048e-04
2.920291029102910496e-01 1.000000000000000048e-04
2.930292029202920534e-01 1.000000000000000048e-04
2.940293029302930572e-01 1.000000000000000048e-04
2.950294029402940055e-01 1.000000000000000048e-04
2.960295029502950093e-01 1.000000000000000048e-04
2.970296029602960131e-01 1.000000000000000048e-04
2.980297029702970169e-01 1.000000000000000048e-04
2.990298029802980206e-01 1.000000000000000048e-04
3.000299029902990244e-01 1.000000000000000048e-04
3.010300030003000282e-01 1.000000000000000048e-04
3.020301030103010320e-01 1.000000000000000048e-04
3.030302030203020358e-01 1.000000000000000048e-04
3.040303030303030396e-01 1.000000000000000048e-04
3.050304030403040434e-01 1.000000000000000048e-04
3.060305030503050472e-01 1.000000000000000048e-04
3.070306030603060510e-01 1.000000000000000048e-04
3.080307030703070548e-01 1.000000000000000048e-04
3.090308030803080586e-01 1.000000000000000048e-04
3.100309030903090068e-01 1.000000000000000048e-04
3.110310031003100106e-01 1.000000000000000048e-04
3.120311031103110144e-01 1.000000000000000048e-04
3.130312031203120182e-01 1.000000000000000048e-04
3.140313031303130220e-01 1.000000000000000048e-04
3.150314031403140258e-01 1.000000000000000048e-04
3.160315031503150296e-01 1.000000000000000048e-04
3.170316031603160334e-01 1.000000000000000048e-04
3.180317031703170372e-01 1.000000000000000048e-04
3.190318031803180410e-01 1.000000000000000048e-04
3.200319031903190448e-01 1.000000000000000048e-04
3.210320032003200486e-01 1.000000000000000048e-04
3.220321032103210523e-01 1.000000000000000048e-04
3.230322032203220561e-01 1.000000000000000048e-04
3.240323032303230599e-01 1.000000000000000048e-04
3.250324032403240082e-01 1.000000000000000048e-04
3.260325032503250120e-01 1.000000000000000048e-04
3.270326032603260158e-01 1.000000000000000048e-04
3.280327032703270196e-01 1.000000000000000048e-04
3.290328032803280234e-01 1.000000000000000048e-04
3.300329032903290272e-01 1.000000000000000048e-04
3.310330033003300310e-01 1.000000000000000048e-04
3.320331033103310348e-01 1.000000000000000048e-04
3.330332033203320385e-01 1.000000000000000048e-04
3.340333033303330423e-01 1.000000000000000048e-04
3.350334033403340461e-01 1.000000000000000048e-04
3.360335033503350499e-01 1.000000000000000048e-04
3.370336033603360537e-01 1.000000000000000048e-04
3.380337033703370575e-01 1.000000000000000048e-04
3.390338033803380613e-01 1.000000000000000048e-04
3.400339033903390096e-01 1.000000000000000048e-04
3.410340034003400134e-01 1.000000000000000048e-04
3.420341034103410172e-01 1.000000000000000048e-04
3.430342034203420210e-01 1.000000000000000048e-04
3.440343034303430247e-01 1.000000000000000048e-04
3.450344034403440285e-01 1.000000000000000048e-04
3.460345034503450323e-01 1.000000000000000048e-04
3.470346034603460361e-01 1.000000000000000048e-04
3.480347034703470399e-01 1.000000000000000048e-04
3.490348034803480437e-01 1.000000000000000048e-04
3.500349034903490475e-01 1.000000000000000048e-04
3.510350035003500513e-01 1.000000000000000048e-04
3.520351035103510551e-01 1.000000000000000048e-04
3.530352035203520589e-01 1.000000000000000048e-04
3.540353035303530627e-01 1.000000000000000048e-04
3.550354035403540109e-01 1.000000000000000048e-04
3.560355035503550147e-01 1.000000000000000048e-04
3.570356035603560185e-01 1.000000000000000048e-04
3.580357035703570223e-01 1.000000000000000048e-04
3.590358035803580261e-01 1.000000000000000048e-04
3.600359035903590299e-01 1.000000000000000048e-04
3.610360036003600337e-01 1.000000000000000048e-04
3.620361036103610375e-01 1.000000000000000048e-04
3.630362036203620413e-01 1.000000000000000048e-04
3.640363036303630451e-01 1.000000000000000048e-04
3.650364036403640489e-01 1.000000000000000048e-04
3.660365036503650527e-01 1.000000000000000048e-04
3.670366036603660564e-01 1.000000000000000048e-04
3.680367036703670602e-01 1.000000000000000048e-04
3.690368036803680640e-01 1.000000000000000048e-04
3.700369036903690123e-01 1.000000000000000048e-04
3.710370037003700161e-01 1.000000000000000048e-04
3.720371037103710199e-01 1.000000000000000048e-04
3.730372037203720237e-01 1.000000000000000048e-04
3.740373037303730275e-01 1.000000000000000048e-04
3.750374037403740313e-01 1.000000000000000048e-04
3.760375037503750351e-01 1.000000000000000048e-04
3.770376037603760389e-01 1.000000000000000048e-04
3.780377037703770426e-01 1.000000000000000048e-04
3.790378037803780464e-01 1.000000000000000048e-04
3.800379037903790502e-01 1.000000000000000048e-04
3.810380038003800540e-01 1.000000000000000048e-04
3.820381038103810578e-01 1.000000000000000048e-04
3.830382038203820616e-01 1.000000000000000048e-04
3.840383038303830654e-01 1.000000000000000048e-04
3.850384038403840137e-01 1.000000000000000048e-04
3.860385038503850175e-01 1.000000000000000048e-04
3.870386038603860213e-01 1.000000000000000048e-04
3.880387038703870251e-01 1.000000000000000048e-04
3.890388038803880288e-01 1.000000000000000048e-04
3.900389038903890326e-01 1.000000000000000048e-04
3.910390039003900364e-01 1.000000000000000048e-04
3.920391039103910402e-01 1.000000000000000048e-04
3.930392039203920440e-01 1.000000000000000048e-04
3.940393039303930478e-01 1.000000000000000048e-04
3.950394039403940516e-01 1.000000000000000048e-04
3.960395039503950554e-01 1.000000000000000048e-04
3.970396039603960592e-01 1.000000000000000048e-04
3.980397039703970630e-01 1.000000000000000048e-04
3.990398039803980668e-01 1.000000000000000048e-04
4.000399039903990706e-01 1.000000000000000048e-04
4.010400040004000188e-01 1.000000000000000048e-04
4.020401040104010226e-01 1.000000000000000048e-04
4.030402040204020264e-01 1.000000000000000048e-04
4.040403040304030302e-01 1.000000000000000048e-04
4.050404040404040340e-01 1.000000000000000048e-04
4.060405040504050378e-01 1.000000000000000048e-04
4.070406040604060416e-01 1.000000000000000048e-04
4.080407040704070454e-01 1.000000000000000048e-04
4.090408040804080492e-01 1.000000000000000048e-04
4.100409040904090530e-01 1.000000000000000048e-04
4.110410041004100568e-01 1.000000000000000048e-04
4.120411041104110605e-01 1.000000000000000048e-04
4.130412041204120643e-01 1.000000000000000048e-04
4.140413041304130681e-01 1.000000000000000048e-04
4.150414041404140719e-01 1.000000000000000048e-04
4.160415041504150202e-01 1.000000000000000048e-04
4.170416041604160240e-01 1.000000000000000048e-04
4.180417041704170278e-01 1.000000000000000048e-04
4.190418041804180316e-01 1.000000000000000048e-04
4.200419041904190354e-01 1.000000000000000048e-04
4.210420042004200392e-01 1.000000000000000048e-04
4.220421042104210430e-01 1.000000000000000048e-04
4.230422042204220467e-01 1.000000000000000048e-04
4.240423042304230505e-01 1.000000000000000048e-04
4.250424042404240543e-01 1.000000000000000048e-04
4.260425042504250581e-01 1.000000000000000048e-04
4.270426042604260619e-01 1.000000000000000048e-04
4.280427042704270657e-01 1.000000000000000048e-04
4.290428042804280695e-01 1.000000000000000048e-04
4.300429042904290733e-01 1.000000000000000048e-04
4.310430043004300216e-01 1.000000000000000048e-04
4.320431043104310254e-01 1.000000000000000048e-04
4.330432043204320292e-01 1.000000000000000048e-04
4.340433043304330329e-01 1.000000000000000048e-04
4.350434043404340367e-01 1.000000000000000048e-04
4.360435043504350405e-01 1.000000000000000048e-04
4.370436043604360443e-01 1.000000000000000048e-04
4.380437043704370481e-01 1.000000000000000048e-04
4.390438043804380519e-01 1.000000000000000048e-04
4.400439043904390557e-01 1.000000000000000048e-04
4.410440044004400595e-01 1.000000000000000048e-04
4.420441044104410633e-01 1.000000000000000048e-04
4.430442044204420671e-01 1.000000000000000048e-04
4.440443044304430709e-01 1.000000000000000048e-04
4.450444044404440747e-01 1.000000000000000048e-04
4.460445044504450229e-01 1.000000000000000048e-04
4.470446044604460267e-01 1.000000000000000048e-04
4.480447044704470305e-01 1.000000000000000048e-04
4.490448044804480343e-01 1.000000000000000048e-04
4.500449044904490381e-01 1.000000000000000048e-04
4.510450045004500419e-01 1.000000000000000048e-04
4.520451045104510457e-01 1.000000000000000048e-04
4.530452045204520495e-01 1.000000000000000048e-04
4.540453045304530533e-01 1.000000000000000048e-04
4.550454045404540571e-01 1.000000000000000048e-04
4.560455045504550609e-01 1.000000000000000048e-04
4.570456045604560646e-01 1.000000000000000048e-04
4.580457045704570684e-01 1.000000000000000048e-04
4.590458045804580722e-01 1.000000000000000048e-04
4.600459045904590760e-01 1.000000000000000048e-04
4.610460046004600243e-01 1.000000000000000048e-04
4.620461046104610281e-01 1.000000000000000048e-04
4.630462046204620319e-01 1.000000000000000048e-04
4.640463046304630357e-01 1.000000000000000048e-04
4.650464046404640395e-01 1.000000000000000048e-04
4.660465046504650433e-01 1.000000000000000048e-04
4.670466046604660471e-01 1.000000000000000048e-04
4.680467046704670508e-01 1.000000000000000048e-04
4.690468046804680546e-01 1.000000000000000048e-04
4.700469046904690584e-01 1.000000000000000048e-04
4.710470047004700622e-01 1.000000000000000048e-04
4.720471047104710660e-01 1.000000000000000048e-04
4.730472047204720698e-01 1.000000000000000048e-04
4.740473047304730736e-01 1.000000000000000048e-04
4.750474047404740774e-01 1.000000000000000048e-04
4.760475047504750257e-01 1.000000000000000048e-04
4.770476047604760295e-01 1.000000000000000048e-04
4.780477047704770333e-01 1.000000000000000048e-04
4.790478047804780370e-01 1.000000000000000048e-04
4.800479047904790408e-01 1.000000000000000048e-04
4.810480048004800446e-01 1.000000000000000048e-04
4.820481048104810484e-01 1.000000000000000048e-04
4.830482048204820522e-01 1.000000000000000048e-04
4.840483048304830560e-01 1.000000000000000048e-04
4.850484048404840598e-01 1.000000000000000048e-04
4.860485048504850636e-01 1.000000000000000048e-04
4.870486048604860674e-01 1.000000000000000048e-04
4.880487048704870712e-01 1.000000000000000048e-04
4.890488048804880750e-01 1.000000000000000048e-04
4.900489048904890788e-01 1.000000000000000048e-04
4.910490049004900270e-01 1.000000000000000048e-04
4.920491049104910308e-01 1.000000000000000048e-04
4.930492049204920346e-01 1.000000000000000048e-04
4.940493049304930384e-01 1.000000000000000048e-04
4.950494049404940422e-01 1.000000000000000048e-04
4.960495049504950460e-01 1.000000000000000048e-04
4.970496049604960498e-01 1.000000000000000048e-04
4.980497049704970536e-01 1.000000000000000048e-04
4.990498049804980574e-01 1.000000000000000048e-04
5.000499049904990612e-01 1.000000000000000048e-04
5.010500050005000094e-01 1.000000000000000048e-04
5.020501050105010687e-01 1.000000000000000048e-04
5.030502050205020170e-01 1.000000000000000048e-04
5.040503050305030763e-01 1.000000000000000048e-04
5.050504050405040246e-01 1.000000000000000048e-04
5.060505050505050839e-01 1.000000000000000048e-04
5.070506050605060322e-01 1.000000000000000048e-04
5.080507050705070915e-01 1.000000000000000048e-04
5.090508050805080398e-01 1.000000000000000048e-04
5.100509050905090991e-01 1.000000000000000048e-04
5.110510051005100474e-01 1.000000000000000048e-04
5.120511051105111067e-01 1.000000000000000048e-04
5.130512051205120549e-01 1.000000000000000048e-04
5.140513051305130032e-01 1.000000000000000048e-04
5.150514051405140625e-01 1.000000000000000048e-04
5.160515051505150108e-01 1.000000000000000048e-04
5.170516051605160701e-01 1.000000000000000048e-04
5.180517051705170184e-01 1.000000000000000048e-04
5.190518051805180777e-01 1.000000000000000048e-04
5.200519051905190260e-01 1.000000000000000048e-04
5.210520052005200853e-01 1.000000000000000048e-04
5.220521052105210336e-01 1.000000000000000048e-04
5.230522052205220929e-01 1.000000000000000048e-04
5.240523052305230411e-01 1.000000000000000048e-04
5.250524052405241004e-01 1.000000000000000048e-04
5.260525052505250487e-01 1.000000000000000048e-04
5.270526052605261080e-01 1.000000000000000048e-04
5.280527052705270563e-01 1.000000000000000048e-04
5.290528052805280046e-01 1.000000000000000048e-04
5.300529052905290639e-01 1.000000000000000048e-04
5.310530053005300122e-01 1.000000000000000048e-04
5.320531053105310715e-01 1.000000000000000048e-04
5.330532053205320198e-01 1.000000000000000048e-04
5.340533053305330791e-01 1.000000000000000048e-04
5.350534053405340273e-01 1.000000000000000048e-04
5.360535053505350866e-01 1.000000000000000048e-04
5.370536053605360349e-01 1.000000000000000048e-04
5.380537053705370942e-01 1.000000000000000048e-04
5.390538053805380425e-01 1.000000000000000048e-04
5.400539053905391018e-01 1.000000000000000048e-04
5.410540054005400501e-01 1.000000000000000048e-04
5.420541054105411094e-01 1.000000000000000048e-04
5.430542054205420577e-01 1.000000000000000048e-04
5.440543054305430060e-01 1.000000000000000048e-04
5.450544054405440653e-01 1.000000000000000048e-04
5.460545054505450135e-01 1.000000000000000048e-04
5.470546054605460728e-01 1.000000000000000048e-04
5.480547054705470211e-01 1.000000000000000048e-04
5.490548054805480804e-01 1.000000000000000048e-04
5.500549054905490287e-01 1.000000000000000048e-04
5.510550055005500880e-01 1.000000000000000048e-04
5.520551055105510363e-01 1.000000000000000048e-04
5.530552055205520956e-01 1.000000000000000048e-04
5.540553055305530439e-01 1.000000000000000048e-04
5.550554055405541032e-01 1.000000000000000048e-04
5.560555055505550515e-01 1.000000000000000048e-04
5.570556055605561108e-01 1.000000000000000048e-04
5.580557055705570590e-01 1.000000000000000048e-04
5.590558055805580073e-01 1.000000000000000048e-04
5.600559055905590666e-01 1.000000000000000048e-04
5.610560056005600149e-01 1.000000000000000048e-04
5.620561056105610742e-01 1.000000000000000048e-04
5.630562056205620225e-01 1.000000000000000048e-04
5.640563056305630818e-01 1.000000000000000048e-04
5.650564056405640301e-01 1.000000000000000048e-04
5.660565056505650894e-01 1.000000000000000048e-04
5.670566056605660377e-01 1.000000000000000048e-04
5.680567056705670970e-01 1.000000000000000048e-04
5.690568056805680452e-01 1.000000000000000048e-04
5.700569056905691046e-01 1.000000000000000048e-04
5.710570057005700528e-01 1.000000000000000048e-04
5.720571057105711121e-01 1.000000000000000048e-04
5.730572057205720604e-01 1.000000000000000048e-04
5.740573057305730087e-01 1.000000000000000048e-04
5.750574057405740680e-01 1.000000000000000048e-04
5.760575057505750163e-01 1.000000000000000048e-04
5.770576057605760756e-01 1.000000000000000048e-04
5.780577057705770239e-01 1.000000000000000048e-04
5.790578057805780832e-01 1.000000000000000048e-04
5.800579057905790314e-01 1.000000000000000048e-04
5.810580058005800907e-01 1.000000000000000048e-04
5.820581058105810390e-01 1.000000000000000048e-04
5.830582058205820983e-01 1.000000000000000048e-04
5.840583058305830466e-01 1.000000000000000048e-04
5.850584058405841059e-01 1.000000000000000048e-04
5.860585058505850542e-01 1.000000000000000048e-04
5.870586058605861135e-01 1.000000000000000048e-04
5.880587058705870618e-01 1.000000000000000048e-04
5.890588058805880101e-01 1.000000000000000048e-04
5.900589058905890694e-01 1.000000000000000048e-04
5.910590059005900176e-01 1.000000000000000048e-04
5.920591059105910769e-01 1.000000000000000048e-04
5.930592059205920252e-01 1.000000000000000048e-04
5.940593059305930845e-01 1.000000000000000048e-04
5.950594059405940328e-01 1.000000000000000048e-04
5.960595059505950921e-01 1.000000000000000048e-04
5.970596059605960404e-01 1.000000000000000048e-04
5.980597059705970997e-01 1.000000000000000048e-04
5.990598059805980480e-01 1.000000000000000048e-04
6.000599059905991073e-01 1.000000000000000048e-04
6.010600060006000556e-01 1.000000000000000048e-04
6.020601060106011149e-01 1.000000000000000048e-04
6.030602060206020631e-01 1.000000000000000048e-04
6.040603060306030114e-01 1.000000000000000048e-04
6.050604060406040707e-01 1.000000000000000048e-04
6.060605060506050190e-01 1.000000000000000048e-04
6.070606060606060783e-01 1.000000000000000048e-04
6.080607060706070266e-01 1.000000000000000048e-04
6.090608060806080859e-01 1.000000000000000048e-04
6.100609060906090342e-01 1.000000000000000048e-04
6.110610061006100935e-01 1.000000000000000048e-04
6.120611061106110418e-01 1.000000000000000048e-04
6.130612061206121011e-01 1.000000000000000048e-04
6.140613061306130493e-01 1.000000000000000048e-04
6.150614061406141087e-01 1.000000000000000048e-04
6.160615061506150569e-01 1.000000000000000048e-04
6.170616061606161162e-01 1.000000000000000048e-04
6.180617061706170645e-01 1.000000000000000048e-04
6.190618061806180128e-01 1.000000000000000048e-04
6.200619061906190721e-01 1.000000000000000048e-04
6.210620062006200204e-01 1.000000000000000048e-04
6.220621062106210797e-01 1.000000000000000048e-04
6.230622062206220280e-01 1.000000000000000048e-04
6.240623062306230873e-01 1.000000000000000048e-04
6.250624062406240355e-01 1.000000000000000048e-04
6.260625062506250949e-01 1.000000000000000048e-04
6.270626062606260431e-01 1.000000000000000048e-04
6.280627062706271024e-01 1.000000000000000048e-04
6.290628062806280507e-01 1.000000000000000048e-04
6.300629062906291100e-01 1.000000000000000048e-04
6.310630063006300583e-01 1.000000000000000048e-04
6.320631063106311176e-01 1.000000000000000048e-04
6.330632063206320659e-01 1.000000000000000048e-04
6.340633063306330142e-01 1.000000000000000048e-04
6.350634063406340735e-01 1.000000000000000048e-04
6.360635063506350217e-01 1.000000000000000048e-04
6.370636063606360810e-01 1.000000000000000048e-04
6.380637063706370293e-01 1.000000000000000048e-04
6.390638063806380886e-01 1.000000000000000048e-04
6.400639063906390369e-01 1.000000000000000048e-04
6.410640064006400962e-01 1.000000000000000048e-04
6.420641064106410445e-01 1.000000000000000048e-04
6.430642064206421038e-01 1.000000000000000048e-04
6.440643064306430521e-01 1.000000000000000048e-04
6.450644064406441114e-01 1.000000000000000048e-04
6.460645064506450597e-01 1.000000000000000048e-04
6.470646064606461190e-01 1.000000000000000048e-04
6.480647064706470672e-01 1.000000000000000048e-04
6.490648064806480155e-01 1.000000000000000048e-04
6.500649064906490748e-01 1.000000000000000048e-04
6.510650065006500231e-01 1.000000000000000048e-04
6.520651065106510824e-01 1.000000000000000048e-04
6.530652065206520307e-01 1.000000000000000048e-04
6.540653065306530900e-01 1.000000000000000048e-04
6.550654065406540383e-01 1.000000000000000048e-04
6.560655065506550976e-01 1.000000000000000048e-04
6.570656065606560459e-01 1.000000000000000048e-04
6.580657065706571052e-01 1.000000000000000048e-04
6.590658065806580534e-01 1.000000000000000048e-04
6.600659065906591128e-01 1.000000000000000048e-04
6.610660066006600610e-01 1.000000000000000048e-04
6.620661066106611203e-01 1.000000000000000048e-04
6.630662066206620686e-01 1.000000000000000048e-04
6.640663066306630169e-01 1.000000000000000048e-04
6.650664066406640762e-01 1.000000000000000048e-04
6.660665066506650245e-01 1.000000000000000048e-04
6.670666066606660838e-01 1.000000000000000048e-04
6.680667066706670321e-01 1.000000000000000048e-04
6.690668066806680914e-01 1.000000000000000048e-04
6.700669066906690396e-01 1.000000000000000048e-04
6.710670067006700990e-01 1.000000000000000048e-04
6.720671067106710472e-01 1.000000000000000048e-04
6.730672067206721065e-01 1.000000000000000048e-04
6.740673067306730548e-01 1.000000000000000048e-04
6.750674067406741141e-01 1.000000000000000048e-04
6.760675067506750624e-01 1.000000000000000048e-04
6.770676067606761217e-01 1.000000000000000048e-04
6.780677067706770700e-01 1.000000000000000048e-04
6.790678067806780183e-01 1.000000000000000048e-04
6.800679067906790776e-01 1.000000000000000048e-04
6.810680068006800258e-01 1.000000000000000048e-04
6.820681068106810852e-01 1.000000000000000048e-04
6.830682068206820334e-01 1.000000000000000048e-04
6.840683068306830927e-01 1.000000000000000048e-04
6.850684068406840410e-01 1.000000000000000048e-04
6.860685068506851003e-01 1.000000000000000048e-04
6.870686068606860486e-01 1.000000000000000048e-04
6.880687068706871079e-01 1.000000000000000048e-04
6.890688068806880562e-01 1.000000000000000048e-04
6.900689068906891155e-01 1.000000000000000048e-04
6.910690069006900638e-01 1.000000000000000048e-04
6.920691069106911231e-01 1.000000000000000048e-04
6.930692069206920713e-01 1.000000000000000048e-04
6.940693069306930196e-01 1.000000000000000048e-04
6.950694069406940789e-01 1.000000000000000048e-04
6.960695069506950272e-01 1.000000000000000048e-04
6.970696069606960865e-01 1.000000000000000048e-04
6.980697069706970348e-01 1.000000000000000048e-04
6.990698069806980941e-01 1.000000000000000048e-04
7.000699069906990424e-01 1.000000000000000048e-04
7.010700070007001017e-01 1.000000000000000048e-04
7.020701070107010500e-01 1.000000000000000048e-04
7.030702070207021093e-01 1.000000000000000048e-04
7.040703070307030575e-01 1.000000000000000048e-04
7.050704070407041169e-01 1.000000000000000048e-04
7.060705070507050651e-01 1.000000000000000048e-04
7.070706070607061244e-01 1.000000000000000048e-04
7.080707070707070727e-01 1.000000000000000048e-04
7.090708070807080210e-01 1.000000000000000048e-04
7.100709070907090803e-01 1.000000000000000048e-04
7.110710071007100286e-01 1.000000000000000048e-04
7.120711071107110879e-01 1.000000000000000048e-04
7.130712071207120362e-01 1.000000000000000048e-04
7.140713071307130955e-01 1.000000000000000048e-04
7.150714071407140437e-01 1.000000000000000048e-04
7.160715071507151031e-01 1.000000000000000048e-04
7.170716071607160513e-01 1.000000000000000048e-04
7.180717071707171106e-01 1.000000000000000048e-04
7.190718071807180589e-01 1.000000000000000048e-04
7.200719071907191182e-01 1.000000000000000048e-04
7.210720072007200665e-01 1.000000000000000048e-04
7.220721072107211258e-01 1.000000000000000048e-04
7.230722072207220741e-01 1.000000000000000048e-04
7.240723072307230224e-01 1.000000000000000048e-04
7.250724072407240817e-01 1.000000000000000048e-04
7.260725072507250299e-01 1.000000000000000048e-04
7.270726072607260893e-01 1.000000000000000048e-04
7.280727072707270375e-01 1.000000000000000048e-04
7.290728072807280968e-01 1.000000000000000048e-04
7.300729072907290451e-01 1.000000000000000048e-04
7.310730073007301044e-01 1.000000000000000048e-04
7.320731073107310527e-01 1.000000000000000048e-04
7.330732073207321120e-01 1.000000000000000048e-04
7.340733073307330603e-01 1.000000000000000048e-04
7.350734073407341196e-01 1.000000000000000048e-04
7.360735073507350679e-01 1.000000000000000048e-04
7.370736073607361272e-01 1.000000000000000048e-04
7.380737073707370755e-01 1.000000000000000048e-04
7.390738073807380237e-01 1.000000000000000048e-04
7.400739073907390830e-01 1.000000000000000048e-04
7.410740074007400313e-01 1.000000000000000048e-04
7.420741074107410906e-01 1.000000000000000048e-04
7.430742074207420389e-01 1.000000000000000048e-04
7.440743074307430982e-01 1.000000000000000048e-04
7.450744074407440465e-01 1.000000000000000048e-04
7.460745074507451058e-01 1.000000000000000048e-04
7.470746074607460541e-01 1.000000000000000048e-04
7.480747074707471134e-01 1.000000000000000048e-04
7.490748074807480616e-01 1.000000000000000048e-04
7.500749074907491210e-01 1.000000000000000048e-04
7.510750075007500692e-01 1.000000000000000048e-04
7.520751075107511285e-01 1.000000000000000048e-04
7.530752075207520768e-01 1.000000000000000048e-04
7.540753075307530251e-01 1.000000000000000048e-04
7.550754075407540844e-01 1.000000000000000048e-04
7.560755075507550327e-01 1.000000000000000048e-04
7.570756075607560920e-01 1.000000000000000048e-04
7.580757075707570403e-01 1.000000000000000048e-04
7.590758075807580996e-01 1.000000000000000048e-04
7.600759075907590478e-01 1.000000000000000048e-04
7.610760076007601072e-01 1.000000000000000048e-04
7.620761076107610554e-01 1.000000000000000048e-04
7.630762076207621147e-01 1.000000000000000048e-04
7.640763076307630630e-01 1.000000000000000048e-04
7.650764076407641223e-01 1.000000000000000048e-04
7.660765076507650706e-01 1.000000000000000048e-04
7.670766076607661299e-01 1.000000000000000048e-04
7.680767076707670782e-01 1.000000000000000048e-04
7.690768076807680265e-01 1.000000000000000048e-04
7.700769076907690858e-01 1.000000000000000048e-04
7.710770077007700340e-01 1.000000000000000048e-04
7.720771077107710934e-01 1.000000000000000048e-04
7.730772077207720416e-01 1.000000000000000048e-04
7.740773077307731009e-01 1.000000000000000048e-04
7.750774077407740492e-01 1.000000000000000048e-04
7.760775077507751085e-01 1.000000000000000048e-04
7.770776077607760568e-01 1.000000000000000048e-04
7.780777077707771161e-01 1.000000000000000048e-04
7.790778077807780644e-01 1.000000000000000048e-04
7.800779077907791237e-01 1.000000000000000048e-04
7.810780078007800720e-01 1.000000000000000048e-04
7.820781078107811313e-01 1.000000000000000048e-04
7.830782078207820796e-01 1.000000000000000048e-04
7.840783078307831389e-01 1.000000000000000048e-04
7.850784078407840871e-01 1.000000000000000048e-04
7.860785078507850354e-01 1.000000000000000048e-04
7.870786078607860947e-01 1.000000000000000048e-04
7.880787078707870430e-01 1.000000000000000048e-04
7.890788078807881023e-01 1.000000000000000048e-04
7.900789078907890506e-01 1.000000000000000048e-04
7.910790079007901099e-01 1.000000000000000048e-04
7.920791079107910582e-01 1.000000000000000048e-04
7.930792079207921175e-01 1.000000000000000048e-04
7.940793079307930658e-01 1.000000000000000048e-04
7.950794079407941251e-01 1.000000000000000048e-04
7.960795079507950733e-01 1.000000000000000048e-04
7.970796079607961326e-01 1.000000000000000048e-04
7.980797079707970809e-01 1.000000000000000048e-04
7.990798079807981402e-01 1.000000000000000048e-04
8.000799079907990885e-01 1.000000000000000048e-04
8.010800080008000368e-01 1.000000000000000048e-04
8.020801080108010961e-01 1.000000000000000048e-04
8.030802080208020444e-01 1.000000000000000048e-04
8.040803080308031037e-01 1.000000000000000048e-04
8.050804080408040520e-01 1.000000000000000048e-04
8.060805080508051113e-01 1.000000000000000048e-04
8.070806080608060595e-01 1.000000000000000048e-04
8.080807080708071188e-01 1.000000000000000048e-04
8.090808080808080671e-01 1.000000000000000048e-04
8.100809080908091264e-01 1.000000000000000048e-04
8.110810081008100747e-01 1.000000000000000048e-04
8.120811081108111340e-01 1.000000000000000048e-04
8.130812081208120823e-01 1.000000000000000048e-04
8.140813081308131416e-01 1.000000000000000048e-04
8.150814081408140899e-01 1.000000000000000048e-04
8.160815081508150381e-01 1.000000000000000048e-04
8.170816081608160975e-01 1.000000000000000048e-04
8.180817081708170457e-01 1.000000000000000048e-04
8.190818081808181050e-01 1.000000000000000048e-04
8.200819081908190533e-01 1.000000000000000048e-04
8.210820082008201126e-01 1.000000000000000048e-04
8.220821082108210609e-01 1.000000000000000048e-04
8.230822082208221202e-01 1.000000000000000048e-04
8.240823082308230685e-01 1.000000000000000048e-04
8.250824082408241278e-01 1.000000000000000048e-04
8.260825082508250761e-01 1.000000000000000048e-04
8.270826082608261354e-01 1.000000000000000048e-04
8.280827082708270837e-01 1.000000000000000048e-04
8.290828082808281430e-01 1.000000000000000048e-04
8.300829082908290912e-01 1.000000000000000048e-04
8.310830083008300395e-01 1.000000000000000048e-04
8.320831083108310988e-01 1.000000000000000048e-04
8.330832083208320471e-01 1.000000000000000048e-04
8.340833083308331064e-01 1.000000000000000048e-04
8.350834083408340547e-01 1.000000000000000048e-04
8.360835083508351140e-01 1.000000000000000048e-04
8.370836083608360623e-01 1.000000000000000048e-04
8.380837083708371216e-01 1.000000000000000048e-04
8.390838083808380699e-01 1.000000000000000048e-04
8.400839083908391292e-01 1.000000000000000048e-04
8.410840084008400774e-01 1.000000000000000048e-04
8.420841084108411367e-01 1.000000000000000048e-04
8.430842084208420850e-01 1.000000000000000048e-04
8.440843084308431443e-01 1.000000000000000048e-04
8.450844084408440926e-01 1.000000000000000048e-04
8.460845084508450409e-01 1.000000000000000048e-04
8.470846084608461002e-01 1.000000000000000048e-04
8.480847084708470485e-01 1.000000000000000048e-04
8.490848084808481078e-01 1.000000000000000048e-04
8.500849084908490561e-01 1.000000000000000048e-04
8.510850085008501154e-01 1.000000000000000048e-04
8.520851085108510636e-01 1.000000000000000048e-04
8.530852085208521229e-01 1.000000000000000048e-04
8.540853085308530712e-01 1.000000000000000048e-04
8.550854085408541305e-01 1.000000000000000048e-04
8.560855085508550788e-01 1.000000000000000048e-04
8.570856085608561381e-01 1.000000000000000048e-04
8.580857085708570864e-01 1.000000000000000048e-04
8.590858085808581457e-01 1.000000000000000048e-04
8.600859085908590940e-01 1.000000000000000048e-04
8.610860086008600423e-01 1.000000000000000048e-04
8.620861086108611016e-01 1.000000000000000048e-04
8.630862086208620498e-01 1.000000000000000048e-04
8.640863086308631091e-01 1.000000000000000048e-04
8.650864086408640574e-01 1.000000000000000048e-04
8.660865086508651167e-01 1.000000000000000048e-04
8.670866086608660650e-01 1.000000000000000048e-04
8.680867086708671243e-01 1.000000000000000048e-04
8.690868086808680726e-01 1.000000000000000048e-04
8.700869086908691319e-01 1.000000000000000048e-04
8.710870087008700802e-01 1.000000000000000048e-04
8.720871087108711395e-01 1.000000000000000048e-04
8.730872087208720878e-01 1.000000000000000048e-04
8.740873087308731471e-01 1.000000000000000048e-04
8.750874087408740953e-01 1.000000000000000048e-04
8.760875087508750436e-01 1.000000000000000048e-04
8.770876087608761029e-01 1.000000000000000048e-04
8.780877087708770512e-01 1.000000000000000048e-04
8.790878087808781105e-01 1.000000000000000048e-04
8.800879087908790588e-01 1.000000000000000048e-04
8.810880088008801181e-01 1.000000000000000048e-04
8.820881088108810664e-01 1.000000000000000048e-04
8.830882088208821257e-01 1.000000000000000048e-04
8.840883088308830740e-01 1.000000000000000048e-04
8.850884088408841333e-01 1.000000000000000048e-04
8.860885088508850815e-01 1.000000000000000048e-04
8.870886088608861408e-01 1.000000000000000048e-04
8.880887088708870891e-01 1.000000000000000048e-04
8.890888088808881484e-01 1.000000000000000048e-04
8.900889088908890967e-01 1.000000000000000048e-04
8.910890089008900450e-01 1.000000000000000048e-04
8.920891089108911043e-01 1.000000000000000048e-04
8.930892089208920526e-01 1.000000000000000048e-04
8.940893089308931119e-01 1.000000000000000048e-04
8.950894089408940602e-01 1.000000000000000048e-04
8.960895089508951195e-01 1.000000000000000048e-04
8.970896089608960677e-01 1.000000000000000048e-04
8.980897089708971270e-01 1.000000000000000048e-04
8.990898089808980753e-01 1.000000000000000048e-04
9.000899089908991346e-01 1.000000000000000048e-04
9.010900090009000829e-01 1.000000000000000048e-04
9.020901090109011422e-01 1.000000000000000048e-04
9.030902090209020905e-01 1.000000000000000048e-04
9.040903090309031498e-01 1.000000000000000048e-04
9.050904090409040981e-01 1.000000000000000048e-04
9.060905090509050464e-01 1.000000000000000048e-04
9.070906090609061057e-01 1.000000000000000048e-04
9.080907090709070539e-01 1.000000000000000048e-04
9.090908090809081132e-01 1.000000000000000048e-04
9.100909090909090615e-01 1.000000000000000048e-04
9.110910091009101208e-01 1.000000000000000048e-04
9.120911091109110691e-01 1.000000000000000048e-04
9.130912091209121284e-01 1.000000000000000048e-04
9.140913091309130767e-01 1.000000000000000048e-04
9.150914091409141360e-01 1.000000000000000048e-04
9.160915091509150843e-01 1.000000000000000048e-04
9.170916091609161436e-01 1.000000000000000048e-04
9.180917091709170919e-01 1.000000000000000048e-04
9.190918091809181512e-01 1.000000000000000048e-04
9.200919091909190994e-01 1.000000000000000048e-04
9.210920092009200477e-01 1.000000000000000048e-04
9.220921092109211070e-01 1.000000000000000048e-04
9.230922092209220553e-01 1.000000000000000048e-04
9.240923092309231146e-01 1.000000000000000048e-04
9.250924092409240629e-01 1.000000000000000048e-04
9.260925092509251222e-01 1.000000000000000048e-04
9.270926092609260705e-01 1.000000000000000048e-04
9.280927092709271298e-01 1.000000000000000048e-04
9.290928092809280781e-01 1.000000000000000048e-04
9.300929092909291374e-01 1.000000000000000048e-04
9.310930093009300856e-01 1.000000000000000048e-04
9.320931093109311449e-01 1.000000000000000048e-04
9.330932093209320932e-01 1.000000000000000048e-04
9.340933093309331525e-01 1.000000000000000048e-04
9.350934093409341008e-01 1.000000000000000048e-04
9.360935093509350491e-01 1.000000000000000048e-04
9.370936093609361084e-01 1.000000000000000048e-04
9.380937093709370567e-01 1.000000000000000048e-04
9.390938093809381160e-01 1.000000000000000048e-04
9.400939093909390643e-01 1.000000000000000048e-04
9.410940094009401236e-01 1.000000000000000048e-04
9.420941094109410718e-01 1.000000000000000048e-04
9.430942094209421311e-01 1.000000000000000048e-04
9.440943094309430794e-01 1.000000000000000048e-04
9.450944094409441387e-01 1.000000000000000048e-04
9.460945094509450870e-01 1.000000000000000048e-04
9.470946094609461463e-01 1.000000000000000048e-04
9.480947094709470946e-01 1.000000000000000048e-04
9.490948094809481539e-01 1.000000000000000048e-04
9.500949094909491022e-01 1.000000000000000048e-04
9.510950095009500505e-01 1.000000000000000048e-04
9.520951095109511098e-01 1.000000000000000048e-04
9.530952095209520580e-01 1.000000000000000048e-04
9.540953095309531173e-01 1.000000000000000048e-04
9.550954095409540656e-01 1.000000000000000048e-04
9.560955095509551249e-01 1.000000000000000048e-04
9.570956095609560732e-01 1.000000000000000048e-04
9.580957095709571325e-01 1.000000000000000048e-04
9.590958095809580808e-01 1.000000000000000048e-04
9.600959095909591401e-01 1.000000000000000048e-04
9.610960096009600884e-01 1.000000000000000048e-04
9.620961096109611477e-01 1.000000000000000048e-04
9.630962096209620960e-01 1.000000000000000048e-04
9.640963096309631553e-01 1.000000000000000048e-04
9.650964096409641035e-01 1.000000000000000048e-04
9.660965096509650518e-01 1.000000000000000048e-04
9.670966096609661111e-01 1.000000000000000048e-04
9.680967096709670594e-01 1.000000000000000048e-04
9.690968096809681187e-01 1.000000000000000048e-04
9.700969096909690670e-01 1.000000000000000048e-04
9.710970097009701263e-01 1.000000000000000048e-04
9.720971097109710746e-01 1.000000000000000048e-04
9.730972097209721339e-01 1.000000000000000048e-04
9.740973097309730822e-01 1.000000000000000048e-04
9.750974097409741415e-01 1.000000000000000048e-04
9.760975097509750897e-01 1.000000000000000048e-04
9.770976097609761490e-01 1.000000000000000048e-04
9.780977097709770973e-01 1.000000000000000048e-04
9.790978097809781566e-01 1.000000000000000048e-04
9.800979097909791049e-01 1.000000000000000048e-04
9.810980098009800532e-01 1.000000000000000048e-04
9.820981098109811125e-01 1.000000000000000048e-04
9.830982098209820608e-01 1.000000000000000048e-04
9.840983098309831201e-01 1.000000000000000048e-04
9.850984098409840684e-01 1.000000000000000048e-04
9.860985098509851277e-01 1.000000000000000048e-04
9.870986098609860759e-01 1.000000000000000048e-04
9.880987098709871352e-01 1.000000000000000048e-04
9.890988098809880835e-01 1.000000000000000048e-04
9.900989098909891428e-01 1.000000000000000048e-04
9.910990099009900911e-01 1.000000000000000048e-04
9.920991099109911504e-01 1.000000000000000048e-04
9.930992099209920987e-01 1.000000000000000048e-04
9.940993099309931580e-01 1.000000000000000048e-04
9.950994099409941063e-01 1.000000000000000048e-04
9.960995099509950546e-01 1.000000000000000048e-04
9.970996099609961139e-01 1.000000000000000048e-04
9.980997099709970621e-01 1.000000000000000048e-04
9.990998099809981214e-01 1.000000000000000048e-04
1.000099909990999070e+00 1.000000000000000048e-04
1.001100010000999907e+00 1.000000000000000048e-04
1.002100110011000966e+00 1.000000000000000048e-04
1.003100210021002026e+00 1.000000000000000048e-04
1.004100310031003085e+00 1.000000000000000048e-04
1.005100410041003922e+00 1.000000000000000048e-04
1.006100510051004981e+00 1.000000000000000048e-04
1.007100610061006041e+00 1.000000000000000048e-04
1.008100710071007100e+00 1.000000000000000048e-04
1.009100810081007937e+00 1.000000000000000048e-04
1.010100910091008997e+00 1.000000000000000048e-04
1.011101010101010056e+00 1.000000000000000048e-04
1.012101110111010893e+00 1.000000000000000048e-04
1.013101210121011952e+00 1.000000000000000048e-04
1.014101310131013012e+00 1.000000000000000048e-04
1.015101410141014071e+00 1.000000000000000048e-04
1.016101510151014908e+00 1.000000000000000048e-04
1.017101610161015968e+00 1.000000000000000048e-04
1.018101710171017027e+00 1.000000000000000048e-04
1.019101810181018086e+00 1.000000000000000048e-04
1.020101910191018924e+00 1.000000000000000048e-04
1.021102010201019983e+00 1.000000000000000048e-04
1.022102110211021042e+00 1.000000000000000048e-04
1.023102210221022101e+00 1.000000000000000048e-04
1.024102310231022939e+00 1.000000000000000048e-04
1.025102410241023998e+00 1.000000000000000048e-04
1.026102510251025057e+00 1.000000000000000048e-04
1.027102610261025895e+00 1.000000000000000048e-04
1.028102710271026954e+00 1.000000000000000048e-04
1.029102810281028013e+00 1.000000000000000048e-04
1.030102910291029072e+00 1.000000000000000048e-04
1.031103010301029910e+00 1.000000000000000048e-04
1.032103110311030969e+00 1.000000000000000048e-04
1.033103210321032028e+00 1.000000000000000048e-04
1.034103310331033088e+00 1.000000000000000048e-04
1.035103410341033925e+00 1.000000000000000048e-04
1.036103510351034984e+00 1.000000000000000048e-04
1.037103610361036043e+00 1.000000000000000048e-04
1.038103710371037103e+00 1.000000000000000048e-04
1.039103810381037940e+00 1.000000000000000048e-04
1.040103910391038999e+00 1.000000000000000048e-04
1.041104010401040059e+00 1.000000000000000048e-04
1.042104110411040896e+00 1.000000000000000048e-04
1.043104210421041955e+00 1.000000000000000048e-04
1.044104310431043015e+00 1.000000000000000048e-04
1.045104410441044074e+00 1.000000000000000048e-04
1.046104510451044911e+00 1.000000000000000048e-04
1.047104610461045970e+00 1.000000000000000048e-04
1.048104710471047030e+00 1.000000000000000048e-04
1.049104810481048089e+00 1.000000000000000048e-04
1.050104910491048926e+00 1.000000000000000048e-04
1.051105010501049986e+00 1.000000000000000048e-04
1.052105110511051045e+00 1.000000000000000048e-04
1.053105210521052104e+00 1.000000000000000048e-04
1.054105310531052941e+00 1.000000000000000048e-04
1.055105410541054001e+00 1.000000000000000048e-04
1.056105510551055060e+00 1.000000000000000048e-04
1.057105610561055897e+00 1.000000000000000048e-04
1.058105710571056957e+00 1.000000000000000048e-04
1.059105810581058016e+00 1.000000000000000048e-04
1.060105910591059075e+00 1.000000000000000048e-04
1.061106010601059912e+00 1.000000000000000048e-04
1.062106110611060972e+00 1.000000000000000048e-04
1.063106210621062031e+00 1.000000000000000048e-04
1.064106310631063090e+00 1.000000000000000048e-04
1.065106410641063928e+00 1.000000000000000048e-04
1.066106510651064987e+00 1.000000000000000048e-04
1.067106610661066046e+00 1.000000000000000048e-04
1.068106710671067106e+00 1.000000000000000048e-04
1.069106810681067943e+00 1.000000000000000048e-04
1.070106910691069002e+00 1.000000000000000048e-04
1.071107010701070061e+00 1.000000000000000048e-04
1.072107110711070899e+00 1.000000000000000048e-04
1.073107210721071958e+00 1.000000000000000048e-04
1.074107310731073017e+00 1.000000000000000048e-04
1.075107410741074077e+00 1.000000000000000048e-04
1.076107510751074914e+00 1.000000000000000048e-04
1.077107610761075973e+00 1.000000000000000048e-04
1.078107710771077032e+00 1.000000000000000048e-04
1.079107810781078092e+00 1.000000000000000048e-04
1.080107910791078929e+00 1.000000000000000048e-04
1.081108010801079988e+00 1.000000000000000048e-04
1.082108110811081048e+00 1.000000000000000048e-04
1.083108210821082107e+00 1.000000000000000048e-04
1.084108310831082944e+00 1.000000000000000048e-04
1.085108410841084003e+00 1.000000000000000048e-04
1.086108510851085063e+00 1.000000000000000048e-04
1.087108610861085900e+00 1.000000000000000048e-04
1.088108710871086959e+00 1.000000000000000048e-04
1.089108810881088019e+00 1.000000000000000048e-04
1.090108910891089078e+00 1.000000000000000048e-04
1.091109010901089915e+00 1.000000000000000048e-04
1.092109110911090974e+00 1.000000000000000048e-04
1.093109210921092034e+00 1.000000000000000048e-04
1.094109310931093093e+00 1.000000000000000048e-04
1.095109410941093930e+00 1.000000000000000048e-04
1.096109510951094990e+00 1.000000000000000048e-04
1.097109610961096049e+00 1.000000000000000048e-04
1.098109710971097108e+00 1.000000000000000048e-04
1.099109810981097946e+00 1.000000000000000048e-04
1.100109910991099005e+00 1.000000000000000048e-04
1.101110011001100064e+00 1.000000000000000048e-04
1.102110111011100901e+00 1.000000000000000048e-04
1.103110211021101961e+00 1.000000000000000048e-04
1.104110311031103020e+00 1.000000000000000048e-04
1.105110411041104079e+00 1.000000000000000048e-04
1.106110511051104917e+00 1.000000000000000048e-04
1.107110611061105976e+00 1.000000000000000048e-04
1.108110711071107035e+00 1.000000000000000048e-04
1.109110811081108094e+00 1.000000000000000048e-04
1.110110911091108932e+00 1.000000000000000048e-04
1.111111011101109991e+00 1.000000000000000048e-04
1.112111111111111050e+00 1.000000000000000048e-04
1.113111211121112110e+00 1.000000000000000048e-04
1.114111311131112947e+00 1.000000000000000048e-04
1.115111411141114006e+00 1.000000000000000048e-04
1.116111511151115065e+00 1.000000000000000048e-04
1.117111611161115903e+00 1.000000000000000048e-04
1.118111711171116962e+00 1.000000000000000048e-04
1.119111811181118021e+00 1.000000000000000048e-04
1.120111911191119081e+00 1.000000000000000048e-04
1.121112011201119918e+00 1.000000000000000048e-04
1.122112111211120977e+00 1.000000000000000048e-04
1.123112211221122037e+00 1.000000000000000048e-04
1.124112311231123096e+00 1.000000000000000048e-04
1.125112411241123933e+00 1.000000000000000048e-04
1.126112511251124992e+00 1.000000000000000048e-04
1.127112611261126052e+00 1.000000000000000048e-04
1.128112711271127111e+00 1.000000000000000048e-04
1.129112811281127948e+00 1.000000000000000048e-04
1.130112911291129008e+00 1.000000000000000048e-04
1.131113011301130067e+00 1.000000000000000048e-04
1.132113111311130904e+00 1.000000000000000048e-04
1.133113211321131963e+00 1.000000000000000048e-04
1.134113311331133023e+00 1.000000000000000048e-04
1.135113411341134082e+00 1.000000000000000048e-04
1.136113511351134919e+00 1.000000000000000048e-04
1.137113611361135979e+00 1.000000000000000048e-04
1.138113711371137038e+00 1.000000000000000048e-04
1.139113811381138097e+00 1.000000000000000048e-04
1.140113911391138934e+00 1.000000000000000048e-04
1.141114011401139994e+00 1.000000000000000048e-04
1.142114111411141053e+00 1.000000000000000048e-04
1.143114211421142112e+00 1.000000000000000048e-04
1.144114311431142950e+00 1.000000000000000048e-04
1.145114411441144009e+00 1.000000000000000048e-04
1.146114511451145068e+00 1.000000000000000048e-04
1.147114611461145905e+00 1.000000000000000048e-04
1.148114711471146965e+00 1.000000000000000048e-04
1.149114811481148024e+00 1.000000000000000048e-04
1.150114911491149083e+00 1.000000000000000048e-04
1.151115011501149921e+00 1.000000000000000048e-04
1.152115111511150980e+00 1.000000000000000048e-04
1.153115211521152039e+00 1.000000000000000048e-04
1.154115311531153099e+00 1.000000000000000048e-04
1.155115411541153936e+00 1.000000000000000048e-04
1.156115511551154995e+00 1.000000000000000048e-04
1.157115611561156054e+00 1.000000000000000048e-04
1.158115711571157114e+00 1.000000000000000048e-04
1.159115811581157951e+00 1.000000000000000048e-04
1.160115911591159010e+00 1.000000000000000048e-04
1.161116011601160070e+00 1.000000000000000048e-04
1.162116111611160907e+00 1.000000000000000048e-04
1.163116211621161966e+00 1.000000000000000048e-04
1.164116311631163025e+00 1.000000000000000048e-04
1.165116411641164085e+00 1.000000000000000048e-04
1.166116511651164922e+00 1.000000000000000048e-04
1.167116611661165981e+00 1.000000000000000048e-04
1.168116711671167041e+00 1.000000000000000048e-04
1.169116811681168100e+00 1.000000000000000048e-04
1.170116911691168937e+00 1.000000000000000048e-04
1.171117011701169996e+00 1.000000000000000048e-04
1.172117111711171056e+00 1.000000000000000048e-04
1.173117211721172115e+00 1.000000000000000048e-04
1.174117311731172952e+00 1.000000000000000048e-04
1.175117411741174012e+00 1.000000000000000048e-04
1.176117511751175071e+00 1.000000000000000048e-04
1.177117611761175908e+00 1.000000000000000048e-04
1.178117711771176968e+00 1.000000000000000048e-04
1.179117811781178027e+00 1.000000000000000048e-04
1.180117911791179086e+00 1.000000000000000048e-04
1.181118011801179923e+00 1.000000000000000048e-04
1.182118111811180983e+00 1.000000000000000048e-04
1.183118211821182042e+00 1.000000000000000048e-04
1.184118311831183101e+00 1.000000000000000048e-04
1.185118411841183939e+00 1.000000000000000048e-04
1.186118511851184998e+00 1.000000000000000048e-04
1.187118611861186057e+00 1.000000000000000048e-04
1.188118711871187116e+00 1.000000000000000048e-04
1.189118811881187954e+00 1.000000000000000048e-04
1.190118911891189013e+00 1.000000000000000048e-04
1.191119011901190072e+00 1.000000000000000048e-04
1.192119111911190910e+00 1.000000000000000048e-04
1.193119211921191969e+00 1.000000000000000048e-04
1.194119311931193028e+00 1.000000000000000048e-04
1.195119411941194087e+00 1.000000000000000048e-04
1.196119511951194925e+00 1.000000000000000048e-04
1.197119611961195984e+00 1.000000000000000048e-04
1.198119711971197043e+00 1.000000000000000048e-04
1.199119811981198103e+00 1.000000000000000048e-04
1.200119911991198940e+00 1.000000000000000048e-04
1.201120012001199999e+00 1.000000000000000048e-04
1.202120112011201059e+00 1.000000000000000048e-04
1.203120212021202118e+00 1.000000000000000048e-04
1.204120312031202955e+00 1.000000000000000048e-04
1.205120412041204014e+00 1.000000000000000048e-04
1.206120512051205074e+00 1.000000000000000048e-04
1.207120612061205911e+00 1.000000000000000048e-04
1.208120712071206970e+00 1.000000000000000048e-04
1.209120812081208030e+00 1.000000000000000048e-04
1.210120912091209089e+00 1.000000000000000048e-04
1.211121012101209926e+00 1.000000000000000048e-04
1.212121112111210985e+00 1.000000000000000048e-04
1.213121212121212045e+00 1.000000000000000048e-04
1.214121312131213104e+00 1.000000000000000048e-04
1.215121412141213941e+00 1.000000000000000048e-04
1.216121512151215001e+00 1.000000000000000048e-04
1.217121612161216060e+00 1.000000000000000048e-04
1.218121712171217119e+00 1.000000000000000048e-04
1.219121812181217956e+00 1.000000000000000048e-04
1.220121912191219016e+00 1.000000000000000048e-04
1.221122012201220075e+00 1.000000000000000048e-04
1.222122112211220912e+00 1.000000000000000048e-04
1.223122212221221972e+00 1.000000000000000048e-04
1.224122312231223031e+00 1.000000000000000048e-04
1.225122412241224090e+00 1.000000000000000048e-04
1.226122512251224927e+00 1.000000000000000048e-04
1.227122612261225987e+00 1.000000000000000048e-04
1.228122712271227046e+00 1.000000000000000048e-04
1.229122812281228105e+00 1.000000000000000048e-04
1.230122912291228943e+00 1.000000000000000048e-04
1.231123012301230002e+00 1.000000000000000048e-04
1.232123112311231061e+00 1.000000000000000048e-04
1.233123212321232121e+00 1.000000000000000048e-04
1.234123312331232958e+00 1.000000000000000048e-04
1.235123412341234017e+00 1.000000000000000048e-04
1.236123512351235076e+00 1.000000000000000048e-04
1.237123612361235914e+00 1.000000000000000048e-04
1.238123712371236973e+00 1.000000000000000048e-04
1.239123812381238032e+00 1.000000000000000048e-04
1.240123912391239092e+00 1.000000000000000048e-04
1.241124012401239929e+00 1.000000000000000048e-04
1.242124112411240988e+00 1.000000000000000048e-04
1.243124212421242047e+00 1.000000000000000048e-04
1.244124312431243107e+00 1.000000000000000048e-04
1.245124412441243944e+00 1.000000000000000048e-04
1.246124512451245003e+00 1.000000000000000048e-04
1.247124612461246063e+00 1.000000000000000048e-04
1.248124712471247122e+00 1.000000000000000048e-04
1.249124812481247959e+00 1.000000000000000048e-04
1.250124912491249018e+00 1.000000000000000048e-04
1.251125012501250078e+00 1.000000000000000048e-04
1.252125112511250915e+00 1.000000000000000048e-04
1.253125212521251974e+00 1.000000000000000048e-04
1.254125312531253034e+00 1.000000000000000048e-04
1.255125412541254093e+00 1.000000000000000048e-04
1.256125512551254930e+00 1.000000000000000048e-04
1.257125612561255990e+00 1.000000000000000048e-04
1.258125712571257049e+00 1.000000000000000048e-04
1.259125812581258108e+00 1.000000000000000048e-04
1.260125912591258945e+00 1.000000000000000048e-04
1.261126012601260005e+00 1.000000000000000048e-04
1.262126112611261064e+00 1.000000000000000048e-04
1.263126212621262123e+00 1.000000000000000048e-04
1.264126312631262961e+00 1.000000000000000048e-04
1.265126412641264020e+00 1.000000000000000048e-04
1.266126512651265079e+00 1.000000000000000048e-04
1.267126612661265916e+00 1.000000000000000048e-04
1.268126712671266976e+00 1.000000000000000048e-04
1.269126812681268035e+00 1.000000000000000048e-04
1.270126912691269094e+00 1.000000000000000048e-04
1.271127012701269932e+00 1.000000000000000048e-04
1.272127112711270991e+00 1.000000000000000048e-04
1.273127212721272050e+00 1.000000000000000048e-04
1.274127312731273109e+00 1.000000000000000048e-04
1.275127412741273947e+00 1.000000000000000048e-04
1.276127512751275006e+00 1.000000000000000048e-04
1.277127612761276065e+00 1.000000000000000048e-04
1.278127712771277125e+00 1.000000000000000048e-04
1.279127812781277962e+00 1.000000000000000048e-04
1.280127912791279021e+00 1.000000000000000048e-04
1.281128012801280081e+00 1.000000000000000048e-04
1.282128112811280918e+00 1.000000000000000048e-04
1.283128212821281977e+00 1.000000000000000048e-04
1.284128312831283036e+00 1.000000000000000048e-04
1.285128412841284096e+00 1.000000000000000048e-04
1.286128512851284933e+00 1.000000000000000048e-04
1.287128612861285992e+00 1.000000000000000048e-04
1.288128712871287052e+00 1.000000000000000048e-04
1.289128812881288111e+00 1.000000000000000048e-04
1.290128912891288948e+00 1.000000000000000048e-04
1.291129012901290007e+00 1.000000000000000048e-04
1.292129112911291067e+00 1.000000000000000048e-04
1.293129212921292126e+00 1.000000000000000048e-04
1.294129312931292963e+00 1.000000000000000048e-04
1.295129412941294023e+00 1.000000000000000048e-04
1.296129512951295082e+00 1.000000000000000048e-04
1.297129612961295919e+00 1.000000000000000048e-04
1.298129712971296978e+00 1.000000000000000048e-04
1.299129812981298038e+00 1.000000000000000048e-04
1.300129912991299097e+00 1.000000000000000048e-04
1.301130013001299934e+00 1.000000000000000048e-04
1.302130113011300994e+00 1.000000000000000048e-04
1.303130213021302053e+00 1.000000000000000048e-04
1.304130313031303112e+00 1.000000000000000048e-04
1.305130413041303949e+00 1.000000000000000048e-04
1.306130513051305009e+00 1.000000000000000048e-04
1.307130613061306068e+00 1.000000000000000048e-04
1.308130713071307127e+00 1.000000000000000048e-04
1.309130813081307965e+00 1.000000000000000048e-04
1.310130913091309024e+00 1.000000000000000048e-04
1.311131013101310083e+00 1.000000000000000048e-04
1.312131113111310921e+00 1.000000000000000048e-04
1.313131213121311980e+00 1.000000000000000048e-04
1.314131313131313039e+00 1.000000000000000048e-04
1.315131413141314098e+00 1.000000000000000048e-04
1.316131513151314936e+00 1.000000000000000048e-04
1.317131613161315995e+00 1.000000000000000048e-04
1.318131713171317054e+00 1.000000000000000048e-04
1.319131813181318114e+00 1.000000000000000048e-04
1.320131913191318951e+00 1.000000000000000048e-04
1.321132013201320010e+00 1.000000000000000048e-04
1.322132113211321069e+00 1.000000000000000048e-04
1.323132213221322129e+00 1.000000000000000048e-04
1.324132313231322966e+00 1.000000000000000048e-04
1.325132413241324025e+00 1.000000000000000048e-04
1.326132513251325085e+00 1.000000000000000048e-04
1.327132613261325922e+00 1.000000000000000048e-04
1.328132713271326981e+00 1.000000000000000048e-04
1.329132813281328040e+00 1.000000000000000048e-04
1.330132913291329100e+00 1.000000000000000048e-04
1.331133013301329937e+00 1.000000000000000048e-04
1.332133113311330996e+00 1.000000000000000048e-04
1.333133213321332056e+00 1.000000000000000048e-04
1.334133313331333115e+00 1.000000000000000048e-04
1.335133413341333952e+00 1.000000000000000048e-04
1.336133513351335012e+00 1.000000000000000048e-04
1.337133613361336071e+00 1.000000000000000048e-04
1.338133713371337130e+00 1.000000000000000048e-04
1.339133813381337967e+00 1.000000000000000048e-04
1.340133913391339027e+00 1.000000000000000048e-04
1.341134013401340086e+00 1.000000000000000048e-04
1.342134113411340923e+00 1.000000000000000048e-04
1.343134213421341983e+00 1.000000000000000048e-04
1.344134313431343042e+00 1.000000000000000048e-04
1.345134413441344101e+00 1.000000000000000048e-04
1.346134513451344938e+00 1.000000000000000048e-04
1.347134613461345998e+00 1.000000000000000048e-04
1.348134713471347057e+00 1.000000000000000048e-04
1.349134813481348116e+00 1.000000000000000048e-04
1.350134913491348954e+00 1.000000000000000048e-04
1.351135013501350013e+00 1.000000000000000048e-04
1.352135113511351072e+00 1.000000000000000048e-04
1.353135213521352131e+00 1.000000000000000048e-04
1.354135313531352969e+00 1.000000000000000048e-04
1.355135413541354028e+00 1.000000000000000048e-04
1.356135513551355087e+00 1.000000000000000048e-04
1.357135613561355925e+00 1.000000000000000048e-04
1.358135713571356984e+00 1.000000000000000048e-04
1.359135813581358043e+00 1.000000000000000048e-04
1.360135913591359103e+00 1.000000000000000048e-04
1.361136013601359940e+00 1.000000000000000048e-04
1.362136113611360999e+00 1.000000000000000048e-04
1.363136213621362058e+00 1.000000000000000048e-04
1.364136313631363118e+00 1.000000000000000048e-04
1.365136413641363955e+00 1.000000000000000048e-04
1.366136513651365014e+00 1.000000000000000048e-04
1.367136613661366074e+00 1.000000000000000048e-04
1.368136713671367133e+00 1.000000000000000048e-04
1.369136813681367970e+00 1.000000000000000048e-04
1.370136913691369029e+00 1.000000000000000048e-04
1.371137013701370089e+00 1.000000000000000048e-04
1.372137113711370926e+00 1.000000000000000048e-04
1.373137213721371985e+00 1.000000000000000048e-04
1.374137313731373045e+00 1.000000000000000048e-04
1.375137413741374104e+00 1.000000000000000048e-04
1.376137513751374941e+00 1.000000000000000048e-04
1.377137613761376000e+00 1.000000000000000048e-04
1.378137713771377060e+00 1.000000000000000048e-04
1.379137813781378119e+00 1.000000000000000048e-04
1.380137913791378956e+00 1.000000000000000048e-04
1.381138013801380016e+00 1.000000000000000048e-04
1.382138113811381075e+00 1.000000000000000048e-04
1.383138213821382134e+00 1.000000000000000048e-04
1.384138313831382971e+00 1.000000000000000048e-04
1.385138413841384031e+00 1.000000000000000048e-04
1.386138513851385090e+00 1.000000000000000048e-04
1.387138613861385927e+00 1.000000000000000048e-04
1.388138713871386987e+00 1.000000000000000048e-04
1.389138813881388046e+00 1.000000000000000048e-04
1.390138913891389105e+00 1.000000000000000048e-04
1.391139013901389943e+00 1.000000000000000048e-04
1.392139113911391002e+00 1.000000000000000048e-04
1.393139213921392061e+00 1.000000000000000048e-04
1.394139313931393120e+00 1.000000000000000048e-04
1.395139413941393958e+00 1.000000000000000048e-04
1.396139513951395017e+00 1.000000000000000048e-04
1.397139613961396076e+00 1.000000000000000048e-04
1.398139713971397136e+00 1.000000000000000048e-04
1.399139813981397973e+00 1.000000000000000048e-04
1.400139913991399032e+00 1.000000000000000048e-04
1.401140014001400091e+00 1.000000000000000048e-04
1.402140114011400929e+00 1.000000000000000048e-04
1.403140214021401988e+00 1.000000000000000048e-04
1.404140314031403047e+00 1.000000000000000048e-04
1.405140414041404107e+00 1.000000000000000048e-04
1.406140514051404944e+00 1.000000000000000048e-04
1.407140614061406003e+00 1.000000000000000048e-04
1.408140714071407062e+00 1.000000000000000048e-04
1.409140814081408122e+00 1.000000000000000048e-04
1.410140914091408959e+00 1.000000000000000048e-04
1.411141014101410018e+00 1.000000000000000048e-04
1.412141114111411078e+00 1.000000000000000048e-04
1.413141214121412137e+00 1.000000000000000048e-04
1.414141314131412974e+00 1.000000000000000048e-04
1.415141414141414034e+00 1.000000000000000048e-04
1.416141514151415093e+00 1.000000000000000048e-04
1.417141614161415930e+00 1.000000000000000048e-04
1.418141714171416989e+00 1.000000000000000048e-04
1.419141814181418049e+00 1.000000000000000048e-04
1.420141914191419108e+00 1.000000000000000048e-04
1.421142014201419945e+00 1.000000000000000048e-04
1.422142114211421005e+00 1.000000000000000048e-04
1.423142214221422064e+00 1.000000000000000048e-04
1.424142314231423123e+00 1.000000000000000048e-04
1.425142414241423960e+00 1.000000000000000048e-04
1.426142514251425020e+00 1.000000000000000048e-04
1.427142614261426079e+00 1.000000000000000048e-04
1.428142714271427138e+00 1.000000000000000048e-04
1.429142814281427976e+00 1.000000000000000048e-04
1.430142914291429035e+00 1.000000000000000048e-04
1.431143014301430094e+00 1.000000000000000048e-04
1.432143114311430931e+00 1.000000000000000048e-04
1.433143214321431991e+00 1.000000000000000048e-04
1.434143314331433050e+00 1.000000000000000048e-04
1.435143414341434109e+00 1.000000000000000048e-04
1.436143514351434947e+00 1.000000000000000048e-04
1.437143614361436006e+00 1.000000000000000048e-04
1.438143714371437065e+00 1.000000000000000048e-04
1.439143814381438125e+00 1.000000000000000048e-04
1.440143914391438962e+00 1.000000000000000048e-04
1.441144014401440021e+00 1.000000000000000048e-04
1.442144114411441080e+00 1.000000000000000048e-04
1.443144214421442140e+00 1.000000000000000048e-04
1.444144314431442977e+00 1.000000000000000048e-04
1.445144414441444036e+00 1.000000000000000048e-04
1.446144514451445096e+00 1.000000000000000048e-04
1.447144614461445933e+00 1.000000000000000048e-04
1.448144714471446992e+00 1.000000000000000048e-04
1.449144814481448051e+00 1.000000000000000048e-04
1.450144914491449111e+00 1.000000000000000048e-04
1.451145014501449948e+00 1.000000000000000048e-04
1.452145114511451007e+00 1.000000000000000048e-04
1.453145214521452067e+00 1.000000000000000048e-04
1.454145314531453126e+00 1.000000000000000048e-04
1.455145414541453963e+00 1.000000000000000048e-04
1.456145514551455022e+00 1.000000000000000048e-04
1.457145614561456082e+00 1.000000000000000048e-04
1.458145714571457141e+00 1.000000000000000048e-04
1.459145814581457978e+00 1.000000000000000048e-04
1.460145914591459038e+00 1.000000000000000048e-04
1.461146014601460097e+00 1.000000000000000048e-04
1.462146114611460934e+00 1.000000000000000048e-04
1.463146214621461993e+00 1.000000000000000048e-04
1.464146314631463053e+00 1.000000000000000048e-04
1.465146414641464112e+00 1.000000000000000048e-04
1.466146514651464949e+00 1.000000000000000048e-04
1.467146614661466009e+00 1.000000000000000048e-04
1.468146714671467068e+00 1.000000000000000048e-04
1.469146814681468127e+00 1.000000000000000048e-04
1.470146914691468965e+00 1.000000000000000048e-04
1.471147014701470024e+00 1.000000000000000048e-04
1.472147114711471083e+00 1.000000000000000048e-04
1.473147214721472142e+00 1.000000000000000048e-04
1.474147314731472980e+00 1.000000000000000048e-04
1.475147414741474039e+00 1.000000000000000048e-04
1.476147514751475098e+00 1.000000000000000048e-04
1.477147614761475936e+00 1.000000000000000048e-04
1.478147714771476995e+00 1.000000000000000048e-04
1.479147814781478054e+00 1.000000000000000048e-04
1.480147914791479113e+00 1.000000000000000048e-04
1.481148014801479951e+00 1.000000000000000048e-04
1.482148114811481010e+00 1.000000000000000048e-04
1.483148214821482069e+00 1.000000000000000048e-04
1.484148314831483129e+00 1.000000000000000048e-04
1.485148414841483966e+00 1.000000000000000048e-04
1.486148514851485025e+00 1.000000000000000048e-04
1.487148614861486084e+00 1.000000000000000048e-04
1.488148714871487144e+00 1.000000000000000048e-04
1.489148814881487981e+00 1.000000000000000048e-04
1.490148914891489040e+00 1.000000000000000048e-04
1.491149014901490100e+00 1.000000000000000048e-04
1.492149114911490937e+00 1.000000000000000048e-04
1.493149214921491996e+00 1.000000000000000048e-04
1.494149314931493056e+00 1.000000000000000048e-04
1.495149414941494115e+00 1.000000000000000048e-04
1.496149514951494952e+00 1.000000000000000048e-04
1.497149614961496011e+00 1.000000000000000048e-04
1.498149714971497071e+00 1.000000000000000048e-04
1.499149814981498130e+00 1.000000000000000048e-04
1.500149914991498967e+00 1.000000000000000048e-04
1.501150015001500027e+00 1.000000000000000048e-04
1.502150115011501086e+00 1.000000000000000048e-04
1.503150215021502145e+00 1.000000000000000048e-04
1.504150315031502982e+00 1.000000000000000048e-04
1.505150415041504042e+00 1.000000000000000048e-04
1.506150515051505101e+00 1.000000000000000048e-04
1.507150615061505938e+00 1.000000000000000048e-04
1.508150715071506998e+00 1.000000000000000048e-04
1.509150815081508057e+00 1.000000000000000048e-04
1.510150915091509116e+00 1.000000000000000048e-04
1.511151015101509953e+00 1.000000000000000048e-04
1.512151115111511013e+00 1.000000000000000048e-04
1.513151215121512072e+00 1.000000000000000048e-04
1.514151315131513131e+00 1.000000000000000048e-04
1.515151415141513969e+00 1.000000000000000048e-04
1.516151515151515028e+00 1.000000000000000048e-04
1.517151615161516087e+00 1.000000000000000048e-04
1.518151715171517147e+00 1.000000000000000048e-04
1.519151815181517984e+00 1.000000000000000048e-04
1.520151915191519043e+00 1.000000000000000048e-04
1.521152015201520102e+00 1.000000000000000048e-04
1.522152115211520940e+00 1.000000000000000048e-04
1.523152215221521999e+00 1.000000000000000048e-04
1.524152315231523058e+00 1.000000000000000048e-04
1.525152415241524118e+00 1.000000000000000048e-04
1.526152515251524955e+00 1.000000000000000048e-04
1.527152615261526014e+00 1.000000000000000048e-04
1.528152715271527073e+00 1.000000000000000048e-04
1.529152815281528133e+00 1.000000000000000048e-04
1.530152915291528970e+00 1.000000000000000048e-04
1.531153015301530029e+00 1.000000000000000048e-04
1.532153115311531089e+00 1.000000000000000048e-04
1.533153215321532148e+00 1.000000000000000048e-04
1.534153315331532985e+00 1.000000000000000048e-04
1.535153415341534044e+00 1.000000000000000048e-04
1.536153515351535104e+00 1.000000000000000048e-04
1.537153615361535941e+00 1.000000000000000048e-04
1.538153715371537000e+00 1.000000000000000048e-04
1.539153815381538060e+00 1.000000000000000048e-04
1.540153915391539119e+00 1.000000000000000048e-04
1.541154015401539956e+00 1.000000000000000048e-04
1.542154115411541015e+00 1.000000000000000048e-04
1.543154215421542075e+00 1.000000000000000048e-04
1.544154315431543134e+00 1.000000000000000048e-04
1.545154415441543971e+00 1.000000000000000048e-04
1.546154515451545031e+00 1.000000000000000048e-04
1.547154615461546090e+00 1.000000000000000048e-04
1.548154715471547149e+00 1.000000000000000048e-04
1.549154815481547987e+00 1.000000000000000048e-04
1.550154915491549046e+00 1.000000000000000048e-04
1.551155015501550105e+00 1.000000000000000048e-04
1.552155115511551164e+00 1.000000000000000048e-04
1.553155215521552002e+00 1.000000000000000048e-04
1.554155315531553061e+00 1.000000000000000048e-04
1.555155415541554120e+00 1.000000000000000048e-04
1.556155515551554958e+00 1.000000000000000048e-04
1.557155615561556017e+00 1.000000000000000048e-04
1.558155715571557076e+00 1.000000000000000048e-04
1.559155815581558135e+00 1.000000000000000048e-04
1.560155915591558973e+00 1.000000000000000048e-04
1.561156015601560032e+00 1.000000000000000048e-04
1.562156115611561091e+00 1.000000000000000048e-04
1.563156215621562151e+00 1.000000000000000048e-04
1.564156315631562988e+00 1.000000000000000048e-04
1.565156415641564047e+00 1.000000000000000048e-04
1.566156515651565106e+00 1.000000000000000048e-04
1.567156615661566166e+00 1.000000000000000048e-04
1.568156715671567003e+00 1.000000000000000048e-04
1.569156815681568062e+00 1.000000000000000048e-04
1.570156915691569122e+00 1.000000000000000048e-04
1.571157015701569959e+00 1.000000000000000048e-04
1.572157115711571018e+00 1.000000000000000048e-04
1.573157215721572078e+00 1.000000000000000048e-04
1.574157315731573137e+00 1.000000000000000048e-04
1.575157415741573974e+00 1.000000000000000048e-04
1.576157515751575033e+00 1.000000000000000048e-04
1.577157615761576093e+00 1.000000000000000048e-04
1.578157715771577152e+00 1.000000000000000048e-04
1.579157815781577989e+00 1.000000000000000048e-04
1.580157915791579049e+00 1.000000000000000048e-04
1.581158015801580108e+00 1.000000000000000048e-04
1.582158115811581167e+00 1.000000000000000048e-04
1.583158215821582004e+00 1.000000000000000048e-04
1.584158315831583064e+00 1.000000000000000048e-04
1.585158415841584123e+00 1.000000000000000048e-04
1.586158515851584960e+00 1.000000000000000048e-04
1.587158615861586020e+00 1.000000000000000048e-04
1.588158715871587079e+00 1.000000000000000048e-04
1.589158815881588138e+00 1.000000000000000048e-04
1.590158915891588975e+00 1.000000000000000048e-04
1.591159015901590035e+00 1.000000000000000048e-04
1.592159115911591094e+00 1.000000000000000048e-04
1.593159215921592153e+00 1.000000000000000048e-04
1.594159315931592991e+00 1.000000000000000048e-04
1.595159415941594050e+00 1.000000000000000048e-04
1.596159515951595109e+00 1.000000000000000048e-04
1.597159615961596169e+00 1.000000000000000048e-04
1.598159715971597006e+00 1.000000000000000048e-04
1.599159815981598065e+00 1.000000000000000048e-04
1.600159915991599124e+00 1.000000000000000048e-04
1.601160016001599962e+00 1.000000000000000048e-04
1.602160116011601021e+00 1.000000000000000048e-04
1.603160216021602080e+00 1.000000000000000048e-04
1.604160316031603140e+00 1.000000000000000048e-04
1.605160416041603977e+00 1.000000000000000048e-04
1.606160516051605036e+00 1.000000000000000048e-04
1.607160616061606095e+00 1.000000000000000048e-04
1.608160716071607155e+00 1.000000000000000048e-04
1.609160816081607992e+00 1.000000000000000048e-04
1.610160916091609051e+00 1.000000000000000048e-04
1.611161016101610111e+00 1.000000000000000048e-04
1.612161116111611170e+00 1.000000000000000048e-04
1.613161216121612007e+00 1.000000000000000048e-04
1.614161316131613066e+00 1.000000000000000048e-04
1.615161416141614126e+00 1.000000000000000048e-04
1.616161516151614963e+00 1.000000000000000048e-04
1.617161616161616022e+00 1.000000000000000048e-04
1.618161716171617082e+00 1.000000000000000048e-04
1.619161816181618141e+00 1.000000000000000048e-04
1.620161916191618978e+00 1.000000000000000048e-04
1.621162016201620037e+00 1.000000000000000048e-04
1.622162116211621097e+00 1.000000000000000048e-04
1.623162216221622156e+00 1.000000000000000048e-04
1.624162316231622993e+00 1.000000000000000048e-04
1.625162416241624053e+00 1.000000000000000048e-04
1.626162516251625112e+00 1.000000000000000048e-04
1.627162616261626171e+00 1.000000000000000048e-04
1.628162716271627009e+00 1.000000000000000048e-04
1.629162816281628068e+00 1.000000000000000048e-04
1.630162916291629127e+00 1.000000000000000048e-04
1.631163016301629964e+00 1.000000000000000048e-04
1.632163116311631024e+00 1.000000000000000048e-04
1.633163216321632083e+00 1.000000000000000048e-04
1.634163316331633142e+00 1.000000000000000048e-04
1.635163416341633980e+00 1.000000000000000048e-04
1.636163516351635039e+00 1.000000000000000048e-04
1.637163616361636098e+00 1.000000000000000048e-04
1.638163716371637157e+00 1.000000000000000048e-04
1.639163816381637995e+00 1.000000000000000048e-04
1.640163916391639054e+00 1.000000000000000048e-04
1.641164016401640113e+00 1.000000000000000048e-04
1.642164116411641173e+00 1.000000000000000048e-04
1.643164216421642010e+00 1.000000000000000048e-04
1.644164316431643069e+00 1.000000000000000048e-04
1.645164416441644128e+00 1.000000000000000048e-04
1.646164516451644966e+00 1.000000000000000048e-04
1.647164616461646025e+00 1.000000000000000048e-04
1.648164716471647084e+00 1.000000000000000048e-04
1.649164816481648144e+00 1.000000000000000048e-04
1.650164916491648981e+00 1.000000000000000048e-04
1.651165016501650040e+00 1.000000000000000048e-04
1.652165116511651100e+00 1.000000000000000048e-04
1.653165216521652159e+00 1.000000000000000048e-04
1.654165316531652996e+00 1.000000000000000048e-04
1.655165416541654055e+00 1.000000000000000048e-04
1.656165516551655115e+00 1.000000000000000048e-04
1.657165616561656174e+00 1.000000000000000048e-04
1.658165716571657011e+00 1.000000000000000048e-04
1.659165816581658071e+00 1.000000000000000048e-04
1.660165916591659130e+00 1.000000000000000048e-04
1.661166016601659967e+00 1.000000000000000048e-04
1.662166116611661026e+00 1.000000000000000048e-04
1.663166216621662086e+00 1.000000000000000048e-04
1.664166316631663145e+00 1.000000000000000048e-04
1.665166416641663982e+00 1.000000000000000048e-04
1.666166516651665042e+00 1.000000000000000048e-04
1.667166616661666101e+00 1.000000000000000048e-04
1.668166716671667160e+00 1.000000000000000048e-04
1.669166816681667997e+00 1.000000000000000048e-04
1.670166916691669057e+00 1.000000000000000048e-04
1.671167016701670116e+00 1.000000000000000048e-04
1.672167116711671175e+00 1.000000000000000048e-04
1.673167216721672013e+00 1.000000000000000048e-04
1.674167316731673072e+00 1.000000000000000048e-04
1.675167416741674131e+00 1.000000000000000048e-04
1.676167516751674968e+00 1.000000000000000048e-04
1.677167616761676028e+00 1.000000000000000048e-04
1.678167716771677087e+00 1.000000000000000048e-04
1.679167816781678146e+00 1.000000000000000048e-04
1.680167916791678984e+00 1.000000000000000048e-04
1.681168016801680043e+00 1.000000000000000048e-04
1.682168116811681102e+00 1.000000000000000048e-04
1.683168216821682162e+00 1.000000000000000048e-04
1.684168316831682999e+00 1.000000000000000048e-04
1.685168416841684058e+00 1.000000000000000048e-04
1.686168516851685117e+00 1.000000000000000048e-04
1.687168616861686177e+00 1.000000000000000048e-04
1.688168716871687014e+00 1.000000000000000048e-04
1.689168816881688073e+00 1.000000000000000048e-04
1.690168916891689133e+00 1.000000000000000048e-04
1.691169016901689970e+00 1.000000000000000048e-04
1.692169116911691029e+00 1.000000000000000048e-04
1.693169216921692088e+00 1.000000000000000048e-04
1.694169316931693148e+00 1.000000000000000048e-04
1.695169416941693985e+00 1.000000000000000048e-04
1.696169516951695044e+00 1.000000000000000048e-04
1.697169616961696104e+00 1.000000000000000048e-04
1.698169716971697163e+00 1.000000000000000048e-04
1.699169816981698000e+00 1.000000000000000048e-04
1.700169916991699059e+00 1.000000000000000048e-04
1.701170017001700119e+00 1.000000000000000048e-04
1.702170117011701178e+00 1.000000000000000048e-04
1.703170217021702015e+00 1.000000000000000048e-04
1.704170317031703075e+00 1.000000000000000048e-04
1.705170417041704134e+00 1.000000000000000048e-04
1.706170517051704971e+00 1.000000000000000048e-04
1.707170617061706031e+00 1.000000000000000048e-04
1.708170717071707090e+00 1.000000000000000048e-04
1.709170817081708149e+00 1.000000000000000048e-04
1.710170917091708986e+00 1.000000000000000048e-04
1.711171017101710046e+00 1.000000000000000048e-04
1.712171117111711105e+00 1.000000000000000048e-04
1.713171217121712164e+00 1.000000000000000048e-04
1.714171317131713002e+00 1.000000000000000048e-04
1.715171417141714061e+00 1.000000000000000048e-04
1.716171517151715120e+00 1.000000000000000048e-04
1.717171617161716179e+00 1.000000000000000048e-04
1.718171717171717017e+00 1.000000000000000048e-04
1.719171817181718076e+00 1.000000000000000048e-04
1.720171917191719135e+00 1.000000000000000048e-04
1.721172017201719973e+00 1.000000000000000048e-04
1.722172117211721032e+00 1.000000000000000048e-04
1.723172217221722091e+00 1.000000000000000048e-04
1.724172317231723150e+00 1.000000000000000048e-04
1.725172417241723988e+00 1.000000000000000048e-04
1.726172517251725047e+00 1.000000000000000048e-04
1.727172617261726106e+00 1.000000000000000048e-04
1.728172717271727166e+00 1.000000000000000048e-04
1.729172817281728003e+00 1.000000000000000048e-04
1.730172917291729062e+00 1.000000000000000048e-04
1.731173017301730122e+00 1.000000000000000048e-04
1.732173117311731181e+00 1.000000000000000048e-04
1.733173217321732018e+00 1.000000000000000048e-04
1.734173317331733077e+00 1.000000000000000048e-04
1.735173417341734137e+00 1.000000000000000048e-04
1.736173517351734974e+00 1.000000000000000048e-04
1.737173617361736033e+00 1.000000000000000048e-04
1.738173717371737093e+00 1.000000000000000048e-04
1.739173817381738152e+00 1.000000000000000048e-04
1.740173917391738989e+00 1.000000000000000048e-04
1.741174017401740048e+00 1.000000000000000048e-04
1.742174117411741108e+00 1.000000000000000048e-04
1.743174217421742167e+00 1.000000000000000048e-04
1.744174317431743004e+00 1.000000000000000048e-04
1.745174417441744064e+00 1.000000000000000048e-04
1.746174517451745123e+00 1.000000000000000048e-04
1.747174617461746182e+00 1.000000000000000048e-04
1.748174717471747019e+00 1.000000000000000048e-04
1.749174817481748079e+00 1.000000000000000048e-04
1.750174917491749138e+00 1.000000000000000048e-04
1.751175017501749975e+00 1.000000000000000048e-04
1.752175117511751035e+00 1.000000000000000048e-04
1.753175217521752094e+00 1.000000000000000048e-04
1.754175317531753153e+00 1.000000000000000048e-04
1.755175417541753990e+00 1.000000000000000048e-04
1.756175517551755050e+00 1.000000000000000048e-04
1.757175617561756109e+00 1.000000000000000048e-04
1.758175717571757168e+00 1.000000000000000048e-04
1.759175817581758006e+00 1.000000000000000048e-04
1.760175917591759065e+00 1.000000000000000048e-04
1.761176017601760124e+00 1.000000000000000048e-04
1.762176117611761184e+00 1.000000000000000048e-04
1.763176217621762021e+00 1.000000000000000048e-04
1.764176317631763080e+00 1.000000000000000048e-04
1.765176417641764139e+00 1.000000000000000048e-04
1.766176517651764977e+00 1.000000000000000048e-04
1.767176617661766036e+00 1.000000000000000048e-04
1.768176717671767095e+00 1.000000000000000048e-04
1.769176817681768155e+00 1.000000000000000048e-04
1.770176917691768992e+00 1.000000000000000048e-04
1.771177017701770051e+00 1.000000000000000048e-04
1.772177117711771110e+00 1.000000000000000048e-04
1.773177217721772170e+00 1.000000000000000048e-04
1.774177317731773007e+00 1.000000000000000048e-04
1.775177417741774066e+00 1.000000000000000048e-04
1.776177517751775126e+00 1.000000000000000048e-04
1.777177617761776185e+00 1.000000000000000048e-04
1.778177717771777022e+00 1.000000000000000048e-04
1.779177817781778081e+00 1.000000000000000048e-04
1.780177917791779141e+00 1.000000000000000048e-04
1.781178017801779978e+00 1.000000000000000048e-04
1.782178117811781037e+00 1.000000000000000048e-04
1.783178217821782097e+00 1.000000000000000048e-04
1.784178317831783156e+00 1.000000000000000048e-04
1.785178417841783993e+00 1.000000000000000048e-04
1.786178517851785053e+00 1.000000000000000048e-04
1.787178617861786112e+00 1.000000000000000048e-04
1.788178717871787171e+00 1.000000000000000048e-04
1.789178817881788008e+00 1.000000000000000048e-04
1.790178917891789068e+00 1.000000000000000048e-04
1.791179017901790127e+00 1.000000000000000048e-04
1.792179117911791186e+00 1.000000000000000048e-04
1.793179217921792024e+00 1.000000000000000048e-04
1.794179317931793083e+00 1.000000000000000048e-04
1.795179417941794142e+00 1.000000000000000048e-04
1.796179517951794979e+00 1.000000000000000048e-04
1.797179617961796039e+00 1.000000000000000048e-04
1.798179717971797098e+00 1.000000000000000048e-04
1.799179817981798157e+00 1.000000000000000048e-04
1.800179917991798995e+00 1.000000000000000048e-04
1.801180018001800054e+00 1.000000000000000048e-04
1.802180118011801113e+00 1.000000000000000048e-04
1.803180218021802173e+00 1.000000000000000048e-04
1.804180318031803010e+00 1.000000000000000048e-04
1.805180418041804069e+00 1.000000000000000048e-04
1.806180518051805128e+00 1.000000000000000048e-04
1.807180618061806188e+00 1.000000000000000048e-04
1.808180718071807025e+00 1.000000000000000048e-04
1.809180818081808084e+00 1.000000000000000048e-04
1.810180918091809144e+00 1.000000000000000048e-04
1.811181018101809981e+00 1.000000000000000048e-04
1.812181118111811040e+00 1.000000000000000048e-04
1.813181218121812099e+00 1.000000000000000048e-04
1.814181318131813159e+00 1.000000000000000048e-04
1.815181418141813996e+00 1.000000000000000048e-04
1.816181518151815055e+00 1.000000000000000048e-04
1.817181618161816115e+00 1.000000000000000048e-04
1.818181718171817174e+00 1.000000000000000048e-04
1.819181818181818011e+00 1.000000000000000048e-04
1.820181918191819070e+00 1.000000000000000048e-04
1.821182018201820130e+00 1.000000000000000048e-04
1.822182118211821189e+00 1.000000000000000048e-04
1.823182218221822026e+00 1.000000000000000048e-04
1.824182318231823086e+00 1.000000000000000048e-04
1.825182418241824145e+00 1.000000000000000048e-04
1.826182518251824982e+00 1.000000000000000048e-04
1.827182618261826041e+00 1.000000000000000048e-04
1.828182718271827101e+00 1.000000000000000048e-04
1.829182818281828160e+00 1.000000000000000048e-04
1.830182918291828997e+00 1.000000000000000048e-04
1.831183018301830057e+00 1.000000000000000048e-04
1.832183118311831116e+00 1.000000000000000048e-04
1.833183218321832175e+00 1.000000000000000048e-04
1.834183318331833012e+00 1.000000000000000048e-04
1.835183418341834072e+00 1.000000000000000048e-04
1.836183518351835131e+00 1.000000000000000048e-04
1.837183618361836190e+00 1.000000000000000048e-04
1.838183718371837028e+00 1.000000000000000048e-04
1.839183818381838087e+00 1.000000000000000048e-04
1.840183918391839146e+00 1.000000000000000048e-04
1.841184018401839984e+00 1.000000000000000048e-04
1.842184118411841043e+00 1.000000000000000048e-04
1.843184218421842102e+00 1.000000000000000048e-04
1.844184318431843161e+00 1.000000000000000048e-04
1.845184418441843999e+00 1.000000000000000048e-04
1.846184518451845058e+00 1.000000000000000048e-04
1.847184618461846117e+00 1.000000000000000048e-04
1.848184718471847177e+00 1.000000000000000048e-04
1.849184818481848014e+00 1.000000000000000048e-04
1.850184918491849073e+00 1.000000000000000048e-04
1.851185018501850132e+00 1.000000000000000048e-04
1.852185118511851192e+00 1.000000000000000048e-04
1.853185218521852029e+00 1.000000000000000048e-04
1.854185318531853088e+00 1.000000000000000048e-04
1.855185418541854148e+00 1.000000000000000048e-04
1.856185518551854985e+00 1.000000000000000048e-04
1.857185618561856044e+00 1.000000000000000048e-04
1.858185718571857103e+00 1.000000000000000048e-04
1.859185818581858163e+00 1.000000000000000048e-04
1.860185918591859000e+00 1.000000000000000048e-04
1.861186018601860059e+00 1.000000000000000048e-04
1.862186118611861119e+00 1.000000000000000048e-04
1.863186218621862178e+00 1.000000000000000048e-04
1.864186318631863015e+00 1.000000000000000048e-04
1.865186418641864075e+00 1.000000000000000048e-04
1.866186518651865134e+00 1.000000000000000048e-04
1.867186618661866193e+00 1.000000000000000048e-04
1.868186718671867030e+00 1.000000000000000048e-04
1.869186818681868090e+00 1.000000000000000048e-04
1.870186918691869149e+00 1.000000000000000048e-04
1.871187018701869986e+00 1.000000000000000048e-04
1.872187118711871046e+00 1.000000000000000048e-04
1.873187218721872105e+00 1.000000000000000048e-04
1.874187318731873164e+00 1.000000000000000048e-04
1.875187418741874001e+00 1.000000000000000048e-04
1.876187518751875061e+00 1.000000000000000048e-04
1.877187618761876120e+00 1.000000000000000048e-04
1.878187718771877179e+00 1.000000000000000048e-04
1.879187818781878017e+00 1.000000000000000048e-04
1.880187918791879076e+00 1.000000000000000048e-04
1.881188018801880135e+00 1.000000000000000048e-04
1.882188118811881195e+00 1.000000000000000048e-04
1.883188218821882032e+00 1.000000000000000048e-04
1.884188318831883091e+00 1.000000000000000048e-04
1.885188418841884150e+00 1.000000000000000048e-04
1.886188518851884988e+00 1.000000000000000048e-04
1.887188618861886047e+00 1.000000000000000048e-04
1.888188718871887106e+00 1.000000000000000048e-04
1.889188818881888166e+00 1.000000000000000048e-04
1.890188918891889003e+00 1.000000000000000048e-04
1.891189018901890062e+00 1.000000000000000048e-04
1.892189118911891121e+00 1.000000000000000048e-04
1.893189218921892181e+00 1.000000000000000048e-04
1.894189318931893018e+00 1.000000000000000048e-04
1.895189418941894077e+00 1.000000000000000048e-04
1.896189518951895137e+00 1.000000000000000048e-04
1.897189618961896196e+00 1.000000000000000048e-04
1.898189718971897033e+00 1.000000000000000048e-04
1.899189818981898092e+00 1.000000000000000048e-04
1.900189918991899152e+00 1.000000000000000048e-04
1.901190019001899989e+00 1.000000000000000048e-04
1.902190119011901048e+00 1.000000000000000048e-04
1.903190219021902108e+00 1.000000000000000048e-04
1.904190319031903167e+00 1.000000000000000048e-04
1.905190419041904004e+00 1.000000000000000048e-04
1.906190519051905063e+00 1.000000000000000048e-04
1.907190619061906123e+00 1.000000000000000048e-04
1.908190719071907182e+00 1.000000000000000048e-04
1.909190819081908019e+00 1.000000000000000048e-04
1.910190919091909079e+00 1.000000000000000048e-04
1.911191019101910138e+00 1.000000000000000048e-04
1.912191119111911197e+00 1.000000000000000048e-04
1.913191219121912034e+00 1.000000000000000048e-04
1.914191319131913094e+00 1.000000000000000048e-04
1.915191419141914153e+00 1.000000000000000048e-04
1.916191519151914990e+00 1.000000000000000048e-04
1.917191619161916050e+00 1.000000000000000048e-04
1.918191719171917109e+00 1.000000000000000048e-04
1.919191819181918168e+00 1.000000000000000048e-04
1.920191919191919006e+00 1.000000000000000048e-04
1.921192019201920065e+00 1.000000000000000048e-04
1.922192119211921124e+00 1.000000000000000048e-04
1.923192219221922183e+00 1.000000000000000048e-04
1.924192319231923021e+00 1.000000000000000048e-04
1.925192419241924080e+00 1.000000000000000048e-04
1.926192519251925139e+00 1.000000000000000048e-04
1.927192619261926199e+00 1.000000000000000048e-04
1.928192719271927036e+00 1.000000000000000048e-04
1.929192819281928095e+00 1.000000000000000048e-04
1.930192919291929154e+00 1.000000000000000048e-04
1.931193019301929992e+00 1.000000000000000048e-04
1.932193119311931051e+00 1.000000000000000048e-04
1.933193219321932110e+00 1.000000000000000048e-04
1.934193319331933170e+00 1.000000000000000048e-04
1.935193419341934007e+00 1.000000000000000048e-04
1.936193519351935066e+00 1.000000000000000048e-04
1.937193619361936126e+00 1.000000000000000048e-04
1.938193719371937185e+00 1.000000000000000048e-04
1.939193819381938022e+00 1.000000000000000048e-04
1.940193919391939081e+00 1.000000000000000048e-04
1.941194019401940141e+00 1.000000000000000048e-04
1.942194119411941200e+00 1.000000000000000048e-04
1.943194219421942037e+00 1.000000000000000048e-04
1.944194319431943097e+00 1.000000000000000048e-04
1.945194419441944156e+00 1.000000000000000048e-04
1.946194519451944993e+00 1.000000000000000048e-04
1.947194619461946052e+00 1.000000000000000048e-04
1.948194719471947112e+00 1.000000000000000048e-04
1.949194819481948171e+00 1.000000000000000048e-04
1.950194919491949008e+00 1.000000000000000048e-04
1.951195019501950068e+00 1.000000000000000048e-04
1.952195119511951127e+00 1.000000000000000048e-04
1.953195219521952186e+00 1.000000000000000048e-04
1.954195319531953023e+00 1.000000000000000048e-04
1.955195419541954083e+00 1.000000000000000048e-04
1.956195519551955142e+00 1.000000000000000048e-04
1.957195619561956201e+00 1.000000000000000048e-04
1.958195719571957039e+00 1.000000000000000048e-04
1.959195819581958098e+00 1.000000000000000048e-04
1.960195919591959157e+00 1.000000000000000048e-04
1.961196019601959994e+00 1.000000000000000048e-04
1.962196119611961054e+00 1.000000000000000048e-04
1.963196219621962113e+00 1.000000000000000048e-04
1.964196319631963172e+00 1.000000000000000048e-04
1.965196419641964010e+00 1.000000000000000048e-04
1.966196519651965069e+00 1.000000000000000048e-04
1.967196619661966128e+00 1.000000000000000048e-04
1.968196719671967188e+00 1.000000000000000048e-04
1.969196819681968025e+00 1.000000000000000048e-04
1.970196919691969084e+00 1.000000000000000048e-04
1.971197019701970143e+00 1.000000000000000048e-04
1.972197119711971203e+00 1.000000000000000048e-04
1.973197219721972040e+00 1.000000000000000048e-04
1.974197319731973099e+00 1.000000000000000048e-04
1.975197419741974159e+00 1.000000000000000048e-04
1.976197519751974996e+00 1.000000000000000048e-04
1.977197619761976055e+00 1.000000000000000048e-04
1.978197719771977114e+00 1.000000000000000048e-04
1.979197819781978174e+00 1.000000000000000048e-04
1.980197919791979011e+00 1.000000000000000048e-04
1.981198019801980070e+00 1.000000000000000048e-04
1.982198119811981130e+00 1.000000000000000048e-04
1.983198219821982189e+00 1.000000000000000048e-04
1.984198319831983026e+00 1.000000000000000048e-04
1.985198419841984085e+00 1.000000000000000048e-04
1.986198519851985145e+00 1.000000000000000048e-04
1.987198619861986204e+00 1.000000000000000048e-04
1.988198719871987041e+00 1.000000000000000048e-04
1.989198819881988101e+00 1.000000000000000048e-04
1.990198919891989160e+00 1.000000000000000048e-04
1.991199019901989997e+00 1.000000000000000048e-04
1.992199119911991056e+00 1.000000000000000048e-04
1.993199219921992116e+00 1.000000000000000048e-04
1.994199319931993175e+00 1.000000000000000048e-04
1.995199419941994012e+00 1.000000000000000048e-04
1.996199519951995072e+00 1.000000000000000048e-04
1.997199619961996131e+00 1.000000000000000048e-04
1.998199719971997190e+00 1.000000000000000048e-04
1.999199819981998028e+00 1.000000000000000048e-04
2.000199919991999309e+00 1.000000000000000048e-04
2.001200020001999924e+00 1.000000000000000048e-04
2.002200120012000983e+00 1.000000000000000048e-04
2.003200220022002043e+00 1.000000000000000048e-04
2.004200320032003102e+00 1.000000000000000048e-04
2.005200420042004161e+00 1.000000000000000048e-04
2.006200520052005221e+00 1.000000000000000048e-04
2.007200620062006280e+00 1.000000000000000048e-04
2.008200720072006895e+00 1.000000000000000048e-04
2.009200820082007954e+00 1.000000000000000048e-04
2.010200920092009014e+00 1.000000000000000048e-04
2.011201020102010073e+00 1.000000000000000048e-04
2.012201120112011132e+00 1.000000000000000048e-04
2.013201220122012192e+00 1.000000000000000048e-04
2.014201320132013251e+00 1.000000000000000048e-04
2.015201420142014310e+00 1.000000000000000048e-04
2.016201520152014925e+00 1.000000000000000048e-04
2.017201620162015985e+00 1.000000000000000048e-04
2.018201720172017044e+00 1.000000000000000048e-04
2.019201820182018103e+00 1.000000000000000048e-04
2.020201920192019163e+00 1.000000000000000048e-04
2.021202020202020222e+00 1.000000000000000048e-04
2.022202120212021281e+00 1.000000000000000048e-04
2.023202220222021896e+00 1.000000000000000048e-04
2.024202320232022956e+00 1.000000000000000048e-04
2.025202420242024015e+00 1.000000000000000048e-04
2.026202520252025074e+00 1.000000000000000048e-04
2.027202620262026134e+00 1.000000000000000048e-04
2.028202720272027193e+00 1.000000000000000048e-04
2.029202820282028252e+00 1.000000000000000048e-04
2.030202920292029312e+00 1.000000000000000048e-04
2.031203020302029927e+00 1.000000000000000048e-04
2.032203120312030986e+00 1.000000000000000048e-04
2.033203220322032045e+00 1.000000000000000048e-04
2.034203320332033105e+00 1.000000000000000048e-04
2.035203420342034164e+00 1.000000000000000048e-04
2.036203520352035223e+00 1.000000000000000048e-04
2.037203620362036283e+00 1.000000000000000048e-04
2.038203720372036898e+00 1.000000000000000048e-04
2.039203820382037957e+00 1.000000000000000048e-04
2.040203920392039016e+00 1.000000000000000048e-04
2.041204020402040076e+00 1.000000000000000048e-04
2.042204120412041135e+00 1.000000000000000048e-04
2.043204220422042194e+00 1.000000000000000048e-04
2.044204320432043254e+00 1.000000000000000048e-04
2.045204420442044313e+00 1.000000000000000048e-04
2.046204520452044928e+00 1.000000000000000048e-04
2.047204620462045987e+00 1.000000000000000048e-04
2.048204720472047047e+00 1.000000000000000048e-04
2.049204820482048106e+00 1.000000000000000048e-04
2.050204920492049165e+00 1.000000000000000048e-04
2.051205020502050225e+00 1.000000000000000048e-04
2.052205120512051284e+00 1.000000000000000048e-04
2.053205220522051899e+00 1.000000000000000048e-04
2.054205320532052959e+00 1.000000000000000048e-04
2.055205420542054018e+00 1.000000000000000048e-04
2.056205520552055077e+00 1.000000000000000048e-04
2.057205620562056136e+00 1.000000000000000048e-04
2.058205720572057196e+00 1.000000000000000048e-04
2.059205820582058255e+00 1.000000000000000048e-04
2.060205920592059314e+00 1.000000000000000048e-04
2.061206020602059930e+00 1.000000000000000048e-04
2.062206120612060989e+00 1.000000000000000048e-04
2.063206220622062048e+00 1.000000000000000048e-04
2.064206320632063107e+00 1.000000000000000048e-04
2.065206420642064167e+00 1.000000000000000048e-04
2.066206520652065226e+00 1.000000000000000048e-04
2.067206620662066285e+00 1.000000000000000048e-04
2.068206720672066901e+00 1.000000000000000048e-04
2.069206820682067960e+00 1.000000000000000048e-04
2.070206920692069019e+00 1.000000000000000048e-04
2.071207020702070078e+00 1.000000000000000048e-04
2.072207120712071138e+00 1.000000000000000048e-04
2.073207220722072197e+00 1.000000000000000048e-04
2.074207320732073256e+00 1.000000000000000048e-04
2.075207420742074316e+00 1.000000000000000048e-04
2.076207520752074931e+00 1.000000000000000048e-04
2.077207620762075990e+00 1.000000000000000048e-04
2.078207720772077050e+00 1.000000000000000048e-04
2.079207820782078109e+00 1.000000000000000048e-04
2.080207920792079168e+00 1.000000000000000048e-04
2.081208020802080227e+00 1.000000000000000048e-04
2.082208120812081287e+00 1.000000000000000048e-04
2.083208220822081902e+00 1.000000000000000048e-04
2.084208320832082961e+00 1.000000000000000048e-04
2.085208420842084021e+00 1.000000000000000048e-04
2.086208520852085080e+00 1.000000000000000048e-04
2.087208620862086139e+00 1.000000000000000048e-04
2.088208720872087198e+00 1.000000000000000048e-04
2.089208820882088258e+00 1.000000000000000048e-04
2.090208920892089317e+00 1.000000000000000048e-04
2.091209020902089932e+00 1.000000000000000048e-04
2.092209120912090992e+00 1.000000000000000048e-04
2.093209220922092051e+00 1.000000000000000048e-04
2.094209320932093110e+00 1.000000000000000048e-04
2.095209420942094170e+00 1.000000000000000048e-04
2.096209520952095229e+00 1.000000000000000048e-04
2.097209620962096288e+00 1.000000000000000048e-04
2.098209720972096903e+00 1.000000000000000048e-04
2.099209820982097963e+00 1.000000000000000048e-04
2.100209920992099022e+00 1.000000000000000048e-04
2.101210021002100081e+00 1.000000000000000048e-04
2.102210121012101141e+00 1.000000000000000048e-04
2.103210221022102200e+00 1.000000000000000048e-04
2.104210321032103259e+00 1.000000000000000048e-04
2.105210421042104318e+00 1.000000000000000048e-04
2.106210521052104934e+00 1.000000000000000048e-04
2.107210621062105993e+00 1.000000000000000048e-04
2.108210721072107052e+00 1.000000000000000048e-04
2.109210821082108112e+00 1.000000000000000048e-04
2.110210921092109171e+00 1.000000000000000048e-04
2.111211021102110230e+00 1.000000000000000048e-04
2.112211121112111289e+00 1.000000000000000048e-04
2.113211221122111905e+00 1.000000000000000048e-04
2.114211321132112964e+00 1.000000000000000048e-04
2.115211421142114023e+00 1.000000000000000048e-04
2.116211521152115083e+00 1.000000000000000048e-04
2.117211621162116142e+00 1.000000000000000048e-04
2.118211721172117201e+00 1.000000000000000048e-04
2.119211821182118261e+00 1.000000000000000048e-04
2.120211921192119320e+00 1.000000000000000048e-04
2.121212021202119935e+00 1.000000000000000048e-04
2.122212121212120994e+00 1.000000000000000048e-04
2.123212221222122054e+00 1.000000000000000048e-04
2.124212321232123113e+00 1.000000000000000048e-04
2.125212421242124172e+00 1.000000000000000048e-04
2.126212521252125232e+00 1.000000000000000048e-04
2.127212621262126291e+00 1.000000000000000048e-04
2.128212721272126906e+00 1.000000000000000048e-04
2.129212821282127965e+00 1.000000000000000048e-04
2.130212921292129025e+00 1.000000000000000048e-04
2.131213021302130084e+00 1.000000000000000048e-04
2.132213121312131143e+00 1.000000000000000048e-04
2.133213221322132203e+00 1.000000000000000048e-04
2.134213321332133262e+00 1.000000000000000048e-04
2.135213421342134321e+00 1.000000000000000048e-04
2.136213521352134936e+00 1.000000000000000048e-04
2.137213621362135996e+00 1.000000000000000048e-04
2.138213721372137055e+00 1.000000000000000048e-04
2.139213821382138114e+00 1.000000000000000048e-04
2.140213921392139174e+00 1.000000000000000048e-04
2.141214021402140233e+00 1.000000000000000048e-04
2.142214121412141292e+00 1.000000000000000048e-04
2.143214221422141907e+00 1.000000000000000048e-04
2.144214321432142967e+00 1.000000000000000048e-04
2.145214421442144026e+00 1.000000000000000048e-04
2.146214521452145085e+00 1.000000000000000048e-04
2.147214621462146145e+00 1.000000000000000048e-04
2.148214721472147204e+00 1.000000000000000048e-04
2.149214821482148263e+00 1.000000000000000048e-04
2.150214921492149323e+00 1.000000000000000048e-04
2.151215021502149938e+00 1.000000000000000048e-04
2.152215121512150997e+00 1.000000000000000048e-04
2.153215221522152056e+00 1.000000000000000048e-04
2.154215321532153116e+00 1.000000000000000048e-04
2.155215421542154175e+00 1.000000000000000048e-04
2.156215521552155234e+00 1.000000000000000048e-04
2.157215621562156294e+00 1.000000000000000048e-04
2.158215721572156909e+00 1.000000000000000048e-04
2.159215821582157968e+00 1.000000000000000048e-04
2.160215921592159027e+00 1.000000000000000048e-04
2.161216021602160087e+00 1.000000000000000048e-04
2.162216121612161146e+00 1.000000000000000048e-04
2.163216221622162205e+00 1.000000000000000048e-04
2.164216321632163265e+00 1.000000000000000048e-04
2.165216421642164324e+00 1.000000000000000048e-04
2.166216521652164939e+00 1.000000000000000048e-04
2.167216621662165998e+00 1.000000000000000048e-04
2.168216721672167058e+00 1.000000000000000048e-04
2.169216821682168117e+00 1.000000000000000048e-04
2.170216921692169176e+00 1.000000000000000048e-04
2.171217021702170236e+00 1.000000000000000048e-04
2.172217121712171295e+00 1.000000000000000048e-04
2.173217221722171910e+00 1.000000000000000048e-04
2.174217321732172969e+00 1.000000000000000048e-04
2.175217421742174029e+00 1.000000000000000048e-04
2.176217521752175088e+00 1.000000000000000048e-04
2.177217621762176147e+00 1.000000000000000048e-04
2.178217721772177207e+00 1.000000000000000048e-04
2.179217821782178266e+00 1.000000000000000048e-04
2.180217921792179325e+00 1.000000000000000048e-04
2.181218021802179940e+00 1.000000000000000048e-04
2.182218121812181000e+00 1.000000000000000048e-04
2.183218221822182059e+00 1.000000000000000048e-04
2.184218321832183118e+00 1.000000000000000048e-04
2.185218421842184178e+00 1.000000000000000048e-04
2.186218521852185237e+00 1.000000000000000048e-04
2.187218621862186296e+00 1.000000000000000048e-04
2.188218721872186912e+00 1.000000000000000048e-04
2.189218821882187971e+00 1.000000000000000048e-04
2.190218921892189030e+00 1.000000000000000048e-04
2.191219021902190089e+00 1.000000000000000048e-04
2.192219121912191149e+00 1.000000000000000048e-04
2.193219221922192208e+00 1.000000000000000048e-04
2.194219321932193267e+00 1.000000000000000048e-04
2.195219421942194327e+00 1.000000000000000048e-04
2.196219521952194942e+00 1.000000000000000048e-04
2.197219621962196001e+00 1.000000000000000048e-04
2.198219721972197060e+00 1.000000000000000048e-04
2.199219821982198120e+00 1.000000000000000048e-04
2.200219921992199179e+00 1.000000000000000048e-04
2.201220022002200238e+00 1.000000000000000048e-04
2.202220122012201298e+00 1.000000000000000048e-04
2.203220222022201913e+00 1.000000000000000048e-04
2.204220322032202972e+00 1.000000000000000048e-04
2.205220422042204031e+00 1.000000000000000048e-04
2.206220522052205091e+00 1.000000000000000048e-04
2.207220622062206150e+00 1.000000000000000048e-04
2.208220722072207209e+00 1.000000000000000048e-04
2.209220822082208269e+00 1.000000000000000048e-04
2.210220922092209328e+00 1.000000000000000048e-04
2.211221022102209943e+00 1.000000000000000048e-04
2.212221122112211003e+00 1.000000000000000048e-04
2.213221222122212062e+00 1.000000000000000048e-04
2.214221322132213121e+00 1.000000000000000048e-04
2.215221422142214180e+00 1.000000000000000048e-04
2.216221522152215240e+00 1.000000000000000048e-04
2.217221622162216299e+00 1.000000000000000048e-04
2.218221722172216914e+00 1.000000000000000048e-04
2.219221822182217974e+00 1.000000000000000048e-04
2.220221922192219033e+00 1.000000000000000048e-04
2.221222022202220092e+00 1.000000000000000048e-04
2.222222122212221151e+00 1.000000000000000048e-04
2.223222222222222211e+00 1.000000000000000048e-04
2.224222322232223270e+00 1.000000000000000048e-04
2.225222422242224329e+00 1.000000000000000048e-04
2.226222522252224945e+00 1.000000000000000048e-04
2.227222622262226004e+00 1.000000000000000048e-04
2.228222722272227063e+00 1.000000000000000048e-04
2.229222822282228123e+00 1.000000000000000048e-04
2.230222922292229182e+00 1.000000000000000048e-04
2.231223022302230241e+00 1.000000000000000048e-04
2.232223122312231300e+00 1.000000000000000048e-04
2.233223222322231916e+00 1.000000000000000048e-04
2.234223322332232975e+00 1.000000000000000048e-04
2.235223422342234034e+00 1.000000000000000048e-04
2.236223522352235094e+00 1.000000000000000048e-04
2.237223622362236153e+00 1.000000000000000048e-04
2.238223722372237212e+00 1.000000000000000048e-04
2.239223822382238271e+00 1.000000000000000048e-04
2.240223922392239331e+00 1.000000000000000048e-04
2.241224022402239946e+00 1.000000000000000048e-04
2.242224122412241005e+00 1.000000000000000048e-04
2.243224222422242065e+00 1.000000000000000048e-04
2.244224322432243124e+00 1.000000000000000048e-04
2.245224422442244183e+00 1.000000000000000048e-04
2.246224522452245242e+00 1.000000000000000048e-04
2.247224622462246302e+00 1.000000000000000048e-04
2.248224722472246917e+00 1.000000000000000048e-04
2.249224822482247976e+00 1.000000000000000048e-04
2.250224922492249036e+00 1.000000000000000048e-04
2.251225022502250095e+00 1.000000000000000048e-04
2.252225122512251154e+00 1.000000000000000048e-04
2.253225222522252214e+00 1.000000000000000048e-04
2.254225322532253273e+00 1.000000000000000048e-04
2.255225422542254332e+00 1.000000000000000048e-04
2.256225522552254947e+00 1.000000000000000048e-04
2.257225622562256007e+00 1.000000000000000048e-04
2.258225722572257066e+00 1.000000000000000048e-04
2.259225822582258125e+00 1.000000000000000048e-04
2.260225922592259185e+00 1.000000000000000048e-04
2.261226022602260244e+00 1.000000000000000048e-04
2.262226122612261303e+00 1.000000000000000048e-04
2.263226222622261918e+00 1.000000000000000048e-04
2.264226322632262978e+00 1.000000000000000048e-04
2.265226422642264037e+00 1.000000000000000048e-04
2.266226522652265096e+00 1.000000000000000048e-04
2.267226622662266156e+00 1.000000000000000048e-04
2.268226722672267215e+00 1.000000000000000048e-04
2.269226822682268274e+00 1.000000000000000048e-04
2.270226922692269333e+00 1.000000000000000048e-04
2.271227022702269949e+00 1.000000000000000048e-04
2.272227122712271008e+00 1.000000000000000048e-04
2.273227222722272067e+00 1.000000000000000048e-04
2.274227322732273127e+00 1.000000000000000048e-04
2.275227422742274186e+00 1.000000000000000048e-04
2.276227522752275245e+00 1.000000000000000048e-04
2.277227622762276305e+00 1.000000000000000048e-04
2.278227722772276920e+00 1.000000000000000048e-04
2.279227822782277979e+00 1.000000000000000048e-04
2.280227922792279038e+00 1.000000000000000048e-04
2.281228022802280098e+00 1.000000000000000048e-04
2.282228122812281157e+00 1.000000000000000048e-04
2.283228222822282216e+00 1.000000000000000048e-04
2.284228322832283276e+00 1.000000000000000048e-04
2.285228422842284335e+00 1.000000000000000048e-04
2.286228522852284950e+00 1.000000000000000048e-04
2.287228622862286009e+00 1.000000000000000048e-04
2.288228722872287069e+00 1.000000000000000048e-04
2.289228822882288128e+00 1.000000000000000048e-04
2.290228922892289187e+00 1.000000000000000048e-04
2.291229022902290247e+00 1.000000000000000048e-04
2.292229122912291306e+00 1.000000000000000048e-04
2.293229222922291921e+00 1.000000000000000048e-04
2.294229322932292980e+00 1.000000000000000048e-04
2.295229422942294040e+00 1.000000000000000048e-04
2.296229522952295099e+00 1.000000000000000048e-04
2.297229622962296158e+00 1.000000000000000048e-04
2.298229722972297218e+00 1.000000000000000048e-04
2.299229822982298277e+00 1.000000000000000048e-04
2.300229922992299336e+00 1.000000000000000048e-04
2.301230023002299951e+00 1.000000000000000048e-04
2.302230123012301011e+00 1.000000000000000048e-04
2.303230223022302070e+00 1.000000000000000048e-04
2.304230323032303129e+00 1.000000000000000048e-04
2.305230423042304189e+00 1.000000000000000048e-04
2.306230523052305248e+00 1.000000000000000048e-04
2.307230623062306307e+00 1.000000000000000048e-04
2.308230723072306922e+00 1.000000000000000048e-04
2.309230823082307982e+00 1.000000000000000048e-04
2.310230923092309041e+00 1.000000000000000048e-04
2.311231023102310100e+00 1.000000000000000048e-04
2.312231123112311160e+00 1.000000000000000048e-04
2.313231223122312219e+00 1.000000000000000048e-04
2.314231323132313278e+00 1.000000000000000048e-04
2.315231423142314338e+00 1.000000000000000048e-04
2.316231523152314953e+00 1.000000000000000048e-04
2.317231623162316012e+00 1.000000000000000048e-04
2.318231723172317071e+00 1.000000000000000048e-04
2.319231823182318131e+00 1.000000000000000048e-04
2.320231923192319190e+00 1.000000000000000048e-04
2.321232023202320249e+00 1.000000000000000048e-04
2.322232123212321309e+00 1.000000000000000048e-04
2.323232223222321924e+00 1.000000000000000048e-04
2.324232323232322983e+00 1.000000000000000048e-04
2.325232423242324042e+00 1.000000000000000048e-04
2.326232523252325102e+00 1.000000000000000048e-04
2.327232623262326161e+00 1.000000000000000048e-04
2.328232723272327220e+00 1.000000000000000048e-04
2.329232823282328280e+00 1.000000000000000048e-04
2.330232923292329339e+00 1.000000000000000048e-04
2.331233023302329954e+00 1.000000000000000048e-04
2.332233123312331013e+00 1.000000000000000048e-04
2.333233223322332073e+00 1.000000000000000048e-04
2.334233323332333132e+00 1.000000000000000048e-04
2.335233423342334191e+00 1.000000000000000048e-04
2.336233523352335251e+00 1.000000000000000048e-04
2.337233623362336310e+00 1.000000000000000048e-04
2.338233723372336925e+00 1.000000000000000048e-04
2.339233823382337984e+00 1.000000000000000048e-04
2.340233923392339044e+00 1.000000000000000048e-04
2.341234023402340103e+00 1.000000000000000048e-04
2.342234123412341162e+00 1.000000000000000048e-04
2.343234223422342222e+00 1.000000000000000048e-04
2.344234323432343281e+00 1.000000000000000048e-04
2.345234423442344340e+00 1.000000000000000048e-04
2.346234523452344956e+00 1.000000000000000048e-04
2.347234623462346015e+00 1.000000000000000048e-04
2.348234723472347074e+00 1.000000000000000048e-04
2.349234823482348133e+00 1.000000000000000048e-04
2.350234923492349193e+00 1.000000000000000048e-04
2.351235023502350252e+00 1.000000000000000048e-04
2.352235123512351311e+00 1.000000000000000048e-04
2.353235223522351927e+00 1.000000000000000048e-04
2.354235323532352986e+00 1.000000000000000048e-04
2.355235423542354045e+00 1.000000000000000048e-04
2.356235523552355104e+00 1.000000000000000048e-04
2.357235623562356164e+00 1.000000000000000048e-04
2.358235723572357223e+00 1.000000000000000048e-04
2.359235823582358282e+00 1.000000000000000048e-04
2.360235923592359342e+00 1.000000000000000048e-04
2.361236023602359957e+00 1.000000000000000048e-04
2.362236123612361016e+00 1.000000000000000048e-04
2.363236223622362076e+00 1.000000000000000048e-04
2.364236323632363135e+00 1.000000000000000048e-04
2.365236423642364194e+00 1.000000000000000048e-04
2.366236523652365253e+00 1.000000000000000048e-04
2.367236623662366313e+00 1.000000000000000048e-04
2.368236723672366928e+00 1.000000000000000048e-04
2.369236823682367987e+00 1.000000000000000048e-04
2.370236923692369047e+00 1.000000000000000048e-04
2.371237023702370106e+00 1.000000000000000048e-04
2.372237123712371165e+00 1.000000000000000048e-04
2.373237223722372224e+00 1.000000000000000048e-04
2.374237323732373284e+00 1.000000000000000048e-04
2.375237423742374343e+00 1.000000000000000048e-04
2.376237523752374958e+00 1.000000000000000048e-04
2.377237623762376018e+00 1.000000000000000048e-04
2.378237723772377077e+00 1.000000000000000048e-04
2.379237823782378136e+00 1.000000000000000048e-04
2.380237923792379195e+00 1.000000000000000048e-04
2.381238023802380255e+00 1.000000000000000048e-04
2.382238123812381314e+00 1.000000000000000048e-04
2.383238223822381929e+00 1.000000000000000048e-04
2.384238323832382989e+00 1.000000000000000048e-04
2.385238423842384048e+00 1.000000000000000048e-04
2.386238523852385107e+00 1.000000000000000048e-04
2.387238623862386167e+00 1.000000000000000048e-04
2.388238723872387226e+00 1.000000000000000048e-04
2.389238823882388285e+00 1.000000000000000048e-04
2.390238923892389344e+00 1.000000000000000048e-04
2.391239023902389960e+00 1.000000000000000048e-04
2.392239123912391019e+00 1.000000000000000048e-04
2.393239223922392078e+00 1.000000000000000048e-04
2.394239323932393138e+00 1.000000000000000048e-04
2.395239423942394197e+00 1.000000000000000048e-04
2.396239523952395256e+00 1.000000000000000048e-04
2.397239623962396315e+00 1.000000000000000048e-04
2.398239723972396931e+00 1.000000000000000048e-04
2.399239823982397990e+00 1.000000000000000048e-04
2.400239923992399049e+00 1.000000000000000048e-04
2.401240024002400109e+00 1.000000000000000048e-04
2.402240124012401168e+00 1.000000000000000048e-04
2.403240224022402227e+00 1.000000000000000048e-04
2.404240324032403286e+00 1.000000000000000048e-04
2.405240424042404346e+00 1.000000000000000048e-04
2.406240524052404961e+00 1.000000000000000048e-04
2.407240624062406020e+00 1.000000000000000048e-04
2.408240724072407080e+00 1.000000000000000048e-04
2.409240824082408139e+00 1.000000000000000048e-04
2.410240924092409198e+00 1.000000000000000048e-04
2.411241024102410258e+00 1.000000000000000048e-04
2.412241124112411317e+00 1.000000000000000048e-04
2.413241224122411932e+00 1.000000000000000048e-04
2.414241324132412991e+00 1.000000000000000048e-04
2.415241424142414051e+00 1.000000000000000048e-04
2.416241524152415110e+00 1.000000000000000048e-04
2.417241624162416169e+00 1.000000000000000048e-04
2.418241724172417229e+00 1.000000000000000048e-04
2.419241824182418288e+00 1.000000000000000048e-04
2.420241924192419347e+00 1.000000000000000048e-04
2.421242024202419962e+00 1.000000000000000048e-04
2.422242124212421022e+00 1.000000000000000048e-04
2.423242224222422081e+00 1.000000000000000048e-04
2.424242324232423140e+00 1.000000000000000048e-04
2.425242424242424200e+00 1.000000000000000048e-04
2.426242524252425259e+00 1.000000000000000048e-04
2.427242624262426318e+00 1.000000000000000048e-04
2.428242724272426933e+00 1.000000000000000048e-04
2.429242824282427993e+00 1.000000000000000048e-04
2.430242924292429052e+00 1.000000000000000048e-04
2.431243024302430111e+00 1.000000000000000048e-04
2.432243124312431171e+00 1.000000000000000048e-04
2.433243224322432230e+00 1.000000000000000048e-04
2.434243324332433289e+00 1.000000000000000048e-04
2.435243424342434349e+00 1.000000000000000048e-04
2.436243524352434964e+00 1.000000000000000048e-04
2.437243624362436023e+00 1.000000000000000048e-04
2.438243724372437082e+00 1.000000000000000048e-04
2.439243824382438142e+00 1.000000000000000048e-04
2.440243924392439201e+00 1.000000000000000048e-04
2.441244024402440260e+00 1.000000000000000048e-04
2.442244124412441320e+00 1.000000000000000048e-04
2.443244224422441935e+00 1.000000000000000048e-04
2.444244324432442994e+00 1.000000000000000048e-04
2.445244424442444053e+00 1.000000000000000048e-04
2.446244524452445113e+00 1.000000000000000048e-04
2.447244624462446172e+00 1.000000000000000048e-04
2.448244724472447231e+00 1.000000000000000048e-04
2.449244824482448291e+00 1.000000000000000048e-04
2.450244924492449350e+00 1.000000000000000048e-04
2.451245024502449965e+00 1.000000000000000048e-04
2.452245124512451024e+00 1.000000000000000048e-04
2.453245224522452084e+00 1.000000000000000048e-04
2.454245324532453143e+00 1.000000000000000048e-04
2.455245424542454202e+00 1.000000000000000048e-04
2.456245524552455262e+00 1.000000000000000048e-04
2.457245624562456321e+00 1.000000000000000048e-04
2.458245724572456936e+00 1.000000000000000048e-04
2.459245824582457995e+00 1.000000000000000048e-04
2.460245924592459055e+00 1.000000000000000048e-04
2.461246024602460114e+00 1.000000000000000048e-04
2.462246124612461173e+00 1.000000000000000048e-04
2.463246224622462233e+00 1.000000000000000048e-04
2.464246324632463292e+00 1.000000000000000048e-04
2.465246424642464351e+00 1.000000000000000048e-04
2.466246524652464966e+00 1.000000000000000048e-04
2.467246624662466026e+00 1.000000000000000048e-04
2.468246724672467085e+00 1.000000000000000048e-04
2.469246824682468144e+00 1.000000000000000048e-04
2.470246924692469204e+00 1.000000000000000048e-04
2.471247024702470263e+00 1.000000000000000048e-04
2.472247124712471322e+00 1.000000000000000048e-04
2.473247224722471937e+00 1.000000000000000048e-04
2.474247324732472997e+00 1.000000000000000048e-04
2.475247424742474056e+00 1.000000000000000048e-04
2.476247524752475115e+00 1.000000000000000048e-04
2.477247624762476175e+00 1.000000000000000048e-04
2.478247724772477234e+00 1.000000000000000048e-04
2.479247824782478293e+00 1.000000000000000048e-04
2.480247924792479353e+00 1.000000000000000048e-04
2.481248024802479968e+00 1.000000000000000048e-04
2.482248124812481027e+00 1.000000000000000048e-04
2.483248224822482086e+00 1.000000000000000048e-04
2.484248324832483146e+00 1.000000000000000048e-04
2.485248424842484205e+00 1.000000000000000048e-04
2.486248524852485264e+00 1.000000000000000048e-04
2.487248624862486324e+00 1.000000000000000048e-04
2.488248724872486939e+00 1.000000000000000048e-04
2.489248824882487998e+00 1.000000000000000048e-04
2.490248924892489057e+00 1.000000000000000048e-04
2.491249024902490117e+00 1.000000000000000048e-04
2.492249124912491176e+00 1.000000000000000048e-04
2.493249224922492235e+00 1.000000000000000048e-04
2.494249324932493295e+00 1.000000000000000048e-04
2.495249424942494354e+00 1.000000000000000048e-04
2.496249524952494969e+00 1.000000000000000048e-04
2.497249624962496029e+00 1.000000000000000048e-04
2.498249724972497088e+00 1.000000000000000048e-04
2.499249824982498147e+00 1.000000000000000048e-04
2.500249924992499206e+00 1.000000000000000048e-04
2.501250025002500266e+00 1.000000000000000048e-04
2.502250125012501325e+00 1.000000000000000048e-04
2.503250225022501940e+00 1.000000000000000048e-04
2.504250325032503000e+00 1.000000000000000048e-04
2.505250425042504059e+00 1.000000000000000048e-04
2.506250525052505118e+00 1.000000000000000048e-04
2.507250625062506177e+00 1.000000000000000048e-04
2.508250725072507237e+00 1.000000000000000048e-04
2.509250825082508296e+00 1.000000000000000048e-04
2.510250925092509355e+00 1.000000000000000048e-04
2.511251025102509971e+00 1.000000000000000048e-04
2.512251125112511030e+00 1.000000000000000048e-04
2.513251225122512089e+00 1.000000000000000048e-04
2.514251325132513148e+00 1.000000000000000048e-04
2.515251425142514208e+00 1.000000000000000048e-04
2.516251525152515267e+00 1.000000000000000048e-04
2.517251625162516326e+00 1.000000000000000048e-04
2.518251725172516942e+00 1.000000000000000048e-04
2.519251825182518001e+00 1.000000000000000048e-04
2.520251925192519060e+00 1.000000000000000048e-04
2.521252025202520120e+00 1.000000000000000048e-04
2.522252125212521179e+00 1.000000000000000048e-04
2.523252225222522238e+00 1.000000000000000048e-04
2.524252325232523297e+00 1.000000000000000048e-04
2.525252425242524357e+00 1.000000000000000048e-04
2.526252525252524972e+00 1.000000000000000048e-04
2.527252625262526031e+00 1.000000000000000048e-04
2.528252725272527091e+00 1.000000000000000048e-04
2.529252825282528150e+00 1.000000000000000048e-04
2.530252925292529209e+00 1.000000000000000048e-04
2.531253025302530268e+00 1.000000000000000048e-04
2.532253125312531328e+00 1.000000000000000048e-04
2.533253225322531943e+00 1.000000000000000048e-04
2.534253325332533002e+00 1.000000000000000048e-04
2.535253425342534062e+00 1.000000000000000048e-04
2.536253525352535121e+00 1.000000000000000048e-04
2.537253625362536180e+00 1.000000000000000048e-04
2.538253725372537239e+00 1.000000000000000048e-04
2.539253825382538299e+00 1.000000000000000048e-04
2.540253925392539358e+00 1.000000000000000048e-04
2.541254025402539973e+00 1.000000000000000048e-04
2.542254125412541033e+00 1.000000000000000048e-04
2.543254225422542092e+00 1.000000000000000048e-04
2.544254325432543151e+00 1.000000000000000048e-04
2.545254425442544211e+00 1.000000000000000048e-04
2.546254525452545270e+00 1.000000000000000048e-04
2.547254625462546329e+00 1.000000000000000048e-04
2.548254725472546944e+00 1.000000000000000048e-04
2.549254825482548004e+00 1.000000000000000048e-04
2.550254925492549063e+00 1.000000000000000048e-04
2.551255025502550122e+00 1.000000000000000048e-04
2.552255125512551182e+00 1.000000000000000048e-04
2.553255225522552241e+00 1.000000000000000048e-04
2.554255325532553300e+00 1.000000000000000048e-04
2.555255425542554359e+00 1.000000000000000048e-04
2.556255525552554975e+00 1.000000000000000048e-04
2.557255625562556034e+00 1.000000000000000048e-04
2.558255725572557093e+00 1.000000000000000048e-04
2.559255825582558153e+00 1.000000000000000048e-04
2.560255925592559212e+00 1.000000000000000048e-04
2.561256025602560271e+00 1.000000000000000048e-04
2.562256125612561330e+00 1.000000000000000048e-04
2.563256225622561946e+00 1.000000000000000048e-04
2.564256325632563005e+00 1.000000000000000048e-04
2.565256425642564064e+00 1.000000000000000048e-04
2.566256525652565124e+00 1.000000000000000048e-04
2.567256625662566183e+00 1.000000000000000048e-04
2.568256725672567242e+00 1.000000000000000048e-04
2.569256825682568302e+00 1.000000000000000048e-04
2.570256925692569361e+00 1.000000000000000048e-04
2.571257025702569976e+00 1.000000000000000048e-04
2.572257125712571035e+00 1.000000000000000048e-04
2.573257225722572095e+00 1.000000000000000048e-04
2.574257325732573154e+00 1.000000000000000048e-04
2.575257425742574213e+00 1.000000000000000048e-04
2.576257525752575273e+00 1.000000000000000048e-04
2.577257625762576332e+00 1.000000000000000048e-04
2.578257725772576947e+00 1.000000000000000048e-04
2.579257825782578006e+00 1.000000000000000048e-04
2.580257925792579066e+00 1.000000000000000048e-04
2.581258025802580125e+00 1.000000000000000048e-04
2.582258125812581184e+00 1.000000000000000048e-04
2.583258225822582244e+00 1.000000000000000048e-04
2.584258325832583303e+00 1.000000000000000048e-04
2.585258425842584362e+00 1.000000000000000048e-04
2.586258525852584977e+00 1.000000000000000048e-04
2.587258625862586037e+00 1.000000000000000048e-04
2.588258725872587096e+00 1.000000000000000048e-04
2.589258825882588155e+00 1.000000000000000048e-04
2.590258925892589215e+00 1.000000000000000048e-04
2.591259025902590274e+00 1.000000000000000048e-04
2.592259125912591333e+00 1.000000000000000048e-04
2.593259225922591948e+00 1.000000000000000048e-04
2.594259325932593008e+00 1.000000000000000048e-04
2.595259425942594067e+00 1.000000000000000048e-04
2.596259525952595126e+00 1.000000000000000048e-04
2.597259625962596186e+00 1.000000000000000048e-04
2.598259725972597245e+00 1.000000000000000048e-04
2.599259825982598304e+00 1.000000000000000048e-04
2.600259925992599364e+00 1.000000000000000048e-04
2.601260026002599979e+00 1.000000000000000048e-04
2.602260126012601038e+00 1.000000000000000048e-04
2.603260226022602097e+00 1.000000000000000048e-04
2.604260326032603157e+00 1.000000000000000048e-04
2.605260426042604216e+00 1.000000000000000048e-04
2.606260526052605275e+00 1.000000000000000048e-04
2.607260626062606335e+00 1.000000000000000048e-04
2.608260726072606950e+00 1.000000000000000048e-04
2.609260826082608009e+00 1.000000000000000048e-04
2.610260926092609068e+00 1.000000000000000048e-04
2.611261026102610128e+00 1.000000000000000048e-04
2.612261126112611187e+00 1.000000000000000048e-04
2.613261226122612246e+00 1.000000000000000048e-04
2.614261326132613306e+00 1.000000000000000048e-04
2.615261426142614365e+00 1.000000000000000048e-04
2.616261526152614980e+00 1.000000000000000048e-04
2.617261626162616039e+00 1.000000000000000048e-04
2.618261726172617099e+00 1.000000000000000048e-04
2.619261826182618158e+00 1.000000000000000048e-04
2.620261926192619217e+00 1.000000000000000048e-04
2.621262026202620277e+00 1.000000000000000048e-04
2.622262126212621336e+00 1.000000000000000048e-04
2.623262226222621951e+00 1.000000000000000048e-04
2.624262326232623010e+00 1.000000000000000048e-04
2.625262426242624070e+00 1.000000000000000048e-04
2.626262526252625129e+00 1.000000000000000048e-04
2.627262626262626188e+00 1.000000000000000048e-04
2.628262726272627248e+00 1.000000000000000048e-04
2.629262826282628307e+00 1.000000000000000048e-04
2.630262926292629366e+00 1.000000000000000048e-04
2.631263026302629982e+00 1.000000000000000048e-04
2.632263126312631041e+00 1.000000000000000048e-04
2.633263226322632100e+00 1.000000000000000048e-04
2.634263326332633159e+00 1.000000000000000048e-04
2.635263426342634219e+00 1.000000000000000048e-04
2.636263526352635278e+00 1.000000000000000048e-04
2.637263626362636337e+00 1.000000000000000048e-04
2.638263726372636953e+00 1.000000000000000048e-04
2.639263826382638012e+00 1.000000000000000048e-04
2.640263926392639071e+00 1.000000000000000048e-04
2.641264026402640130e+00 1.000000000000000048e-04
2.642264126412641190e+00 1.000000000000000048e-04
2.643264226422642249e+00 1.000000000000000048e-04
2.644264326432643308e+00 1.000000000000000048e-04
2.645264426442644368e+00 1.000000000000000048e-04
2.646264526452644983e+00 1.000000000000000048e-04
2.647264626462646042e+00 1.000000000000000048e-04
2.648264726472647101e+00 1.000000000000000048e-04
2.649264826482648161e+00 1.000000000000000048e-04
2.650264926492649220e+00 1.000000000000000048e-04
2.651265026502650279e+00 1.000000000000000048e-04
2.652265126512651339e+00 1.000000000000000048e-04
2.653265226522651954e+00 1.000000000000000048e-04
2.654265326532653013e+00 1.000000000000000048e-04
2.655265426542654073e+00 1.000000000000000048e-04
2.656265526552655132e+00 1.000000000000000048e-04
2.657265626562656191e+00 1.000000000000000048e-04
2.658265726572657250e+00 1.000000000000000048e-04
2.659265826582658310e+00 1.000000000000000048e-04
2.660265926592659369e+00 1.000000000000000048e-04
2.661266026602659984e+00 1.000000000000000048e-04
2.662266126612661044e+00 1.000000000000000048e-04
2.663266226622662103e+00 1.000000000000000048e-04
2.664266326632663162e+00 1.000000000000000048e-04
2.665266426642664221e+00 1.000000000000000048e-04
2.666266526652665281e+00 1.000000000000000048e-04
2.667266626662666340e+00 1.000000000000000048e-04
2.668266726672666955e+00 1.000000000000000048e-04
2.669266826682668015e+00 1.000000000000000048e-04
2.670266926692669074e+00 1.000000000000000048e-04
2.671267026702670133e+00 1.000000000000000048e-04
2.672267126712671192e+00 1.000000000000000048e-04
2.673267226722672252e+00 1.000000000000000048e-04
2.674267326732673311e+00 1.000000000000000048e-04
2.675267426742674370e+00 1.000000000000000048e-04
2.676267526752674986e+00 1.000000000000000048e-04
2.677267626762676045e+00 1.000000000000000048e-04
2.678267726772677104e+00 1.000000000000000048e-04
2.679267826782678164e+00 1.000000000000000048e-04
2.680267926792679223e+00 1.000000000000000048e-04
2.681268026802680282e+00 1.000000000000000048e-04
2.682268126812681341e+00 1.000000000000000048e-04
2.683268226822681957e+00 1.000000000000000048e-04
2.684268326832683016e+00 1.000000000000000048e-04
2.685268426842684075e+00 1.000000000000000048e-04
2.686268526852685135e+00 1.000000000000000048e-04
2.687268626862686194e+00 1.000000000000000048e-04
2.688268726872687253e+00 1.000000000000000048e-04
2.689268826882688312e+00 1.000000000000000048e-04
2.690268926892689372e+00 1.000000000000000048e-04
2.691269026902689987e+00 1.000000000000000048e-04
2.692269126912691046e+00 1.000000000000000048e-04
2.693269226922692106e+00 1.000000000000000048e-04
2.694269326932693165e+00 1.000000000000000048e-04
2.695269426942694224e+00 1.000000000000000048e-04
2.696269526952695283e+00 1.000000000000000048e-04
2.697269626962696343e+00 1.000000000000000048e-04
2.698269726972696958e+00 1.000000000000000048e-04
2.699269826982698017e+00 1.000000000000000048e-04
2.700269926992699077e+00 1.000000000000000048e-04
2.701270027002700136e+00 1.000000000000000048e-04
2.702270127012701195e+00 1.000000000000000048e-04
2.703270227022702255e+00 1.000000000000000048e-04
2.704270327032703314e+00 1.000000000000000048e-04
2.705270427042704373e+00 1.000000000000000048e-04
2.706270527052704988e+00 1.000000000000000048e-04
2.707270627062706048e+00 1.000000000000000048e-04
2.708270727072707107e+00 1.000000000000000048e-04
2.709270827082708166e+00 1.000000000000000048e-04
2.710270927092709226e+00 1.000000000000000048e-04
2.711271027102710285e+00 1.000000000000000048e-04
2.712271127112711344e+00 1.000000000000000048e-04
2.713271227122711959e+00 1.000000000000000048e-04
2.714271327132713019e+00 1.000000000000000048e-04
2.715271427142714078e+00 1.000000000000000048e-04
2.716271527152715137e+00 1.000000000000000048e-04
2.717271627162716197e+00 1.000000000000000048e-04
2.718271727172717256e+00 1.000000000000000048e-04
2.719271827182718315e+00 1.000000000000000048e-04
2.720271927192719374e+00 1.000000000000000048e-04
2.721272027202719990e+00 1.000000000000000048e-04
2.722272127212721049e+00 1.000000000000000048e-04
2.723272227222722108e+00 1.000000000000000048e-04
2.724272327232723168e+00 1.000000000000000048e-04
2.725272427242724227e+00 1.000000000000000048e-04
2.726272527252725286e+00 1.000000000000000048e-04
2.727272627262726346e+00 1.000000000000000048e-04
2.728272727272726961e+00 1.000000000000000048e-04
2.729272827282728020e+00 1.000000000000000048e-04
2.730272927292729079e+00 1.000000000000000048e-04
2.731273027302730139e+00 1.000000000000000048e-04
2.732273127312731198e+00 1.000000000000000048e-04
2.733273227322732257e+00 1.000000000000000048e-04
2.734273327332733317e+00 1.000000000000000048e-04
2.735273427342734376e+00 1.000000000000000048e-04
2.736273527352734991e+00 1.000000000000000048e-04
2.737273627362736050e+00 1.000000000000000048e-04
2.738273727372737110e+00 1.000000000000000048e-04
2.739273827382738169e+00 1.000000000000000048e-04
2.740273927392739228e+00 1.000000000000000048e-04
2.741274027402740288e+00 1.000000000000000048e-04
2.742274127412741347e+00 1.000000000000000048e-04
2.743274227422741962e+00 1.000000000000000048e-04
2.744274327432743021e+00 1.000000000000000048e-04
2.745274427442744081e+00 1.000000000000000048e-04
2.746274527452745140e+00 1.000000000000000048e-04
2.747274627462746199e+00 1.000000000000000048e-04
2.748274727472747259e+00 1.000000000000000048e-04
2.749274827482748318e+00 1.000000000000000048e-04
2.750274927492749377e+00 1.000000000000000048e-04
2.751275027502749992e+00 1.000000000000000048e-04
2.752275127512751052e+00 1.000000000000000048e-04
2.753275227522752111e+00 1.000000000000000048e-04
2.754275327532753170e+00 1.000000000000000048e-04
2.755275427542754230e+00 1.000000000000000048e-04
2.756275527552755289e+00 1.000000000000000048e-04
2.757275627562756348e+00 1.000000000000000048e-04
2.758275727572756963e+00 1.000000000000000048e-04
2.759275827582758023e+00 1.000000000000000048e-04
2.760275927592759082e+00 1.000000000000000048e-04
2.761276027602760141e+00 1.000000000000000048e-04
2.762276127612761201e+00 1.000000000000000048e-04
2.763276227622762260e+00 1.000000000000000048e-04
2.764276327632763319e+00 1.000000000000000048e-04
2.765276427642764379e+00 1.000000000000000048e-04
2.766276527652764994e+00 1.000000000000000048e-04
2.767276627662766053e+00 1.000000000000000048e-04
2.768276727672767112e+00 1.000000000000000048e-04
2.769276827682768172e+00 1.000000000000000048e-04
2.770276927692769231e+00 1.000000000000000048e-04
2.771277027702770290e+00 1.000000000000000048e-04
2.772277127712771350e+00 1.000000000000000048e-04
2.773277227722771965e+00 1.000000000000000048e-04
2.774277327732773024e+00 1.000000000000000048e-04
2.775277427742774083e+00 1.000000000000000048e-04
2.776277527752775143e+00 1.000000000000000048e-04
2.777277627762776202e+00 1.000000000000000048e-04
2.778277727772777261e+00 1.000000000000000048e-04
2.779277827782778321e+00 1.000000000000000048e-04
2.780277927792779380e+00 1.000000000000000048e-04
2.781278027802779995e+00 1.000000000000000048e-04
2.782278127812781054e+00 1.000000000000000048e-04
2.783278227822782114e+00 1.000000000000000048e-04
2.784278327832783173e+00 1.000000000000000048e-04
2.785278427842784232e+00 1.000000000000000048e-04
2.786278527852785292e+00 1.000000000000000048e-04
2.787278627862786351e+00 1.000000000000000048e-04
2.788278727872786966e+00 1.000000000000000048e-04
2.789278827882788026e+00 1.000000000000000048e-04
2.790278927892789085e+00 1.000000000000000048e-04
2.791279027902790144e+00 1.000000000000000048e-04
2.792279127912791203e+00 1.000000000000000048e-04
2.793279227922792263e+00 1.000000000000000048e-04
2.794279327932793322e+00 1.000000000000000048e-04
2.795279427942794381e+00 1.000000000000000048e-04
2.796279527952794997e+00 1.000000000000000048e-04
2.797279627962796056e+00 1.000000000000000048e-04
2.798279727972797115e+00 1.000000000000000048e-04
2.799279827982798174e+00 1.000000000000000048e-04
2.800279927992799234e+00 1.000000000000000048e-04
2.801280028002800293e+00 1.000000000000000048e-04
2.802280128012801352e+00 1.000000000000000048e-04
2.803280228022801968e+00 1.000000000000000048e-04
2.804280328032803027e+00 1.000000000000000048e-04
2.805280428042804086e+00 1.000000000000000048e-04
2.806280528052805145e+00 1.000000000000000048e-04
2.807280628062806205e+00 1.000000000000000048e-04
2.808280728072807264e+00 1.000000000000000048e-04
2.809280828082808323e+00 1.000000000000000048e-04
2.810280928092809383e+00 1.000000000000000048e-04
2.811281028102809998e+00 1.000000000000000048e-04
2.812281128112811057e+00 1.000000000000000048e-04
2.813281228122812117e+00 1.000000000000000048e-04
2.814281328132813176e+00 1.000000000000000048e-04
2.815281428142814235e+00 1.000000000000000048e-04
2.816281528152815294e+00 1.000000000000000048e-04
2.817281628162816354e+00 1.000000000000000048e-04
2.818281728172816969e+00 1.000000000000000048e-04
2.819281828182818028e+00 1.000000000000000048e-04
2.820281928192819088e+00 1.000000000000000048e-04
2.821282028202820147e+00 1.000000000000000048e-04
2.822282128212821206e+00 1.000000000000000048e-04
2.823282228222822265e+00 1.000000000000000048e-04
2.824282328232823325e+00 1.000000000000000048e-04
2.825282428242824384e+00 1.000000000000000048e-04
2.826282528252824999e+00 1.000000000000000048e-04
2.827282628262826059e+00 1.000000000000000048e-04
2.828282728272827118e+00 1.000000000000000048e-04
2.829282828282828177e+00 1.000000000000000048e-04
2.830282928292829236e+00 1.000000000000000048e-04
2.831283028302830296e+00 1.000000000000000048e-04
2.832283128312831355e+00 1.000000000000000048e-04
2.833283228322831970e+00 1.000000000000000048e-04
2.834283328332833030e+00 1.000000000000000048e-04
2.835283428342834089e+00 1.000000000000000048e-04
2.836283528352835148e+00 1.000000000000000048e-04
2.837283628362836208e+00 1.000000000000000048e-04
2.838283728372837267e+00 1.000000000000000048e-04
2.839283828382838326e+00 1.000000000000000048e-04
2.840283928392839385e+00 1.000000000000000048e-04
2.841284028402840001e+00 1.000000000000000048e-04
2.842284128412841060e+00 1.000000000000000048e-04
2.843284228422842119e+00 1.000000000000000048e-04
2.844284328432843179e+00 1.000000000000000048e-04
2.845284428442844238e+00 1.000000000000000048e-04
2.846284528452845297e+00 1.000000000000000048e-04
2.847284628462846356e+00 1.000000000000000048e-04
2.848284728472846972e+00 1.000000000000000048e-04
2.849284828482848031e+00 1.000000000000000048e-04
2.850284928492849090e+00 1.000000000000000048e-04
2.851285028502850150e+00 1.000000000000000048e-04
2.852285128512851209e+00 1.000000000000000048e-04
2.853285228522852268e+00 1.000000000000000048e-04
2.854285328532853327e+00 1.000000000000000048e-04
2.855285428542854387e+00 1.000000000000000048e-04
2.856285528552855002e+00 1.000000000000000048e-04
2.857285628562856061e+00 1.000000000000000048e-04
2.858285728572857121e+00 1.000000000000000048e-04
2.859285828582858180e+00 1.000000000000000048e-04
2.860285928592859239e+00 1.000000000000000048e-04
2.861286028602860299e+00 1.000000000000000048e-04
2.862286128612861358e+00 1.000000000000000048e-04
2.863286228622861973e+00 1.000000000000000048e-04
2.864286328632863032e+00 1.000000000000000048e-04
2.865286428642864092e+00 1.000000000000000048e-04
2.866286528652865151e+00 1.000000000000000048e-04
2.867286628662866210e+00 1.000000000000000048e-04
2.868286728672867270e+00 1.000000000000000048e-04
2.869286828682868329e+00 1.000000000000000048e-04
2.870286928692869388e+00 1.000000000000000048e-04
2.871287028702870003e+00 1.000000000000000048e-04
2.872287128712871063e+00 1.000000000000000048e-04
2.873287228722872122e+00 1.000000000000000048e-04
2.874287328732873181e+00 1.000000000000000048e-04
2.875287428742874241e+00 1.000000000000000048e-04
2.876287528752875300e+00 1.000000000000000048e-04
2.877287628762876359e+00 1.000000000000000048e-04
2.878287728772876974e+00 1.000000000000000048e-04
2.879287828782878034e+00 1.000000000000000048e-04
2.880287928792879093e+00 1.000000000000000048e-04
2.881288028802880152e+00 1.000000000000000048e-04
2.882288128812881212e+00 1.000000000000000048e-04
2.883288228822882271e+00 1.000000000000000048e-04
2.884288328832883330e+00 1.000000000000000048e-04
2.885288428842884390e+00 1.000000000000000048e-04
2.886288528852885005e+00 1.000000000000000048e-04
2.887288628862886064e+00 1.000000000000000048e-04
2.888288728872887123e+00 1.000000000000000048e-04
2.889288828882888183e+00 1.000000000000000048e-04
2.890288928892889242e+00 1.000000000000000048e-04
2.891289028902890301e+00 1.000000000000000048e-04
2.892289128912891361e+00 1.000000000000000048e-04
2.893289228922891976e+00 1.000000000000000048e-04
2.894289328932893035e+00 1.000000000000000048e-04
2.895289428942894094e+00 1.000000000000000048e-04
2.896289528952895154e+00 1.000000000000000048e-04
2.897289628962896213e+00 1.000000000000000048e-04
2.898289728972897272e+00 1.000000000000000048e-04
2.899289828982898332e+00 1.000000000000000048e-04
2.900289928992899391e+00 1.000000000000000048e-04
2.901290029002900006e+00 1.000000000000000048e-04
2.902290129012901065e+00 1.000000000000000048e-04
2.903290229022902125e+00 1.000000000000000048e-04
2.904290329032903184e+00 1.000000000000000048e-04
2.905290429042904243e+00 1.000000000000000048e-04
2.906290529052905303e+00 1.000000000000000048e-04
2.907290629062906362e+00 1.000000000000000048e-04
2.908290729072906977e+00 1.000000000000000048e-04
2.909290829082908036e+00 1.000000000000000048e-04
2.910290929092909096e+00 1.000000000000000048e-04
2.911291029102910155e+00 1.000000000000000048e-04
2.912291129112911214e+00 1.000000000000000048e-04
2.913291229122912274e+00 1.000000000000000048e-04
2.914291329132913333e+00 1.000000000000000048e-04
2.915291429142914392e+00 1.000000000000000048e-04
2.916291529152915007e+00 1.000000000000000048e-04
2.917291629162916067e+00 1.000000000000000048e-04
2.918291729172917126e+00 1.000000000000000048e-04
2.919291829182918185e+00 1.000000000000000048e-04
2.920291929192919245e+00 1.000000000000000048e-04
2.921292029202920304e+00 1.000000000000000048e-04
2.922292129212921363e+00 1.000000000000000048e-04
2.923292229222921979e+00 1.000000000000000048e-04
2.924292329232923038e+00 1.000000000000000048e-04
2.925292429242924097e+00 1.000000000000000048e-04
2.926292529252925156e+00 1.000000000000000048e-04
2.927292629262926216e+00 1.000000000000000048e-04
2.928292729272927275e+00 1.000000000000000048e-04
2.929292829282928334e+00 1.000000000000000048e-04
2.930292929292929394e+00 1.000000000000000048e-04
2.931293029302930009e+00 1.000000000000000048e-04
2.932293129312931068e+00 1.000000000000000048e-04
2.933293229322932127e+00 1.000000000000000048e-04
2.934293329332933187e+00 1.000000000000000048e-04
2.935293429342934246e+00 1.000000000000000048e-04
2.936293529352935305e+00 1.000000000000000048e-04
2.937293629362936365e+00 1.000000000000000048e-04
2.938293729372936980e+00 1.000000000000000048e-04
2.939293829382938039e+00 1.000000000000000048e-04
2.940293929392939098e+00 1.000000000000000048e-04
2.941294029402940158e+00 1.000000000000000048e-04
2.942294129412941217e+00 1.000000000000000048e-04
2.943294229422942276e+00 1.000000000000000048e-04
2.944294329432943336e+00 1.000000000000000048e-04
2.945294429442944395e+00 1.000000000000000048e-04
2.946294529452945010e+00 1.000000000000000048e-04
2.947294629462946070e+00 1.000000000000000048e-04
2.948294729472947129e+00 1.000000000000000048e-04
2.949294829482948188e+00 1.000000000000000048e-04
2.950294929492949247e+00 1.000000000000000048e-04
2.951295029502950307e+00 1.000000000000000048e-04
2.952295129512951366e+00 1.000000000000000048e-04
2.953295229522951981e+00 1.000000000000000048e-04
2.954295329532953041e+00 1.000000000000000048e-04
2.955295429542954100e+00 1.000000000000000048e-04
2.956295529552955159e+00 1.000000000000000048e-04
2.957295629562956218e+00 1.000000000000000048e-04
2.958295729572957278e+00 1.000000000000000048e-04
2.959295829582958337e+00 1.000000000000000048e-04
2.960295929592959396e+00 1.000000000000000048e-04
2.961296029602960012e+00 1.000000000000000048e-04
2.962296129612961071e+00 1.000000000000000048e-04
2.963296229622962130e+00 1.000000000000000048e-04
2.964296329632963189e+00 1.000000000000000048e-04
2.965296429642964249e+00 1.000000000000000048e-04
2.966296529652965308e+00 1.000000000000000048e-04
2.967296629662966367e+00 1.000000000000000048e-04
2.968296729672966983e+00 1.000000000000000048e-04
2.969296829682968042e+00 1.000000000000000048e-04
2.970296929692969101e+00 1.000000000000000048e-04
2.971297029702970161e+00 1.000000000000000048e-04
2.972297129712971220e+00 1.000000000000000048e-04
2.973297229722972279e+00 1.000000000000000048e-04
2.974297329732973338e+00 1.000000000000000048e-04
2.975297429742974398e+00 1.000000000000000048e-04
2.976297529752975013e+00 1.000000000000000048e-04
2.977297629762976072e+00 1.000000000000000048e-04
2.978297729772977132e+00 1.000000000000000048e-04
2.979297829782978191e+00 1.000000000000000048e-04
2.980297929792979250e+00 1.000000000000000048e-04
2.981298029802980309e+00 1.000000000000000048e-04
2.982298129812981369e+00 1.000000000000000048e-04
2.983298229822981984e+00 1.000000000000000048e-04
2.984298329832983043e+00 1.000000000000000048e-04
2.985298429842984103e+00 1.000000000000000048e-04
2.986298529852985162e+00 1.000000000000000048e-04
2.987298629862986221e+00 1.000000000000000048e-04
2.988298729872987280e+00 1.000000000000000048e-04
2.989298829882988340e+00 1.000000000000000048e-04
2.990298929892989399e+00 1.000000000000000048e-04
2.991299029902990014e+00 1.000000000000000048e-04
2.992299129912991074e+00 1.000000000000000048e-04
2.993299229922992133e+00 1.000000000000000048e-04
2.994299329932993192e+00 1.000000000000000048e-04
2.995299429942994252e+00 1.000000000000000048e-04
2.996299529952995311e+00 1.000000000000000048e-04
2.997299629962996370e+00 1.000000000000000048e-04
2.998299729972996985e+00 1.000000000000000048e-04
2.999299829982998045e+00 1.000000000000000048e-04
3.000299929992999104e+00 1.000000000000000048e-04
3.001300030003000163e+00 1.000000000000000048e-04
3.002300130013001223e+00 1.000000000000000048e-04
3.003300230023002282e+00 1.000000000000000048e-04
3.004300330033003341e+00 1.000000000000000048e-04
3.005300430043004400e+00 1.000000000000000048e-04
3.006300530053005016e+00 1.000000000000000048e-04
3.007300630063006075e+00 1.000000000000000048e-04
3.008300730073007134e+00 1.000000000000000048e-04
3.009300830083008194e+00 1.000000000000000048e-04
3.010300930093009253e+00 1.000000000000000048e-04
3.011301030103010312e+00 1.000000000000000048e-04
3.012301130113011371e+00 1.000000000000000048e-04
3.013301230123011987e+00 1.000000000000000048e-04
3.014301330133013046e+00 1.000000000000000048e-04
3.015301430143014105e+00 1.000000000000000048e-04
3.016301530153015165e+00 1.000000000000000048e-04
3.017301630163016224e+00 1.000000000000000048e-04
3.018301730173017283e+00 1.000000000000000048e-04
3.019301830183018343e+00 1.000000000000000048e-04
3.020301930193019402e+00 1.000000000000000048e-04
3.021302030203020017e+00 1.000000000000000048e-04
3.022302130213021076e+00 1.000000000000000048e-04
3.023302230223022136e+00 1.000000000000000048e-04
3.024302330233023195e+00 1.000000000000000048e-04
3.025302430243024254e+00 1.000000000000000048e-04
3.026302530253025314e+00 1.000000000000000048e-04
3.027302630263026373e+00 1.000000000000000048e-04
3.028302730273026988e+00 1.000000000000000048e-04
3.029302830283028047e+00 1.000000000000000048e-04
3.030302930293029107e+00 1.000000000000000048e-04
3.031303030303030166e+00 1.000000000000000048e-04
3.032303130313031225e+00 1.000000000000000048e-04
3.033303230323032285e+00 1.000000000000000048e-04
3.034303330333033344e+00 1.000000000000000048e-04
3.035303430343034403e+00 1.000000000000000048e-04
3.036303530353035018e+00 1.000000000000000048e-04
3.037303630363036078e+00 1.000000000000000048e-04
3.038303730373037137e+00 1.000000000000000048e-04
3.039303830383038196e+00 1.000000000000000048e-04
3.040303930393039256e+00 1.000000000000000048e-04
3.041304030403040315e+00 1.000000000000000048e-04
3.042304130413041374e+00 1.000000000000000048e-04
3.043304230423041989e+00 1.000000000000000048e-04
3.044304330433043049e+00 1.000000000000000048e-04
3.045304430443044108e+00 1.000000000000000048e-04
3.046304530453045167e+00 1.000000000000000048e-04
3.047304630463046227e+00 1.000000000000000048e-04
3.048304730473047286e+00 1.000000000000000048e-04
3.049304830483048345e+00 1.000000000000000048e-04
3.050304930493049405e+00 1.000000000000000048e-04
3.051305030503050020e+00 1.000000000000000048e-04
3.052305130513051079e+00 1.000000000000000048e-04
3.053305230523052138e+00 1.000000000000000048e-04
3.054305330533053198e+00 1.000000000000000048e-04
3.055305430543054257e+00 1.000000000000000048e-04
3.056305530553055316e+00 1.000000000000000048e-04
3.057305630563056376e+00 1.000000000000000048e-04
3.058305730573056991e+00 1.000000000000000048e-04
3.059305830583058050e+00 1.000000000000000048e-04
3.060305930593059109e+00 1.000000000000000048e-04
3.061306030603060169e+00 1.000000000000000048e-04
3.062306130613061228e+00 1.000000000000000048e-04
3.063306230623062287e+00 1.000000000000000048e-04
3.064306330633063347e+00 1.000000000000000048e-04
3.065306430643064406e+00 1.000000000000000048e-04
3.066306530653065021e+00 1.000000000000000048e-04
3.067306630663066080e+00 1.000000000000000048e-04
3.068306730673067140e+00 1.000000000000000048e-04
3.069306830683068199e+00 1.000000000000000048e-04
3.070306930693069258e+00 1.000000000000000048e-04
3.071307030703070318e+00 1.000000000000000048e-04
3.072307130713071377e+00 1.000000000000000048e-04
3.073307230723071992e+00 1.000000000000000048e-04
3.074307330733073051e+00 1.000000000000000048e-04
3.075307430743074111e+00 1.000000000000000048e-04
3.076307530753075170e+00 1.000000000000000048e-04
3.077307630763076229e+00 1.000000000000000048e-04
3.078307730773077289e+00 1.000000000000000048e-04
3.079307830783078348e+00 1.000000000000000048e-04
3.080307930793079407e+00 1.000000000000000048e-04
3.081308030803080023e+00 1.000000000000000048e-04
3.082308130813081082e+00 1.000000000000000048e-04
3.083308230823082141e+00 1.000000000000000048e-04
3.084308330833083200e+00 1.000000000000000048e-04
3.085308430843084260e+00 1.000000000000000048e-04
3.086308530853085319e+00 1.000000000000000048e-04
3.087308630863086378e+00 1.000000000000000048e-04
3.088308730873087438e+00 1.000000000000000048e-04
3.089308830883088053e+00 1.000000000000000048e-04
3.090308930893089112e+00 1.000000000000000048e-04
3.091309030903090171e+00 1.000000000000000048e-04
3.092309130913091231e+00 1.000000000000000048e-04
3.093309230923092290e+00 1.000000000000000048e-04
3.094309330933093349e+00 1.000000000000000048e-04
3.095309430943094409e+00 1.000000000000000048e-04
3.096309530953095024e+00 1.000000000000000048e-04
3.097309630963096083e+00 1.000000000000000048e-04
3.098309730973097142e+00 1.000000000000000048e-04
3.099309830983098202e+00 1.000000000000000048e-04
3.100309930993099261e+00 1.000000000000000048e-04
3.101310031003100320e+00 1.000000000000000048e-04
3.102310131013101380e+00 1.000000000000000048e-04
3.103310231023102439e+00 1.000000000000000048e-04
3.104310331033103054e+00 1.000000000000000048e-04
3.105310431043104114e+00 1.000000000000000048e-04
3.106310531053105173e+00 1.000000000000000048e-04
3.107310631063106232e+00 1.000000000000000048e-04
3.108310731073107291e+00 1.000000000000000048e-04
3.109310831083108351e+00 1.000000000000000048e-04
3.110310931093109410e+00 1.000000000000000048e-04
3.111311031103110025e+00 1.000000000000000048e-04
3.112311131113111085e+00 1.000000000000000048e-04
3.113311231123112144e+00 1.000000000000000048e-04
3.114311331133113203e+00 1.000000000000000048e-04
3.115311431143114262e+00 1.000000000000000048e-04
3.116311531153115322e+00 1.000000000000000048e-04
3.117311631163116381e+00 1.000000000000000048e-04
3.118311731173117440e+00 1.000000000000000048e-04
3.119311831183118056e+00 1.000000000000000048e-04
3.120311931193119115e+00 1.000000000000000048e-04
3.121312031203120174e+00 1.000000000000000048e-04
3.122312131213121233e+00 1.000000000000000048e-04
3.123312231223122293e+00 1.000000000000000048e-04
3.124312331233123352e+00 1.000000000000000048e-04
3.125312431243124411e+00 1.000000000000000048e-04
3.126312531253125027e+00 1.000000000000000048e-04
3.127312631263126086e+00 1.000000000000000048e-04
3.128312731273127145e+00 1.000000000000000048e-04
3.129312831283128205e+00 1.000000000000000048e-04
3.130312931293129264e+00 1.000000000000000048e-04
3.131313031303130323e+00 1.000000000000000048e-04
3.132313131313131382e+00 1.000000000000000048e-04
3.133313231323132442e+00 1.000000000000000048e-04
3.134313331333133057e+00 1.000000000000000048e-04
3.135313431343134116e+00 1.000000000000000048e-04
3.136313531353135176e+00 1.000000000000000048e-04
3.137313631363136235e+00 1.000000000000000048e-04
3.138313731373137294e+00 1.000000000000000048e-04
3.139313831383138353e+00 1.000000000000000048e-04
3.140313931393139413e+00 1.000000000000000048e-04
3.141314031403140028e+00 1.000000000000000048e-04
3.142314131413141087e+00 1.000000000000000048e-04
3.143314231423142147e+00 1.000000000000000048e-04
3.144314331433143206e+00 1.000000000000000048e-04
3.145314431443144265e+00 1.000000000000000048e-04
3.146314531453145324e+00 1.000000000000000048e-04
3.147314631463146384e+00 1.000000000000000048e-04
3.148314731473147443e+00 1.000000000000000048e-04
3.149314831483148058e+00 1.000000000000000048e-04
3.150314931493149118e+00 1.000000000000000048e-04
3.151315031503150177e+00 1.000000000000000048e-04
3.152315131513151236e+00 1.000000000000000048e-04
3.153315231523152296e+00 1.000000000000000048e-04
3.154315331533153355e+00 1.000000000000000048e-04
3.155315431543154414e+00 1.000000000000000048e-04
3.156315531553155029e+00 1.000000000000000048e-04
3.157315631563156089e+00 1.000000000000000048e-04
3.158315731573157148e+00 1.000000000000000048e-04
3.159315831583158207e+00 1.000000000000000048e-04
3.160315931593159267e+00 1.000000000000000048e-04
3.161316031603160326e+00 1.000000000000000048e-04
3.162316131613161385e+00 1.000000000000000048e-04
3.163316231623162444e+00 1.000000000000000048e-04
3.164316331633163060e+00 1.000000000000000048e-04
3.165316431643164119e+00 1.000000000000000048e-04
3.166316531653165178e+00 1.000000000000000048e-04
3.167316631663166238e+00 1.000000000000000048e-04
3.168316731673167297e+00 1.000000000000000048e-04
3.169316831683168356e+00 1.000000000000000048e-04
3.170316931693169415e+00 1.000000000000000048e-04
3.171317031703170031e+00 1.000000000000000048e-04
3.172317131713171090e+00 1.000000000000000048e-04
3.173317231723172149e+00 1.000000000000000048e-04
3.174317331733173209e+00 1.000000000000000048e-04
3.175317431743174268e+00 1.000000000000000048e-04
3.176317531753175327e+00 1.000000000000000048e-04
3.177317631763176387e+00 1.000000000000000048e-04
3.178317731773177446e+00 1.000000000000000048e-04
3.179317831783178061e+00 1.000000000000000048e-04
3.180317931793179120e+00 1.000000000000000048e-04
3.181318031803180180e+00 1.000000000000000048e-04
3.182318131813181239e+00 1.000000000000000048e-04
3.183318231823182298e+00 1.000000000000000048e-04
3.184318331833183358e+00 1.000000000000000048e-04
3.185318431843184417e+00 1.000000000000000048e-04
3.186318531853185032e+00 1.000000000000000048e-04
3.187318631863186091e+00 1.000000000000000048e-04
3.188318731873187151e+00 1.000000000000000048e-04
3.189318831883188210e+00 1.000000000000000048e-04
3.190318931893189269e+00 1.000000000000000048e-04
3.191319031903190329e+00 1.000000000000000048e-04
3.192319131913191388e+00 1.000000000000000048e-04
3.193319231923192447e+00 1.000000000000000048e-04
3.194319331933193062e+00 1.000000000000000048e-04
3.195319431943194122e+00 1.000000000000000048e-04
3.196319531953195181e+00 1.000000000000000048e-04
3.197319631963196240e+00 1.000000000000000048e-04
3.198319731973197300e+00 1.000000000000000048e-04
3.199319831983198359e+00 1.000000000000000048e-04
3.200319931993199418e+00 1.000000000000000048e-04
3.201320032003200033e+00 1.000000000000000048e-04
3.202320132013201093e+00 1.000000000000000048e-04
3.203320232023202152e+00 1.000000000000000048e-04
3.204320332033203211e+00 1.000000000000000048e-04
3.205320432043204271e+00 1.000000000000000048e-04
3.206320532053205330e+00 1.000000000000000048e-04
3.207320632063206389e+00 1.000000000000000048e-04
3.208320732073207449e+00 1.000000000000000048e-04
3.209320832083208064e+00 1.000000000000000048e-04
3.210320932093209123e+00 1.000000000000000048e-04
3.211321032103210182e+00 1.000000000000000048e-04
3.212321132113211242e+00 1.000000000000000048e-04
3.213321232123212301e+00 1.000000000000000048e-04
3.214321332133213360e+00 1.000000000000000048e-04
3.215321432143214420e+00 1.000000000000000048e-04
3.216321532153215035e+00 1.000000000000000048e-04
3.217321632163216094e+00 1.000000000000000048e-04
3.218321732173217153e+00 1.000000000000000048e-04
3.219321832183218213e+00 1.000000000000000048e-04
3.220321932193219272e+00 1.000000000000000048e-04
3.221322032203220331e+00 1.000000000000000048e-04
3.222322132213221391e+00 1.000000000000000048e-04
3.223322232223222450e+00 1.000000000000000048e-04
3.224322332233223065e+00 1.000000000000000048e-04
3.225322432243224124e+00 1.000000000000000048e-04
3.226322532253225184e+00 1.000000000000000048e-04
3.227322632263226243e+00 1.000000000000000048e-04
3.228322732273227302e+00 1.000000000000000048e-04
3.229322832283228362e+00 1.000000000000000048e-04
3.230322932293229421e+00 1.000000000000000048e-04
3.231323032303230036e+00 1.000000000000000048e-04
3.232323132313231095e+00 1.000000000000000048e-04
3.233323232323232155e+00 1.000000000000000048e-04
3.234323332333233214e+00 1.000000000000000048e-04
3.235323432343234273e+00 1.000000000000000048e-04
3.236323532353235333e+00 1.000000000000000048e-04
3.237323632363236392e+00 1.000000000000000048e-04
3.238323732373237451e+00 1.000000000000000048e-04
3.239323832383238067e+00 1.000000000000000048e-04
3.240323932393239126e+00 1.000000000000000048e-04
3.241324032403240185e+00 1.000000000000000048e-04
3.242324132413241244e+00 1.000000000000000048e-04
3.243324232423242304e+00 1.000000000000000048e-04
3.244324332433243363e+00 1.000000000000000048e-04
3.245324432443244422e+00 1.000000000000000048e-04
3.246324532453245038e+00 1.000000000000000048e-04
3.247324632463246097e+00 1.000000000000000048e-04
3.248324732473247156e+00 1.000000000000000048e-04
3.249324832483248215e+00 1.000000000000000048e-04
3.250324932493249275e+00 1.000000000000000048e-04
3.251325032503250334e+00 1.000000000000000048e-04
3.252325132513251393e+00 1.000000000000000048e-04
3.253325232523252453e+00 1.000000000000000048e-04
3.254325332533253068e+00 1.000000000000000048e-04
3.255325432543254127e+00 1.000000000000000048e-04
3.256325532553255186e+00 1.000000000000000048e-04
3.257325632563256246e+00 1.000000000000000048e-04
3.258325732573257305e+00 1.000000000000000048e-04
3.259325832583258364e+00 1.000000000000000048e-04
3.260325932593259424e+00 1.000000000000000048e-04
3.261326032603260039e+00 1.000000000000000048e-04
3.262326132613261098e+00 1.000000000000000048e-04
3.263326232623262158e+00 1.000000000000000048e-04
3.264326332633263217e+00 1.000000000000000048e-04
3.265326432643264276e+00 1.000000000000000048e-04
3.266326532653265335e+00 1.000000000000000048e-04
3.267326632663266395e+00 1.000000000000000048e-04
3.268326732673267454e+00 1.000000000000000048e-04
3.269326832683268069e+00 1.000000000000000048e-04
3.270326932693269129e+00 1.000000000000000048e-04
3.271327032703270188e+00 1.000000000000000048e-04
3.272327132713271247e+00 1.000000000000000048e-04
3.273327232723272306e+00 1.000000000000000048e-04
3.274327332733273366e+00 1.000000000000000048e-04
3.275327432743274425e+00 1.000000000000000048e-04
3.276327532753275040e+00 1.000000000000000048e-04
3.277327632763276100e+00 1.000000000000000048e-04
3.278327732773277159e+00 1.000000000000000048e-04
3.279327832783278218e+00 1.000000000000000048e-04
3.280327932793279277e+00 1.000000000000000048e-04
3.281328032803280337e+00 1.000000000000000048e-04
3.282328132813281396e+00 1.000000000000000048e-04
3.283328232823282455e+00 1.000000000000000048e-04
3.284328332833283071e+00 1.000000000000000048e-04
3.285328432843284130e+00 1.000000000000000048e-04
3.286328532853285189e+00 1.000000000000000048e-04
3.287328632863286249e+00 1.000000000000000048e-04
3.288328732873287308e+00 1.000000000000000048e-04
3.289328832883288367e+00 1.000000000000000048e-04
3.290328932893289426e+00 1.000000000000000048e-04
3.291329032903290042e+00 1.000000000000000048e-04
3.292329132913291101e+00 1.000000000000000048e-04
3.293329232923292160e+00 1.000000000000000048e-04
3.294329332933293220e+00 1.000000000000000048e-04
3.295329432943294279e+00 1.000000000000000048e-04
3.296329532953295338e+00 1.000000000000000048e-04
3.297329632963296397e+00 1.000000000000000048e-04
3.298329732973297457e+00 1.000000000000000048e-04
3.299329832983298072e+00 1.000000000000000048e-04
3.300329932993299131e+00 1.000000000000000048e-04
3.301330033003300191e+00 1.000000000000000048e-04
3.302330133013301250e+00 1.000000000000000048e-04
3.303330233023302309e+00 1.000000000000000048e-04
3.304330333033303368e+00 1.000000000000000048e-04
3.305330433043304428e+00 1.000000000000000048e-04
3.306330533053305043e+00 1.000000000000000048e-04
3.307330633063306102e+00 1.000000000000000048e-04
3.308330733073307162e+00 1.000000000000000048e-04
3.309330833083308221e+00 1.000000000000000048e-04
3.310330933093309280e+00 1.000000000000000048e-04
3.311331033103310340e+00 1.000000000000000048e-04
3.312331133113311399e+00 1.000000000000000048e-04
3.313331233123312458e+00 1.000000000000000048e-04
3.314331333133313073e+00 1.000000000000000048e-04
3.315331433143314133e+00 1.000000000000000048e-04
3.316331533153315192e+00 1.000000000000000048e-04
3.317331633163316251e+00 1.000000000000000048e-04
3.318331733173317311e+00 1.000000000000000048e-04
3.319331833183318370e+00 1.000000000000000048e-04
3.320331933193319429e+00 1.000000000000000048e-04
3.321332033203320044e+00 1.000000000000000048e-04
3.322332133213321104e+00 1.000000000000000048e-04
3.323332233223322163e+00 1.000000000000000048e-04
3.324332333233323222e+00 1.000000000000000048e-04
3.325332433243324282e+00 1.000000000000000048e-04
3.326332533253325341e+00 1.000000000000000048e-04
3.327332633263326400e+00 1.000000000000000048e-04
3.328332733273327460e+00 1.000000000000000048e-04
3.329332833283328075e+00 1.000000000000000048e-04
3.330332933293329134e+00 1.000000000000000048e-04
3.331333033303330193e+00 1.000000000000000048e-04
3.332333133313331253e+00 1.000000000000000048e-04
3.333333233323332312e+00 1.000000000000000048e-04
3.334333333333333371e+00 1.000000000000000048e-04
3.335333433343334431e+00 1.000000000000000048e-04
3.336333533353335046e+00 1.000000000000000048e-04
3.337333633363336105e+00 1.000000000000000048e-04
3.338333733373337164e+00 1.000000000000000048e-04
3.339333833383338224e+00 1.000000000000000048e-04
3.340333933393339283e+00 1.000000000000000048e-04
3.341334033403340342e+00 1.000000000000000048e-04
3.342334133413341402e+00 1.000000000000000048e-04
3.343334233423342461e+00 1.000000000000000048e-04
3.344334333433343076e+00 1.000000000000000048e-04
3.345334433443344135e+00 1.000000000000000048e-04
3.346334533453345195e+00 1.000000000000000048e-04
3.347334633463346254e+00 1.000000000000000048e-04
3.348334733473347313e+00 1.000000000000000048e-04
3.349334833483348373e+00 1.000000000000000048e-04
3.350334933493349432e+00 1.000000000000000048e-04
3.351335033503350047e+00 1.000000000000000048e-04
3.352335133513351106e+00 1.000000000000000048e-04
3.353335233523352166e+00 1.000000000000000048e-04
3.354335333533353225e+00 1.000000000000000048e-04
3.355335433543354284e+00 1.000000000000000048e-04
3.356335533553355344e+00 1.000000000000000048e-04
3.357335633563356403e+00 1.000000000000000048e-04
3.358335733573357462e+00 1.000000000000000048e-04
3.359335833583358077e+00 1.000000000000000048e-04
3.360335933593359137e+00 1.000000000000000048e-04
3.361336033603360196e+00 1.000000000000000048e-04
3.362336133613361255e+00 1.000000000000000048e-04
3.363336233623362315e+00 1.000000000000000048e-04
3.364336333633363374e+00 1.000000000000000048e-04
3.365336433643364433e+00 1.000000000000000048e-04
3.366336533653365048e+00 1.000000000000000048e-04
3.367336633663366108e+00 1.000000000000000048e-04
3.368336733673367167e+00 1.000000000000000048e-04
3.369336833683368226e+00 1.000000000000000048e-04
3.370336933693369286e+00 1.000000000000000048e-04
3.371337033703370345e+00 1.000000000000000048e-04
3.372337133713371404e+00 1.000000000000000048e-04
3.373337233723372464e+00 1.000000000000000048e-04
3.374337333733373079e+00 1.000000000000000048e-04
3.375337433743374138e+00 1.000000000000000048e-04
3.376337533753375197e+00 1.000000000000000048e-04
3.377337633763376257e+00 1.000000000000000048e-04
3.378337733773377316e+00 1.000000000000000048e-04
3.379337833783378375e+00 1.000000000000000048e-04
3.380337933793379435e+00 1.000000000000000048e-04
3.381338033803380050e+00 1.000000000000000048e-04
3.382338133813381109e+00 1.000000000000000048e-04
3.383338233823382168e+00 1.000000000000000048e-04
3.384338333833383228e+00 1.000000000000000048e-04
3.385338433843384287e+00 1.000000000000000048e-04
3.386338533853385346e+00 1.000000000000000048e-04
3.387338633863386406e+00 1.000000000000000048e-04
3.388338733873387465e+00 1.000000000000000048e-04
3.389338833883388080e+00 1.000000000000000048e-04
3.390338933893389139e+00 1.000000000000000048e-04
3.391339033903390199e+00 1.000000000000000048e-04
3.392339133913391258e+00 1.000000000000000048e-04
3.393339233923392317e+00 1.000000000000000048e-04
3.394339333933393377e+00 1.000000000000000048e-04
3.395339433943394436e+00 1.000000000000000048e-04
3.396339533953395051e+00 1.000000000000000048e-04
3.397339633963396111e+00 1.000000000000000048e-04
3.398339733973397170e+00 1.000000000000000048e-04
3.399339833983398229e+00 1.000000000000000048e-04
3.400339933993399288e+00 1.000000000000000048e-04
3.401340034003400348e+00 1.000000000000000048e-04
3.402340134013401407e+00 1.000000000000000048e-04
3.403340234023402466e+00 1.000000000000000048e-04
3.404340334033403082e+00 1.000000000000000048e-04
3.405340434043404141e+00 1.000000000000000048e-04
3.406340534053405200e+00 1.000000000000000048e-04
3.407340634063406259e+00 1.000000000000000048e-04
3.408340734073407319e+00 1.000000000000000048e-04
3.409340834083408378e+00 1.000000000000000048e-04
3.410340934093409437e+00 1.000000000000000048e-04
3.411341034103410053e+00 1.000000000000000048e-04
3.412341134113411112e+00 1.000000000000000048e-04
3.413341234123412171e+00 1.000000000000000048e-04
3.414341334133413230e+00 1.000000000000000048e-04
3.415341434143414290e+00 1.000000000000000048e-04
3.416341534153415349e+00 1.000000000000000048e-04
3.417341634163416408e+00 1.000000000000000048e-04
3.418341734173417468e+00 1.000000000000000048e-04
3.419341834183418083e+00 1.000000000000000048e-04
3.420341934193419142e+00 1.000000000000000048e-04
3.421342034203420202e+00 1.000000000000000048e-04
3.422342134213421261e+00 1.000000000000000048e-04
3.423342234223422320e+00 1.000000000000000048e-04
3.424342334233423379e+00 1.000000000000000048e-04
3.425342434243424439e+00 1.000000000000000048e-04
3.426342534253425054e+00 1.000000000000000048e-04
3.427342634263426113e+00 1.000000000000000048e-04
3.428342734273427173e+00 1.000000000000000048e-04
3.429342834283428232e+00 1.000000000000000048e-04
3.430342934293429291e+00 1.000000000000000048e-04
3.431343034303430350e+00 1.000000000000000048e-04
3.432343134313431410e+00 1.000000000000000048e-04
3.433343234323432469e+00 1.000000000000000048e-04
3.434343334333433084e+00 1.000000000000000048e-04
3.435343434343434144e+00 1.000000000000000048e-04
3.436343534353435203e+00 1.000000000000000048e-04
3.437343634363436262e+00 1.000000000000000048e-04
3.438343734373437321e+00 1.000000000000000048e-04
3.439343834383438381e+00 1.000000000000000048e-04
3.440343934393439440e+00 1.000000000000000048e-04
3.441344034403440055e+00 1.000000000000000048e-04
3.442344134413441115e+00 1.000000000000000048e-04
3.443344234423442174e+00 1.000000000000000048e-04
3.444344334433443233e+00 1.000000000000000048e-04
3.445344434443444293e+00 1.000000000000000048e-04
3.446344534453445352e+00 1.000000000000000048e-04
3.447344634463446411e+00 1.000000000000000048e-04
3.448344734473447470e+00 1.000000000000000048e-04
3.449344834483448086e+00 1.000000000000000048e-04
3.450344934493449145e+00 1.000000000000000048e-04
3.451345034503450204e+00 1.000000000000000048e-04
3.452345134513451264e+00 1.000000000000000048e-04
3.453345234523452323e+00 1.000000000000000048e-04
3.454345334533453382e+00 1.000000000000000048e-04
3.455345434543454441e+00 1.000000000000000048e-04
3.456345534553455057e+00 1.000000000000000048e-04
3.457345634563456116e+00 1.000000000000000048e-04
3.458345734573457175e+00 1.000000000000000048e-04
3.459345834583458235e+00 1.000000000000000048e-04
3.460345934593459294e+00 1.000000000000000048e-04
3.461346034603460353e+00 1.000000000000000048e-04
3.462346134613461412e+00 1.000000000000000048e-04
3.463346234623462472e+00 1.000000000000000048e-04
3.464346334633463087e+00 1.000000000000000048e-04
3.465346434643464146e+00 1.000000000000000048e-04
3.466346534653465206e+00 1.000000000000000048e-04
3.467346634663466265e+00 1.000000000000000048e-04
3.468346734673467324e+00 1.000000000000000048e-04
3.469346834683468384e+00 1.000000000000000048e-04
3.470346934693469443e+00 1.000000000000000048e-04
3.471347034703470058e+00 1.000000000000000048e-04
3.472347134713471117e+00 1.000000000000000048e-04
3.473347234723472177e+00 1.000000000000000048e-04
3.474347334733473236e+00 1.000000000000000048e-04
3.475347434743474295e+00 1.000000000000000048e-04
3.476347534753475355e+00 1.000000000000000048e-04
3.477347634763476414e+00 1.000000000000000048e-04
3.478347734773477473e+00 1.000000000000000048e-04
3.479347834783478088e+00 1.000000000000000048e-04
3.480347934793479148e+00 1.000000000000000048e-04
3.481348034803480207e+00 1.000000000000000048e-04
3.482348134813481266e+00 1.000000000000000048e-04
3.483348234823482326e+00 1.000000000000000048e-04
3.484348334833483385e+00 1.000000000000000048e-04
3.485348434843484444e+00 1.000000000000000048e-04
3.486348534853485059e+00 1.000000000000000048e-04
3.487348634863486119e+00 1.000000000000000048e-04
3.488348734873487178e+00 1.000000000000000048e-04
3.489348834883488237e+00 1.000000000000000048e-04
3.490348934893489297e+00 1.000000000000000048e-04
3.491349034903490356e+00 1.000000000000000048e-04
3.492349134913491415e+00 1.000000000000000048e-04
3.493349234923492475e+00 1.000000000000000048e-04
3.494349334933493090e+00 1.000000000000000048e-04
3.495349434943494149e+00 1.000000000000000048e-04
3.496349534953495208e+00 1.000000000000000048e-04
3.497349634963496268e+00 1.000000000000000048e-04
3.498349734973497327e+00 1.000000000000000048e-04
3.499349834983498386e+00 1.000000000000000048e-04
3.500349934993499446e+00 1.000000000000000048e-04
3.501350035003500061e+00 1.000000000000000048e-04
3.502350135013501120e+00 1.000000000000000048e-04
3.503350235023502179e+00 1.000000000000000048e-04
3.504350335033503239e+00 1.000000000000000048e-04
3.505350435043504298e+00 1.000000000000000048e-04
3.506350535053505357e+00 1.000000000000000048e-04
3.507350635063506417e+00 1.000000000000000048e-04
3.508350735073507476e+00 1.000000000000000048e-04
3.509350835083508091e+00 1.000000000000000048e-04
3.510350935093509150e+00 1.000000000000000048e-04
3.511351035103510210e+00 1.000000000000000048e-04
3.512351135113511269e+00 1.000000000000000048e-04
3.513351235123512328e+00 1.000000000000000048e-04
3.514351335133513388e+00 1.000000000000000048e-04
3.515351435143514447e+00 1.000000000000000048e-04
3.516351535153515062e+00 1.000000000000000048e-04
3.517351635163516121e+00 1.000000000000000048e-04
3.518351735173517181e+00 1.000000000000000048e-04
3.519351835183518240e+00 1.000000000000000048e-04
3.520351935193519299e+00 1.000000000000000048e-04
3.521352035203520359e+00 1.000000000000000048e-04
3.522352135213521418e+00 1.000000000000000048e-04
3.523352235223522477e+00 1.000000000000000048e-04
3.524352335233523092e+00 1.000000000000000048e-04
3.525352435243524152e+00 1.000000000000000048e-04
3.526352535253525211e+00 1.000000000000000048e-04
3.527352635263526270e+00 1.000000000000000048e-04
3.528352735273527330e+00 1.000000000000000048e-04
3.529352835283528389e+00 1.000000000000000048e-04
3.530352935293529448e+00 1.000000000000000048e-04
3.531353035303530064e+00 1.000000000000000048e-04
3.532353135313531123e+00 1.000000000000000048e-04
3.533353235323532182e+00 1.000000000000000048e-04
3.534353335333533241e+00 1.000000000000000048e-04
3.535353435343534301e+00 1.000000000000000048e-04
3.536353535353535360e+00 1.000000000000000048e-04
3.537353635363536419e+00 1.000000000000000048e-04
3.538353735373537479e+00 1.000000000000000048e-04
3.539353835383538094e+00 1.000000000000000048e-04
3.540353935393539153e+00 1.000000000000000048e-04
3.541354035403540212e+00 1.000000000000000048e-04
3.542354135413541272e+00 1.000000000000000048e-04
3.543354235423542331e+00 1.000000000000000048e-04
3.544354335433543390e+00 1.000000000000000048e-04
3.545354435443544450e+00 1.000000000000000048e-04
3.546354535453545065e+00 1.000000000000000048e-04
3.547354635463546124e+00 1.000000000000000048e-04
3.548354735473547183e+00 1.000000000000000048e-04
3.549354835483548243e+00 1.000000000000000048e-04
3.550354935493549302e+00 1.000000000000000048e-04
3.551355035503550361e+00 1.000000000000000048e-04
3.552355135513551421e+00 1.000000000000000048e-04
3.553355235523552480e+00 1.000000000000000048e-04
3.554355335533553095e+00 1.000000000000000048e-04
3.555355435543554155e+00 1.000000000000000048e-04
3.556355535553555214e+00 1.000000000000000048e-04
3.557355635563556273e+00 1.000000000000000048e-04
3.558355735573557332e+00 1.000000000000000048e-04
3.559355835583558392e+00 1.000000000000000048e-04
3.560355935593559451e+00 1.000000000000000048e-04
3.561356035603560066e+00 1.000000000000000048e-04
3.562356135613561126e+00 1.000000000000000048e-04
3.563356235623562185e+00 1.000000000000000048e-04
3.564356335633563244e+00 1.000000000000000048e-04
3.565356435643564303e+00 1.000000000000000048e-04
3.566356535653565363e+00 1.000000000000000048e-04
3.567356635663566422e+00 1.000000000000000048e-04
3.568356735673567481e+00 1.000000000000000048e-04
3.569356835683568097e+00 1.000000000000000048e-04
3.570356935693569156e+00 1.000000000000000048e-04
3.571357035703570215e+00 1.000000000000000048e-04
3.572357135713571274e+00 1.000000000000000048e-04
3.573357235723572334e+00 1.000000000000000048e-04
3.574357335733573393e+00 1.000000000000000048e-04
3.575357435743574452e+00 1.000000000000000048e-04
3.576357535753575068e+00 1.000000000000000048e-04
3.577357635763576127e+00 1.000000000000000048e-04
3.578357735773577186e+00 1.000000000000000048e-04
3.579357835783578246e+00 1.000000000000000048e-04
3.580357935793579305e+00 1.000000000000000048e-04
3.581358035803580364e+00 1.000000000000000048e-04
3.582358135813581423e+00 1.000000000000000048e-04
3.583358235823582483e+00 1.000000000000000048e-04
3.584358335833583098e+00 1.000000000000000048e-04
3.585358435843584157e+00 1.000000000000000048e-04
3.586358535853585217e+00 1.000000000000000048e-04
3.587358635863586276e+00 1.000000000000000048e-04
3.588358735873587335e+00 1.000000000000000048e-04
3.589358835883588394e+00 1.000000000000000048e-04
3.590358935893589454e+00 1.000000000000000048e-04
3.591359035903590069e+00 1.000000000000000048e-04
3.592359135913591128e+00 1.000000000000000048e-04
3.593359235923592188e+00 1.000000000000000048e-04
3.594359335933593247e+00 1.000000000000000048e-04
3.595359435943594306e+00 1.000000000000000048e-04
3.596359535953595365e+00 1.000000000000000048e-04
3.597359635963596425e+00 1.000000000000000048e-04
3.598359735973597484e+00 1.000000000000000048e-04
3.599359835983598099e+00 1.000000000000000048e-04
3.600359935993599159e+00 1.000000000000000048e-04
3.601360036003600218e+00 1.000000000000000048e-04
3.602360136013601277e+00 1.000000000000000048e-04
3.603360236023602337e+00 1.000000000000000048e-04
3.604360336033603396e+00 1.000000000000000048e-04
3.605360436043604455e+00 1.000000000000000048e-04
3.606360536053605070e+00 1.000000000000000048e-04
3.607360636063606130e+00 1.000000000000000048e-04
3.608360736073607189e+00 1.000000000000000048e-04
3.609360836083608248e+00 1.000000000000000048e-04
3.610360936093609308e+00 1.000000000000000048e-04
3.611361036103610367e+00 1.000000000000000048e-04
3.612361136113611426e+00 1.000000000000000048e-04
3.613361236123612485e+00 1.000000000000000048e-04
3.614361336133613101e+00 1.000000000000000048e-04
3.615361436143614160e+00 1.000000000000000048e-04
3.616361536153615219e+00 1.000000000000000048e-04
3.617361636163616279e+00 1.000000000000000048e-04
3.618361736173617338e+00 1.000000000000000048e-04
3.619361836183618397e+00 1.000000000000000048e-04
3.620361936193619457e+00 1.000000000000000048e-04
3.621362036203620072e+00 1.000000000000000048e-04
3.622362136213621131e+00 1.000000000000000048e-04
3.623362236223622190e+00 1.000000000000000048e-04
3.624362336233623250e+00 1.000000000000000048e-04
3.625362436243624309e+00 1.000000000000000048e-04
3.626362536253625368e+00 1.000000000000000048e-04
3.627362636263626428e+00 1.000000000000000048e-04
3.628362736273627487e+00 1.000000000000000048e-04
3.629362836283628102e+00 1.000000000000000048e-04
3.630362936293629161e+00 1.000000000000000048e-04
3.631363036303630221e+00 1.000000000000000048e-04
3.632363136313631280e+00 1.000000000000000048e-04
3.633363236323632339e+00 1.000000000000000048e-04
3.634363336333633399e+00 1.000000000000000048e-04
3.635363436343634458e+00 1.000000000000000048e-04
3.636363536353635073e+00 1.000000000000000048e-04
3.637363636363636132e+00 1.000000000000000048e-04
3.638363736373637192e+00 1.000000000000000048e-04
3.639363836383638251e+00 1.000000000000000048e-04
3.640363936393639310e+00 1.000000000000000048e-04
3.641364036403640370e+00 1.000000000000000048e-04
3.642364136413641429e+00 1.000000000000000048e-04
3.643364236423642488e+00 1.000000000000000048e-04
3.644364336433643103e+00 1.000000000000000048e-04
3.645364436443644163e+00 1.000000000000000048e-04
3.646364536453645222e+00 1.000000000000000048e-04
3.647364636463646281e+00 1.000000000000000048e-04
3.648364736473647341e+00 1.000000000000000048e-04
3.649364836483648400e+00 1.000000000000000048e-04
3.650364936493649459e+00 1.000000000000000048e-04
3.651365036503650074e+00 1.000000000000000048e-04
3.652365136513651134e+00 1.000000000000000048e-04
3.653365236523652193e+00 1.000000000000000048e-04
3.654365336533653252e+00 1.000000000000000048e-04
3.655365436543654312e+00 1.000000000000000048e-04
3.656365536553655371e+00 1.000000000000000048e-04
3.657365636563656430e+00 1.000000000000000048e-04
3.658365736573657490e+00 1.000000000000000048e-04
3.659365836583658105e+00 1.000000000000000048e-04
3.660365936593659164e+00 1.000000000000000048e-04
3.661366036603660223e+00 1.000000000000000048e-04
3.662366136613661283e+00 1.000000000000000048e-04
3.663366236623662342e+00 1.000000000000000048e-04
3.664366336633663401e+00 1.000000000000000048e-04
3.665366436643664461e+00 1.000000000000000048e-04
3.666366536653665076e+00 1.000000000000000048e-04
3.667366636663666135e+00 1.000000000000000048e-04
3.668366736673667194e+00 1.000000000000000048e-04
3.669366836683668254e+00 1.000000000000000048e-04
3.670366936693669313e+00 1.000000000000000048e-04
3.671367036703670372e+00 1.000000000000000048e-04
3.672367136713671432e+00 1.000000000000000048e-04
3.673367236723672491e+00 1.000000000000000048e-04
3.674367336733673106e+00 1.000000000000000048e-04
3.675367436743674165e+00 1.000000000000000048e-04
3.676367536753675225e+00 1.000000000000000048e-04
3.677367636763676284e+00 1.000000000000000048e-04
3.678367736773677343e+00 1.000000000000000048e-04
3.679367836783678403e+00 1.000000000000000048e-04
3.680367936793679462e+00 1.000000000000000048e-04
3.681368036803680077e+00 1.000000000000000048e-04
3.682368136813681136e+00 1.000000000000000048e-04
3.683368236823682196e+00 1.000000000000000048e-04
3.684368336833683255e+00 1.000000000000000048e-04
3.685368436843684314e+00 1.000000000000000048e-04
3.686368536853685374e+00 1.000000000000000048e-04
3.687368636863686433e+00 1.000000000000000048e-04
3.688368736873687492e+00 1.000000000000000048e-04
3.689368836883688108e+00 1.000000000000000048e-04
3.690368936893689167e+00 1.000000000000000048e-04
3.691369036903690226e+00 1.000000000000000048e-04
3.692369136913691285e+00 1.000000000000000048e-04
3.693369236923692345e+00 1.000000000000000048e-04
3.694369336933693404e+00 1.000000000000000048e-04
3.695369436943694463e+00 1.000000000000000048e-04
3.696369536953695079e+00 1.000000000000000048e-04
3.697369636963696138e+00 1.000000000000000048e-04
3.698369736973697197e+00 1.000000000000000048e-04
3.699369836983698256e+00 1.000000000000000048e-04
3.700369936993699316e+00 1.000000000000000048e-04
3.701370037003700375e+00 1.000000000000000048e-04
3.702370137013701434e+00 1.000000000000000048e-04
3.703370237023702494e+00 1.000000000000000048e-04
3.704370337033703109e+00 1.000000000000000048e-04
3.705370437043704168e+00 1.000000000000000048e-04
3.706370537053705227e+00 1.000000000000000048e-04
3.707370637063706287e+00 1.000000000000000048e-04
3.708370737073707346e+00 1.000000000000000048e-04
3.709370837083708405e+00 1.000000000000000048e-04
3.710370937093709465e+00 1.000000000000000048e-04
3.711371037103710080e+00 1.000000000000000048e-04
3.712371137113711139e+00 1.000000000000000048e-04
3.713371237123712199e+00 1.000000000000000048e-04
3.714371337133713258e+00 1.000000000000000048e-04
3.715371437143714317e+00 1.000000000000000048e-04
3.716371537153715376e+00 1.000000000000000048e-04
3.717371637163716436e+00 1.000000000000000048e-04
3.718371737173717495e+00 1.000000000000000048e-04
3.719371837183718110e+00 1.000000000000000048e-04
3.720371937193719170e+00 1.000000000000000048e-04
3.721372037203720229e+00 1.000000000000000048e-04
3.722372137213721288e+00 1.000000000000000048e-04
3.723372237223722347e+00 1.000000000000000048e-04
3.724372337233723407e+00 1.000000000000000048e-04
3.725372437243724466e+00 1.000000000000000048e-04
3.726372537253725081e+00 1.000000000000000048e-04
3.727372637263726141e+00 1.000000000000000048e-04
3.728372737273727200e+00 1.000000000000000048e-04
3.729372837283728259e+00 1.000000000000000048e-04
3.730372937293729318e+00 1.000000000000000048e-04
3.731373037303730378e+00 1.000000000000000048e-04
3.732373137313731437e+00 1.000000000000000048e-04
3.733373237323732496e+00 1.000000000000000048e-04
3.734373337333733112e+00 1.000000000000000048e-04
3.735373437343734171e+00 1.000000000000000048e-04
3.736373537353735230e+00 1.000000000000000048e-04
3.737373637363736290e+00 1.000000000000000048e-04
3.738373737373737349e+00 1.000000000000000048e-04
3.739373837383738408e+00 1.000000000000000048e-04
3.740373937393739467e+00 1.000000000000000048e-04
3.741374037403740083e+00 1.000000000000000048e-04
3.742374137413741142e+00 1.000000000000000048e-04
3.743374237423742201e+00 1.000000000000000048e-04
3.744374337433743261e+00 1.000000000000000048e-04
3.745374437443744320e+00 1.000000000000000048e-04
3.746374537453745379e+00 1.000000000000000048e-04
3.747374637463746438e+00 1.000000000000000048e-04
3.748374737473747498e+00 1.000000000000000048e-04
3.749374837483748113e+00 1.000000000000000048e-04
3.750374937493749172e+00 1.000000000000000048e-04
3.751375037503750232e+00 1.000000000000000048e-04
3.752375137513751291e+00 1.000000000000000048e-04
3.753375237523752350e+00 1.000000000000000048e-04
3.754375337533753410e+00 1.000000000000000048e-04
3.755375437543754469e+00 1.000000000000000048e-04
3.756375537553755084e+00 1.000000000000000048e-04
3.757375637563756143e+00 1.000000000000000048e-04
3.758375737573757203e+00 1.000000000000000048e-04
3.759375837583758262e+00 1.000000000000000048e-04
3.760375937593759321e+00 1.000000000000000048e-04
3.761376037603760381e+00 1.000000000000000048e-04
3.762376137613761440e+00 1.000000000000000048e-04
3.763376237623762499e+00 1.000000000000000048e-04
3.764376337633763114e+00 1.000000000000000048e-04
3.765376437643764174e+00 1.000000000000000048e-04
3.766376537653765233e+00 1.000000000000000048e-04
3.767376637663766292e+00 1.000000000000000048e-04
3.768376737673767352e+00 1.000000000000000048e-04
3.769376837683768411e+00 1.000000000000000048e-04
3.770376937693769470e+00 1.000000000000000048e-04
3.771377037703770085e+00 1.000000000000000048e-04
3.772377137713771145e+00 1.000000000000000048e-04
3.773377237723772204e+00 1.000000000000000048e-04
3.774377337733773263e+00 1.000000000000000048e-04
3.775377437743774323e+00 1.000000000000000048e-04
3.776377537753775382e+00 1.000000000000000048e-04
3.777377637763776441e+00 1.000000000000000048e-04
3.778377737773777501e+00 1.000000000000000048e-04
3.779377837783778116e+00 1.000000000000000048e-04
3.780377937793779175e+00 1.000000000000000048e-04
3.781378037803780234e+00 1.000000000000000048e-04
3.782378137813781294e+00 1.000000000000000048e-04
3.783378237823782353e+00 1.000000000000000048e-04
3.784378337833783412e+00 1.000000000000000048e-04
3.785378437843784472e+00 1.000000000000000048e-04
3.786378537853785087e+00 1.000000000000000048e-04
3.787378637863786146e+00 1.000000000000000048e-04
3.788378737873787205e+00 1.000000000000000048e-04
3.789378837883788265e+00 1.000000000000000048e-04
3.790378937893789324e+00 1.000000000000000048e-04
3.791379037903790383e+00 1.000000000000000048e-04
3.792379137913791443e+00 1.000000000000000048e-04
3.793379237923792502e+00 1.000000000000000048e-04
3.794379337933793117e+00 1.000000000000000048e-04
3.795379437943794176e+00 1.000000000000000048e-04
3.796379537953795236e+00 1.000000000000000048e-04
3.797379637963796295e+00 1.000000000000000048e-04
3.798379737973797354e+00 1.000000000000000048e-04
3.799379837983798414e+00 1.000000000000000048e-04
3.800379937993799473e+00 1.000000000000000048e-04
3.801380038003800088e+00 1.000000000000000048e-04
3.802380138013801147e+00 1.000000000000000048e-04
3.803380238023802207e+00 1.000000000000000048e-04
3.804380338033803266e+00 1.000000000000000048e-04
3.805380438043804325e+00 1.000000000000000048e-04
3.806380538053805385e+00 1.000000000000000048e-04
3.807380638063806444e+00 1.000000000000000048e-04
3.808380738073807503e+00 1.000000000000000048e-04
3.809380838083808118e+00 1.000000000000000048e-04
3.810380938093809178e+00 1.000000000000000048e-04
3.811381038103810237e+00 1.000000000000000048e-04
3.812381138113811296e+00 1.000000000000000048e-04
3.813381238123812356e+00 1.000000000000000048e-04
3.814381338133813415e+00 1.000000000000000048e-04
3.815381438143814474e+00 1.000000000000000048e-04
3.816381538153815089e+00 1.000000000000000048e-04
3.817381638163816149e+00 1.000000000000000048e-04
3.818381738173817208e+00 1.000000000000000048e-04
3.819381838183818267e+00 1.000000000000000048e-04
3.820381938193819327e+00 1.000000000000000048e-04
3.821382038203820386e+00 1.000000000000000048e-04
3.822382138213821445e+00 1.000000000000000048e-04
3.823382238223822505e+00 1.000000000000000048e-04
3.824382338233823120e+00 1.000000000000000048e-04
3.825382438243824179e+00 1.000000000000000048e-04
3.826382538253825238e+00 1.000000000000000048e-04
3.827382638263826298e+00 1.000000000000000048e-04
3.828382738273827357e+00 1.000000000000000048e-04
3.829382838283828416e+00 1.000000000000000048e-04
3.830382938293829476e+00 1.000000000000000048e-04
3.831383038303830091e+00 1.000000000000000048e-04
3.832383138313831150e+00 1.000000000000000048e-04
3.833383238323832209e+00 1.000000000000000048e-04
3.834383338333833269e+00 1.000000000000000048e-04
3.835383438343834328e+00 1.000000000000000048e-04
3.836383538353835387e+00 1.000000000000000048e-04
3.837383638363836447e+00 1.000000000000000048e-04
3.838383738373837506e+00 1.000000000000000048e-04
3.839383838383838121e+00 1.000000000000000048e-04
3.840383938393839180e+00 1.000000000000000048e-04
3.841384038403840240e+00 1.000000000000000048e-04
3.842384138413841299e+00 1.000000000000000048e-04
3.843384238423842358e+00 1.000000000000000048e-04
3.844384338433843418e+00 1.000000000000000048e-04
3.845384438443844477e+00 1.000000000000000048e-04
3.846384538453845092e+00 1.000000000000000048e-04
3.847384638463846152e+00 1.000000000000000048e-04
3.848384738473847211e+00 1.000000000000000048e-04
3.849384838483848270e+00 1.000000000000000048e-04
3.850384938493849329e+00 1.000000000000000048e-04
3.851385038503850389e+00 1.000000000000000048e-04
3.852385138513851448e+00 1.000000000000000048e-04
3.853385238523852507e+00 1.000000000000000048e-04
3.854385338533853123e+00 1.000000000000000048e-04
3.855385438543854182e+00 1.000000000000000048e-04
3.856385538553855241e+00 1.000000000000000048e-04
3.857385638563856300e+00 1.000000000000000048e-04
3.858385738573857360e+00 1.000000000000000048e-04
3.859385838583858419e+00 1.000000000000000048e-04
3.860385938593859478e+00 1.000000000000000048e-04
3.861386038603860094e+00 1.000000000000000048e-04
3.862386138613861153e+00 1.000000000000000048e-04
3.863386238623862212e+00 1.000000000000000048e-04
3.864386338633863271e+00 1.000000000000000048e-04
3.865386438643864331e+00 1.000000000000000048e-04
3.866386538653865390e+00 1.000000000000000048e-04
3.867386638663866449e+00 1.000000000000000048e-04
3.868386738673867509e+00 1.000000000000000048e-04
3.869386838683868124e+00 1.000000000000000048e-04
3.870386938693869183e+00 1.000000000000000048e-04
3.871387038703870243e+00 1.000000000000000048e-04
3.872387138713871302e+00 1.000000000000000048e-04
3.873387238723872361e+00 1.000000000000000048e-04
3.874387338733873420e+00 1.000000000000000048e-04
3.875387438743874480e+00 1.000000000000000048e-04
3.876387538753875095e+00 1.000000000000000048e-04
3.877387638763876154e+00 1.000000000000000048e-04
3.878387738773877214e+00 1.000000000000000048e-04
3.879387838783878273e+00 1.000000000000000048e-04
3.880387938793879332e+00 1.000000000000000048e-04
3.881388038803880391e+00 1.000000000000000048e-04
3.882388138813881451e+00 1.000000000000000048e-04
3.883388238823882510e+00 1.000000000000000048e-04
3.884388338833883125e+00 1.000000000000000048e-04
3.885388438843884185e+00 1.000000000000000048e-04
3.886388538853885244e+00 1.000000000000000048e-04
3.887388638863886303e+00 1.000000000000000048e-04
3.888388738873887363e+00 1.000000000000000048e-04
3.889388838883888422e+00 1.000000000000000048e-04
3.890388938893889481e+00 1.000000000000000048e-04
3.891389038903890096e+00 1.000000000000000048e-04
3.892389138913891156e+00 1.000000000000000048e-04
3.893389238923892215e+00 1.000000000000000048e-04
3.894389338933893274e+00 1.000000000000000048e-04
3.895389438943894334e+00 1.000000000000000048e-04
3.896389538953895393e+00 1.000000000000000048e-04
3.897389638963896452e+00 1.000000000000000048e-04
3.898389738973897511e+00 1.000000000000000048e-04
3.899389838983898127e+00 1.000000000000000048e-04
3.900389938993899186e+00 1.000000000000000048e-04
3.901390039003900245e+00 1.000000000000000048e-04
3.902390139013901305e+00 1.000000000000000048e-04
3.903390239023902364e+00 1.000000000000000048e-04
3.904390339033903423e+00 1.000000000000000048e-04
3.905390439043904482e+00 1.000000000000000048e-04
3.906390539053905098e+00 1.000000000000000048e-04
3.907390639063906157e+00 1.000000000000000048e-04
3.908390739073907216e+00 1.000000000000000048e-04
3.909390839083908276e+00 1.000000000000000048e-04
3.910390939093909335e+00 1.000000000000000048e-04
3.911391039103910394e+00 1.000000000000000048e-04
3.912391139113911454e+00 1.000000000000000048e-04
3.913391239123912513e+00 1.000000000000000048e-04
3.914391339133913128e+00 1.000000000000000048e-04
3.915391439143914187e+00 1.000000000000000048e-04
3.916391539153915247e+00 1.000000000000000048e-04
3.917391639163916306e+00 1.000000000000000048e-04
3.918391739173917365e+00 1.000000000000000048e-04
3.919391839183918425e+00 1.000000000000000048e-04
3.920391939193919484e+00 1.000000000000000048e-04
3.921392039203920099e+00 1.000000000000000048e-04
3.922392139213921158e+00 1.000000000000000048e-04
3.923392239223922218e+00 1.000000000000000048e-04
3.924392339233923277e+00 1.000000000000000048e-04
3.925392439243924336e+00 1.000000000000000048e-04
3.926392539253925396e+00 1.000000000000000048e-04
3.927392639263926455e+00 1.000000000000000048e-04
3.928392739273927514e+00 1.000000000000000048e-04
3.929392839283928129e+00 1.000000000000000048e-04
3.930392939293929189e+00 1.000000000000000048e-04
3.931393039303930248e+00 1.000000000000000048e-04
3.932393139313931307e+00 1.000000000000000048e-04
3.933393239323932367e+00 1.000000000000000048e-04
3.934393339333933426e+00 1.000000000000000048e-04
3.935393439343934485e+00 1.000000000000000048e-04
3.936393539353935100e+00 1.000000000000000048e-04
3.937393639363936160e+00 1.000000000000000048e-04
3.938393739373937219e+00 1.000000000000000048e-04
3.939393839383938278e+00 1.000000000000000048e-04
3.940393939393939338e+00 1.000000000000000048e-04
3.941394039403940397e+00 1.000000000000000048e-04
3.942394139413941456e+00 1.000000000000000048e-04
3.943394239423942516e+00 1.000000000000000048e-04
3.944394339433943131e+00 1.000000000000000048e-04
3.945394439443944190e+00 1.000000000000000048e-04
3.946394539453945249e+00 1.000000000000000048e-04
3.947394639463946309e+00 1.000000000000000048e-04
3.948394739473947368e+00 1.000000000000000048e-04
3.949394839483948427e+00 1.000000000000000048e-04
3.950394939493949487e+00 1.000000000000000048e-04
3.951395039503950102e+00 1.000000000000000048e-04
3.952395139513951161e+00 1.000000000000000048e-04
3.953395239523952220e+00 1.000000000000000048e-04
3.954395339533953280e+00 1.000000000000000048e-04
3.955395439543954339e+00 1.000000000000000048e-04
3.956395539553955398e+00 1.000000000000000048e-04
3.957395639563956458e+00 1.000000000000000048e-04
3.958395739573957517e+00 1.000000000000000048e-04
3.959395839583958132e+00 1.000000000000000048e-04
3.960395939593959191e+00 1.000000000000000048e-04
3.961396039603960251e+00 1.000000000000000048e-04
3.962396139613961310e+00 1.000000000000000048e-04
3.963396239623962369e+00 1.000000000000000048e-04
3.964396339633963429e+00 1.000000000000000048e-04
3.965396439643964488e+00 1.000000000000000048e-04
3.966396539653965103e+00 1.000000000000000048e-04
3.967396639663966162e+00 1.000000000000000048e-04
3.968396739673967222e+00 1.000000000000000048e-04
3.969396839683968281e+00 1.000000000000000048e-04
3.970396939693969340e+00 1.000000000000000048e-04
3.971397039703970400e+00 1.000000000000000048e-04
3.972397139713971459e+00 1.000000000000000048e-04
3.973397239723972518e+00 1.000000000000000048e-04
3.974397339733973133e+00 1.000000000000000048e-04
3.975397439743974193e+00 1.000000000000000048e-04
3.976397539753975252e+00 1.000000000000000048e-04
3.977397639763976311e+00 1.000000000000000048e-04
3.978397739773977371e+00 1.000000000000000048e-04
3.979397839783978430e+00 1.000000000000000048e-04
3.980397939793979489e+00 1.000000000000000048e-04
3.981398039803980105e+00 1.000000000000000048e-04
3.982398139813981164e+00 1.000000000000000048e-04
3.983398239823982223e+00 1.000000000000000048e-04
3.984398339833983282e+00 1.000000000000000048e-04
3.985398439843984342e+00 1.000000000000000048e-04
3.986398539853985401e+00 1.000000000000000048e-04
3.987398639863986460e+00 1.000000000000000048e-04
3.988398739873987520e+00 1.000000000000000048e-04
3.989398839883988135e+00 1.000000000000000048e-04
3.990398939893989194e+00 1.000000000000000048e-04
3.991399039903990253e+00 1.000000000000000048e-04
3.992399139913991313e+00 1.000000000000000048e-04
3.993399239923992372e+00 1.000000000000000048e-04
3.994399339933993431e+00 1.000000000000000048e-04
3.995399439943994491e+00 1.000000000000000048e-04
3.996399539953995106e+00 1.000000000000000048e-04
3.997399639963996165e+00 1.000000000000000048e-04
3.998399739973997224e+00 1.000000000000000048e-04
3.999399839983998284e+00 1.000000000000000048e-04
4.000399939993999787e+00 1.000000000000000048e-04
4.001400040004000402e+00 1.000000000000000048e-04
4.002400140014001906e+00 1.000000000000000048e-04
4.003400240024002521e+00 1.000000000000000048e-04
4.004400340034004024e+00 1.000000000000000048e-04
4.005400440044004640e+00 1.000000000000000048e-04
4.006400540054006143e+00 1.000000000000000048e-04
4.007400640064006758e+00 1.000000000000000048e-04
4.008400740074007373e+00 1.000000000000000048e-04
4.009400840084008877e+00 1.000000000000000048e-04
4.010400940094009492e+00 1.000000000000000048e-04
4.011401040104010995e+00 1.000000000000000048e-04
4.012401140114011611e+00 1.000000000000000048e-04
4.013401240124013114e+00 1.000000000000000048e-04
4.014401340134013729e+00 1.000000000000000048e-04
4.015401440144014344e+00 1.000000000000000048e-04
4.016401540154015848e+00 1.000000000000000048e-04
4.017401640164016463e+00 1.000000000000000048e-04
4.018401740174017966e+00 1.000000000000000048e-04
4.019401840184018582e+00 1.000000000000000048e-04
4.020401940194020085e+00 1.000000000000000048e-04
4.021402040204020700e+00 1.000000000000000048e-04
4.022402140214021316e+00 1.000000000000000048e-04
4.023402240224022819e+00 1.000000000000000048e-04
4.024402340234023434e+00 1.000000000000000048e-04
4.025402440244024937e+00 1.000000000000000048e-04
4.026402540254025553e+00 1.000000000000000048e-04
4.027402640264027056e+00 1.000000000000000048e-04
4.028402740274027671e+00 1.000000000000000048e-04
4.029402840284029175e+00 1.000000000000000048e-04
4.030402940294029790e+00 1.000000000000000048e-04
4.031403040304030405e+00 1.000000000000000048e-04
4.032403140314031909e+00 1.000000000000000048e-04
4.033403240324032524e+00 1.000000000000000048e-04
4.034403340334034027e+00 1.000000000000000048e-04
4.035403440344034642e+00 1.000000000000000048e-04
4.036403540354036146e+00 1.000000000000000048e-04
4.037403640364036761e+00 1.000000000000000048e-04
4.038403740374037376e+00 1.000000000000000048e-04
4.039403840384038880e+00 1.000000000000000048e-04
4.040403940394039495e+00 1.000000000000000048e-04
4.041404040404040998e+00 1.000000000000000048e-04
4.042404140414041613e+00 1.000000000000000048e-04
4.043404240424043117e+00 1.000000000000000048e-04
4.044404340434043732e+00 1.000000000000000048e-04
4.045404440444044347e+00 1.000000000000000048e-04
4.046404540454045851e+00 1.000000000000000048e-04
4.047404640464046466e+00 1.000000000000000048e-04
4.048404740474047969e+00 1.000000000000000048e-04
4.049404840484048584e+00 1.000000000000000048e-04
4.050404940494050088e+00 1.000000000000000048e-04
4.051405040504050703e+00 1.000000000000000048e-04
4.052405140514051318e+00 1.000000000000000048e-04
4.053405240524052822e+00 1.000000000000000048e-04
4.054405340534053437e+00 1.000000000000000048e-04
4.055405440544054940e+00 1.000000000000000048e-04
4.056405540554055555e+00 1.000000000000000048e-04
4.057405640564057059e+00 1.000000000000000048e-04
4.058405740574057674e+00 1.000000000000000048e-04
4.059405840584059177e+00 1.000000000000000048e-04
4.060405940594059793e+00 1.000000000000000048e-04
4.061406040604060408e+00 1.000000000000000048e-04
4.062406140614061911e+00 1.000000000000000048e-04
4.063406240624062526e+00 1.000000000000000048e-04
4.064406340634064030e+00 1.000000000000000048e-04
4.065406440644064645e+00 1.000000000000000048e-04
4.066406540654066148e+00 1.000000000000000048e-04
4.067406640664066764e+00 1.000000000000000048e-04
4.068406740674067379e+00 1.000000000000000048e-04
4.069406840684068882e+00 1.000000000000000048e-04
4.070406940694069498e+00 1.000000000000000048e-04
4.071407040704071001e+00 1.000000000000000048e-04
4.072407140714071616e+00 1.000000000000000048e-04
4.073407240724073120e+00 1.000000000000000048e-04
4.074407340734073735e+00 1.000000000000000048e-04
4.075407440744074350e+00 1.000000000000000048e-04
4.076407540754075853e+00 1.000000000000000048e-04
4.077407640764076469e+00 1.000000000000000048e-04
4.078407740774077972e+00 1.000000000000000048e-04
4.079407840784078587e+00 1.000000000000000048e-04
4.080407940794080091e+00 1.000000000000000048e-04
4.081408040804080706e+00 1.000000000000000048e-04
4.082408140814081321e+00 1.000000000000000048e-04
4.083408240824082824e+00 1.000000000000000048e-04
4.084408340834083440e+00 1.000000000000000048e-04
4.085408440844084943e+00 1.000000000000000048e-04
4.086408540854085558e+00 1.000000000000000048e-04
4.087408640864087062e+00 1.000000000000000048e-04
4.088408740874087677e+00 1.000000000000000048e-04
4.089408840884089180e+00 1.000000000000000048e-04
4.090408940894089795e+00 1.000000000000000048e-04
4.091409040904090411e+00 1.000000000000000048e-04
4.092409140914091914e+00 1.000000000000000048e-04
4.093409240924092529e+00 1.000000000000000048e-04
4.094409340934094033e+00 1.000000000000000048e-04
4.095409440944094648e+00 1.000000000000000048e-04
4.096409540954096151e+00 1.000000000000000048e-04
4.097409640964096766e+00 1.000000000000000048e-04
4.098409740974097382e+00 1.000000000000000048e-04
4.099409840984098885e+00 1.000000000000000048e-04
4.100409940994099500e+00 1.000000000000000048e-04
4.101410041004101004e+00 1.000000000000000048e-04
4.102410141014101619e+00 1.000000000000000048e-04
4.103410241024103122e+00 1.000000000000000048e-04
4.104410341034103737e+00 1.000000000000000048e-04
4.105410441044104353e+00 1.000000000000000048e-04
4.106410541054105856e+00 1.000000000000000048e-04
4.107410641064106471e+00 1.000000000000000048e-04
4.108410741074107975e+00 1.000000000000000048e-04
4.109410841084108590e+00 1.000000000000000048e-04
4.110410941094110093e+00 1.000000000000000048e-04
4.111411041104110708e+00 1.000000000000000048e-04
4.112411141114112212e+00 1.000000000000000048e-04
4.113411241124112827e+00 1.000000000000000048e-04
4.114411341134113442e+00 1.000000000000000048e-04
4.115411441144114946e+00 1.000000000000000048e-04
4.116411541154115561e+00 1.000000000000000048e-04
4.117411641164117064e+00 1.000000000000000048e-04
4.118411741174117680e+00 1.000000000000000048e-04
4.119411841184119183e+00 1.000000000000000048e-04
4.120411941194119798e+00 1.000000000000000048e-04
4.121412041204120413e+00 1.000000000000000048e-04
4.122412141214121917e+00 1.000000000000000048e-04
4.123412241224122532e+00 1.000000000000000048e-04
4.124412341234124035e+00 1.000000000000000048e-04
4.125412441244124651e+00 1.000000000000000048e-04
4.126412541254126154e+00 1.000000000000000048e-04
4.127412641264126769e+00 1.000000000000000048e-04
4.128412741274127384e+00 1.000000000000000048e-04
4.129412841284128888e+00 1.000000000000000048e-04
4.130412941294129503e+00 1.000000000000000048e-04
4.131413041304131006e+00 1.000000000000000048e-04
4.132413141314131622e+00 1.000000000000000048e-04
4.133413241324133125e+00 1.000000000000000048e-04
4.134413341334133740e+00 1.000000000000000048e-04
4.135413441344134355e+00 1.000000000000000048e-04
4.136413541354135859e+00 1.000000000000000048e-04
4.137413641364136474e+00 1.000000000000000048e-04
4.138413741374137977e+00 1.000000000000000048e-04
4.139413841384138593e+00 1.000000000000000048e-04
4.140413941394140096e+00 1.000000000000000048e-04
4.141414041404140711e+00 1.000000000000000048e-04
4.142414141414142215e+00 1.000000000000000048e-04
4.143414241424142830e+00 1.000000000000000048e-04
4.144414341434143445e+00 1.000000000000000048e-04
4.145414441444144948e+00 1.000000000000000048e-04
4.146414541454145564e+00 1.000000000000000048e-04
4.147414641464147067e+00 1.000000000000000048e-04
4.148414741474147682e+00 1.000000000000000048e-04
4.149414841484149186e+00 1.000000000000000048e-04
4.150414941494149801e+00 1.000000000000000048e-04
4.151415041504150416e+00 1.000000000000000048e-04
4.152415141514151919e+00 1.000000000000000048e-04
4.153415241524152535e+00 1.000000000000000048e-04
4.154415341534154038e+00 1.000000000000000048e-04
4.155415441544154653e+00 1.000000000000000048e-04
4.156415541554156157e+00 1.000000000000000048e-04
4.157415641564156772e+00 1.000000000000000048e-04
4.158415741574157387e+00 1.000000000000000048e-04
4.159415841584158890e+00 1.000000000000000048e-04
4.160415941594159506e+00 1.000000000000000048e-04
4.161416041604161009e+00 1.000000000000000048e-04
4.162416141614161624e+00 1.000000000000000048e-04
4.163416241624163128e+00 1.000000000000000048e-04
4.164416341634163743e+00 1.000000000000000048e-04
4.165416441644164358e+00 1.000000000000000048e-04
4.166416541654165862e+00 1.000000000000000048e-04
4.167416641664166477e+00 1.000000000000000048e-04
4.168416741674167980e+00 1.000000000000000048e-04
4.169416841684168595e+00 1.000000000000000048e-04
4.170416941694170099e+00 1.000000000000000048e-04
4.171417041704170714e+00 1.000000000000000048e-04
4.172417141714172217e+00 1.000000000000000048e-04
4.173417241724172833e+00 1.000000000000000048e-04
4.174417341734173448e+00 1.000000000000000048e-04
4.175417441744174951e+00 1.000000000000000048e-04
4.176417541754175566e+00 1.000000000000000048e-04
4.177417641764177070e+00 1.000000000000000048e-04
4.178417741774177685e+00 1.000000000000000048e-04
4.179417841784179188e+00 1.000000000000000048e-04
4.180417941794179804e+00 1.000000000000000048e-04
4.181418041804180419e+00 1.000000000000000048e-04
4.182418141814181922e+00 1.000000000000000048e-04
4.183418241824182537e+00 1.000000000000000048e-04
4.184418341834184041e+00 1.000000000000000048e-04
4.185418441844184656e+00 1.000000000000000048e-04
4.186418541854186159e+00 1.000000000000000048e-04
4.187418641864186775e+00 1.000000000000000048e-04
4.188418741874187390e+00 1.000000000000000048e-04
4.189418841884188893e+00 1.000000000000000048e-04
4.190418941894189508e+00 1.000000000000000048e-04
4.191419041904191012e+00 1.000000000000000048e-04
4.192419141914191627e+00 1.000000000000000048e-04
4.193419241924193130e+00 1.000000000000000048e-04
4.194419341934193746e+00 1.000000000000000048e-04
4.195419441944194361e+00 1.000000000000000048e-04
4.196419541954195864e+00 1.000000000000000048e-04
4.197419641964196479e+00 1.000000000000000048e-04
4.198419741974197983e+00 1.000000000000000048e-04
4.199419841984198598e+00 1.000000000000000048e-04
4.200419941994200101e+00 1.000000000000000048e-04
4.201420042004200717e+00 1.000000000000000048e-04
4.202420142014202220e+00 1.000000000000000048e-04
4.203420242024202835e+00 1.000000000000000048e-04
4.204420342034203451e+00 1.000000000000000048e-04
4.205420442044204954e+00 1.000000000000000048e-04
4.206420542054205569e+00 1.000000000000000048e-04
4.207420642064207073e+00 1.000000000000000048e-04
4.208420742074207688e+00 1.000000000000000048e-04
4.209420842084209191e+00 1.000000000000000048e-04
4.210420942094209806e+00 1.000000000000000048e-04
4.211421042104210422e+00 1.000000000000000048e-04
4.212421142114211925e+00 1.000000000000000048e-04
4.213421242124212540e+00 1.000000000000000048e-04
4.214421342134214044e+00 1.000000000000000048e-04
4.215421442144214659e+00 1.000000000000000048e-04
4.216421542154216162e+00 1.000000000000000048e-04
4.217421642164216777e+00 1.000000000000000048e-04
4.218421742174217393e+00 1.000000000000000048e-04
4.219421842184218896e+00 1.000000000000000048e-04
4.220421942194219511e+00 1.000000000000000048e-04
4.221422042204221015e+00 1.000000000000000048e-04
4.222422142214221630e+00 1.000000000000000048e-04
4.223422242224223133e+00 1.000000000000000048e-04
4.224422342234223748e+00 1.000000000000000048e-04
4.225422442244224364e+00 1.000000000000000048e-04
4.226422542254225867e+00 1.000000000000000048e-04
4.227422642264226482e+00 1.000000000000000048e-04
4.228422742274227986e+00 1.000000000000000048e-04
4.229422842284228601e+00 1.000000000000000048e-04
4.230422942294230104e+00 1.000000000000000048e-04
4.231423042304230719e+00 1.000000000000000048e-04
4.232423142314232223e+00 1.000000000000000048e-04
4.233423242324232838e+00 1.000000000000000048e-04
4.234423342334233453e+00 1.000000000000000048e-04
4.235423442344234957e+00 1.000000000000000048e-04
4.236423542354235572e+00 1.000000000000000048e-04
4.237423642364237075e+00 1.000000000000000048e-04
4.238423742374237690e+00 1.000000000000000048e-04
4.239423842384239194e+00 1.000000000000000048e-04
4.240423942394239809e+00 1.000000000000000048e-04
4.241424042404240424e+00 1.000000000000000048e-04
4.242424142414241928e+00 1.000000000000000048e-04
4.243424242424242543e+00 1.000000000000000048e-04
4.244424342434244046e+00 1.000000000000000048e-04
4.245424442444244661e+00 1.000000000000000048e-04
4.246424542454246165e+00 1.000000000000000048e-04
4.247424642464246780e+00 1.000000000000000048e-04
4.248424742474247395e+00 1.000000000000000048e-04
4.249424842484248899e+00 1.000000000000000048e-04
4.250424942494249514e+00 1.000000000000000048e-04
4.251425042504251017e+00 1.000000000000000048e-04
4.252425142514251633e+00 1.000000000000000048e-04
4.253425242524253136e+00 1.000000000000000048e-04
4.254425342534253751e+00 1.000000000000000048e-04
4.255425442544254366e+00 1.000000000000000048e-04
4.256425542554255870e+00 1.000000000000000048e-04
4.257425642564256485e+00 1.000000000000000048e-04
4.258425742574257988e+00 1.000000000000000048e-04
4.259425842584258604e+00 1.000000000000000048e-04
4.260425942594260107e+00 1.000000000000000048e-04
4.261426042604260722e+00 1.000000000000000048e-04
4.262426142614262226e+00 1.000000000000000048e-04
4.263426242624262841e+00 1.000000000000000048e-04
4.264426342634263456e+00 1.000000000000000048e-04
4.265426442644264959e+00 1.000000000000000048e-04
4.266426542654265575e+00 1.000000000000000048e-04
4.267426642664267078e+00 1.000000000000000048e-04
4.268426742674267693e+00 1.000000000000000048e-04
4.269426842684269197e+00 1.000000000000000048e-04
4.270426942694269812e+00 1.000000000000000048e-04
4.271427042704270427e+00 1.000000000000000048e-04
4.272427142714271930e+00 1.000000000000000048e-04
4.273427242724272546e+00 1.000000000000000048e-04
4.274427342734274049e+00 1.000000000000000048e-04
4.275427442744274664e+00 1.000000000000000048e-04
4.276427542754276168e+00 1.000000000000000048e-04
4.277427642764276783e+00 1.000000000000000048e-04
4.278427742774277398e+00 1.000000000000000048e-04
4.279427842784278901e+00 1.000000000000000048e-04
4.280427942794279517e+00 1.000000000000000048e-04
4.281428042804281020e+00 1.000000000000000048e-04
4.282428142814281635e+00 1.000000000000000048e-04
4.283428242824283139e+00 1.000000000000000048e-04
4.284428342834283754e+00 1.000000000000000048e-04
4.285428442844284369e+00 1.000000000000000048e-04
4.286428542854285872e+00 1.000000000000000048e-04
4.287428642864286488e+00 1.000000000000000048e-04
4.288428742874287991e+00 1.000000000000000048e-04
4.289428842884288606e+00 1.000000000000000048e-04
4.290428942894290110e+00 1.000000000000000048e-04
4.291429042904290725e+00 1.000000000000000048e-04
4.292429142914292228e+00 1.000000000000000048e-04
4.293429242924292843e+00 1.000000000000000048e-04
4.294429342934293459e+00 1.000000000000000048e-04
4.295429442944294962e+00 1.000000000000000048e-04
4.296429542954295577e+00 1.000000000000000048e-04
4.297429642964297081e+00 1.000000000000000048e-04
4.298429742974297696e+00 1.000000000000000048e-04
4.299429842984299199e+00 1.000000000000000048e-04
4.300429942994299815e+00 1.000000000000000048e-04
4.301430043004300430e+00 1.000000000000000048e-04
4.302430143014301933e+00 1.000000000000000048e-04
4.303430243024302548e+00 1.000000000000000048e-04
4.304430343034304052e+00 1.000000000000000048e-04
4.305430443044304667e+00 1.000000000000000048e-04
4.306430543054306170e+00 1.000000000000000048e-04
4.307430643064306786e+00 1.000000000000000048e-04
4.308430743074307401e+00 1.000000000000000048e-04
4.309430843084308904e+00 1.000000000000000048e-04
4.310430943094309519e+00 1.000000000000000048e-04
4.311431043104311023e+00 1.000000000000000048e-04
4.312431143114311638e+00 1.000000000000000048e-04
4.313431243124313141e+00 1.000000000000000048e-04
4.314431343134313757e+00 1.000000000000000048e-04
4.315431443144314372e+00 1.000000000000000048e-04
4.316431543154315875e+00 1.000000000000000048e-04
4.317431643164316490e+00 1.000000000000000048e-04
4.318431743174317994e+00 1.000000000000000048e-04
4.319431843184318609e+00 1.000000000000000048e-04
4.320431943194320112e+00 1.000000000000000048e-04
4.321432043204320728e+00 1.000000000000000048e-04
4.322432143214322231e+00 1.000000000000000048e-04
4.323432243224322846e+00 1.000000000000000048e-04
4.324432343234323461e+00 1.000000000000000048e-04
4.325432443244324965e+00 1.000000000000000048e-04
4.326432543254325580e+00 1.000000000000000048e-04
4.327432643264327083e+00 1.000000000000000048e-04
4.328432743274327699e+00 1.000000000000000048e-04
4.329432843284329202e+00 1.000000000000000048e-04
4.330432943294329817e+00 1.000000000000000048e-04
4.331433043304330432e+00 1.000000000000000048e-04
4.332433143314331936e+00 1.000000000000000048e-04
4.333433243324332551e+00 1.000000000000000048e-04
4.334433343334334054e+00 1.000000000000000048e-04
4.335433443344334670e+00 1.000000000000000048e-04
4.336433543354336173e+00 1.000000000000000048e-04
4.337433643364336788e+00 1.000000000000000048e-04
4.338433743374337404e+00 1.000000000000000048e-04
4.339433843384338907e+00 1.000000000000000048e-04
4.340433943394339522e+00 1.000000000000000048e-04
4.341434043404341026e+00 1.000000000000000048e-04
4.342434143414341641e+00 1.000000000000000048e-04
4.343434243424343144e+00 1.000000000000000048e-04
4.344434343434343759e+00 1.000000000000000048e-04
4.345434443444344375e+00 1.000000000000000048e-04
4.346434543454345878e+00 1.000000000000000048e-04
4.347434643464346493e+00 1.000000000000000048e-04
4.348434743474347997e+00 1.000000000000000048e-04
4.349434843484348612e+00 1.000000000000000048e-04
4.350434943494350115e+00 1.000000000000000048e-04
4.351435043504350730e+00 1.000000000000000048e-04
4.352435143514352234e+00 1.000000000000000048e-04
4.353435243524352849e+00 1.000000000000000048e-04
4.354435343534353464e+00 1.000000000000000048e-04
4.355435443544354968e+00 1.000000000000000048e-04
4.356435543554355583e+00 1.000000000000000048e-04
4.357435643564357086e+00 1.000000000000000048e-04
4.358435743574357701e+00 1.000000000000000048e-04
4.359435843584359205e+00 1.000000000000000048e-04
4.360435943594359820e+00 1.000000000000000048e-04
4.361436043604360435e+00 1.000000000000000048e-04
4.362436143614361939e+00 1.000000000000000048e-04
4.363436243624362554e+00 1.000000000000000048e-04
4.364436343634364057e+00 1.000000000000000048e-04
4.365436443644364672e+00 1.000000000000000048e-04
4.366436543654366176e+00 1.000000000000000048e-04
4.367436643664366791e+00 1.000000000000000048e-04
4.368436743674367406e+00 1.000000000000000048e-04
4.369436843684368910e+00 1.000000000000000048e-04
4.370436943694369525e+00 1.000000000000000048e-04
4.371437043704371028e+00 1.000000000000000048e-04
4.372437143714371643e+00 1.000000000000000048e-04
4.373437243724373147e+00 1.000000000000000048e-04
4.374437343734373762e+00 1.000000000000000048e-04
4.375437443744374377e+00 1.000000000000000048e-04
4.376437543754375881e+00 1.000000000000000048e-04
4.377437643764376496e+00 1.000000000000000048e-04
4.378437743774377999e+00 1.000000000000000048e-04
4.379437843784378614e+00 1.000000000000000048e-04
4.380437943794380118e+00 1.000000000000000048e-04
4.381438043804380733e+00 1.000000000000000048e-04
4.382438143814382236e+00 1.000000000000000048e-04
4.383438243824382852e+00 1.000000000000000048e-04
4.384438343834383467e+00 1.000000000000000048e-04
4.385438443844384970e+00 1.000000000000000048e-04
4.386438543854385586e+00 1.000000000000000048e-04
4.387438643864387089e+00 1.000000000000000048e-04
4.388438743874387704e+00 1.000000000000000048e-04
4.389438843884389208e+00 1.000000000000000048e-04
4.390438943894389823e+00 1.000000000000000048e-04
4.391439043904390438e+00 1.000000000000000048e-04
4.392439143914391941e+00 1.000000000000000048e-04
4.393439243924392557e+00 1.000000000000000048e-04
4.394439343934394060e+00 1.000000000000000048e-04
4.395439443944394675e+00 1.000000000000000048e-04
4.396439543954396179e+00 1.000000000000000048e-04
4.397439643964396794e+00 1.000000000000000048e-04
4.398439743974397409e+00 1.000000000000000048e-04
4.399439843984398912e+00 1.000000000000000048e-04
4.400439943994399528e+00 1.000000000000000048e-04
4.401440044004401031e+00 1.000000000000000048e-04
4.402440144014401646e+00 1.000000000000000048e-04
4.403440244024403150e+00 1.000000000000000048e-04
4.404440344034403765e+00 1.000000000000000048e-04
4.405440444044404380e+00 1.000000000000000048e-04
4.406440544054405883e+00 1.000000000000000048e-04
4.407440644064406499e+00 1.000000000000000048e-04
4.408440744074408002e+00 1.000000000000000048e-04
4.409440844084408617e+00 1.000000000000000048e-04
4.410440944094410121e+00 1.000000000000000048e-04
4.411441044104410736e+00 1.000000000000000048e-04
4.412441144114412239e+00 1.000000000000000048e-04
4.413441244124412854e+00 1.000000000000000048e-04
4.414441344134413470e+00 1.000000000000000048e-04
4.415441444144414973e+00 1.000000000000000048e-04
4.416441544154415588e+00 1.000000000000000048e-04
4.417441644164417092e+00 1.000000000000000048e-04
4.418441744174417707e+00 1.000000000000000048e-04
4.419441844184419210e+00 1.000000000000000048e-04
4.420441944194419825e+00 1.000000000000000048e-04
4.421442044204420441e+00 1.000000000000000048e-04
4.422442144214421944e+00 1.000000000000000048e-04
4.423442244224422559e+00 1.000000000000000048e-04
4.424442344234424063e+00 1.000000000000000048e-04
4.425442444244424678e+00 1.000000000000000048e-04
4.426442544254426181e+00 1.000000000000000048e-04
4.427442644264426796e+00 1.000000000000000048e-04
4.428442744274427412e+00 1.000000000000000048e-04
4.429442844284428915e+00 1.000000000000000048e-04
4.430442944294429530e+00 1.000000000000000048e-04
4.431443044304431034e+00 1.000000000000000048e-04
4.432443144314431649e+00 1.000000000000000048e-04
4.433443244324433152e+00 1.000000000000000048e-04
4.434443344334433768e+00 1.000000000000000048e-04
4.435443444344434383e+00 1.000000000000000048e-04
4.436443544354435886e+00 1.000000000000000048e-04
4.437443644364436501e+00 1.000000000000000048e-04
4.438443744374438005e+00 1.000000000000000048e-04
4.439443844384438620e+00 1.000000000000000048e-04
4.440443944394440123e+00 1.000000000000000048e-04
4.441444044404440739e+00 1.000000000000000048e-04
4.442444144414442242e+00 1.000000000000000048e-04
4.443444244424442857e+00 1.000000000000000048e-04
4.444444344434443472e+00 1.000000000000000048e-04
4.445444444444444976e+00 1.000000000000000048e-04
4.446444544454445591e+00 1.000000000000000048e-04
4.447444644464447094e+00 1.000000000000000048e-04
4.448444744474447710e+00 1.000000000000000048e-04
4.449444844484449213e+00 1.000000000000000048e-04
4.450444944494449828e+00 1.000000000000000048e-04
4.451445044504450443e+00 1.000000000000000048e-04
4.452445144514451947e+00 1.000000000000000048e-04
4.453445244524452562e+00 1.000000000000000048e-04
4.454445344534454065e+00 1.000000000000000048e-04
4.455445444544454681e+00 1.000000000000000048e-04
4.456445544554456184e+00 1.000000000000000048e-04
4.457445644564456799e+00 1.000000000000000048e-04
4.458445744574457414e+00 1.000000000000000048e-04
4.459445844584458918e+00 1.000000000000000048e-04
4.460445944594459533e+00 1.000000000000000048e-04
4.461446044604461036e+00 1.000000000000000048e-04
4.462446144614461652e+00 1.000000000000000048e-04
4.463446244624463155e+00 1.000000000000000048e-04
4.464446344634463770e+00 1.000000000000000048e-04
4.465446444644464385e+00 1.000000000000000048e-04
4.466446544654465889e+00 1.000000000000000048e-04
4.467446644664466504e+00 1.000000000000000048e-04
4.468446744674468007e+00 1.000000000000000048e-04
4.469446844684468623e+00 1.000000000000000048e-04
4.470446944694470126e+00 1.000000000000000048e-04
4.471447044704470741e+00 1.000000000000000048e-04
4.472447144714472245e+00 1.000000000000000048e-04
4.473447244724472860e+00 1.000000000000000048e-04
4.474447344734473475e+00 1.000000000000000048e-04
4.475447444744474979e+00 1.000000000000000048e-04
4.476447544754475594e+00 1.000000000000000048e-04
4.477447644764477097e+00 1.000000000000000048e-04
4.478447744774477712e+00 1.000000000000000048e-04
4.479447844784479216e+00 1.000000000000000048e-04
4.480447944794479831e+00 1.000000000000000048e-04
4.481448044804480446e+00 1.000000000000000048e-04
4.482448144814481950e+00 1.000000000000000048e-04
4.483448244824482565e+00 1.000000000000000048e-04
4.484448344834484068e+00 1.000000000000000048e-04
4.485448444844484683e+00 1.000000000000000048e-04
4.486448544854486187e+00 1.000000000000000048e-04
4.487448644864486802e+00 1.000000000000000048e-04
4.488448744874487417e+00 1.000000000000000048e-04
4.489448844884488921e+00 1.000000000000000048e-04
4.490448944894489536e+00 1.000000000000000048e-04
4.491449044904491039e+00 1.000000000000000048e-04
4.492449144914491654e+00 1.000000000000000048e-04
4.493449244924493158e+00 1.000000000000000048e-04
4.494449344934493773e+00 1.000000000000000048e-04
4.495449444944494388e+00 1.000000000000000048e-04
4.496449544954495892e+00 1.000000000000000048e-04
4.497449644964496507e+00 1.000000000000000048e-04
4.498449744974498010e+00 1.000000000000000048e-04
4.499449844984498625e+00 1.000000000000000048e-04
4.500449944994500129e+00 1.000000000000000048e-04
4.501450045004500744e+00 1.000000000000000048e-04
4.502450145014502247e+00 1.000000000000000048e-04
4.503450245024502863e+00 1.000000000000000048e-04
4.504450345034503478e+00 1.000000000000000048e-04
4.505450445044504981e+00 1.000000000000000048e-04
4.506450545054505596e+00 1.000000000000000048e-04
4.507450645064507100e+00 1.000000000000000048e-04
4.508450745074507715e+00 1.000000000000000048e-04
4.509450845084509218e+00 1.000000000000000048e-04
4.510450945094509834e+00 1.000000000000000048e-04
4.511451045104510449e+00 1.000000000000000048e-04
4.512451145114511952e+00 1.000000000000000048e-04
4.513451245124512567e+00 1.000000000000000048e-04
4.514451345134514071e+00 1.000000000000000048e-04
4.515451445144514686e+00 1.000000000000000048e-04
4.516451545154516189e+00 1.000000000000000048e-04
4.517451645164516805e+00 1.000000000000000048e-04
4.518451745174517420e+00 1.000000000000000048e-04
4.519451845184518923e+00 1.000000000000000048e-04
4.520451945194519539e+00 1.000000000000000048e-04
4.521452045204521042e+00 1.000000000000000048e-04
4.522452145214521657e+00 1.000000000000000048e-04
4.523452245224523161e+00 1.000000000000000048e-04
4.524452345234523776e+00 1.000000000000000048e-04
4.525452445244524391e+00 1.000000000000000048e-04
4.526452545254525894e+00 1.000000000000000048e-04
4.527452645264526510e+00 1.000000000000000048e-04
4.528452745274528013e+00 1.000000000000000048e-04
4.529452845284528628e+00 1.000000000000000048e-04
4.530452945294530132e+00 1.000000000000000048e-04
4.531453045304530747e+00 1.000000000000000048e-04
4.532453145314532250e+00 1.000000000000000048e-04
4.533453245324532865e+00 1.000000000000000048e-04
4.534453345334533481e+00 1.000000000000000048e-04
4.535453445344534984e+00 1.000000000000000048e-04
4.536453545354535599e+00 1.000000000000000048e-04
4.537453645364537103e+00 1.000000000000000048e-04
4.538453745374537718e+00 1.000000000000000048e-04
4.539453845384539221e+00 1.000000000000000048e-04
4.540453945394539836e+00 1.000000000000000048e-04
4.541454045404540452e+00 1.000000000000000048e-04
4.542454145414541955e+00 1.000000000000000048e-04
4.543454245424542570e+00 1.000000000000000048e-04
4.544454345434544074e+00 1.000000000000000048e-04
4.545454445444544689e+00 1.000000000000000048e-04
4.546454545454546192e+00 1.000000000000000048e-04
4.547454645464546807e+00 1.000000000000000048e-04
4.548454745474547423e+00 1.000000000000000048e-04
4.549454845484548926e+00 1.000000000000000048e-04
4.550454945494549541e+00 1.000000000000000048e-04
4.551455045504551045e+00 1.000000000000000048e-04
4.552455145514551660e+00 1.000000000000000048e-04
4.553455245524553163e+00 1.000000000000000048e-04
4.554455345534553778e+00 1.000000000000000048e-04
4.555455445544554394e+00 1.000000000000000048e-04
4.556455545554555897e+00 1.000000000000000048e-04
4.557455645564556512e+00 1.000000000000000048e-04
4.558455745574558016e+00 1.000000000000000048e-04
4.559455845584558631e+00 1.000000000000000048e-04
4.560455945594560134e+00 1.000000000000000048e-04
4.561456045604560749e+00 1.000000000000000048e-04
4.562456145614562253e+00 1.000000000000000048e-04
4.563456245624562868e+00 1.000000000000000048e-04
4.564456345634563483e+00 1.000000000000000048e-04
4.565456445644564987e+00 1.000000000000000048e-04
4.566456545654565602e+00 1.000000000000000048e-04
4.567456645664567105e+00 1.000000000000000048e-04
4.568456745674567721e+00 1.000000000000000048e-04
4.569456845684569224e+00 1.000000000000000048e-04
4.570456945694569839e+00 1.000000000000000048e-04
4.571457045704570454e+00 1.000000000000000048e-04
4.572457145714571958e+00 1.000000000000000048e-04
4.573457245724572573e+00 1.000000000000000048e-04
4.574457345734574076e+00 1.000000000000000048e-04
4.575457445744574692e+00 1.000000000000000048e-04
4.576457545754576195e+00 1.000000000000000048e-04
4.577457645764576810e+00 1.000000000000000048e-04
4.578457745774577425e+00 1.000000000000000048e-04
4.579457845784578929e+00 1.000000000000000048e-04
4.580457945794579544e+00 1.000000000000000048e-04
4.581458045804581047e+00 1.000000000000000048e-04
4.582458145814581663e+00 1.000000000000000048e-04
4.583458245824583166e+00 1.000000000000000048e-04
4.584458345834583781e+00 1.000000000000000048e-04
4.585458445844584396e+00 1.000000000000000048e-04
4.586458545854585900e+00 1.000000000000000048e-04
4.587458645864586515e+00 1.000000000000000048e-04
4.588458745874588018e+00 1.000000000000000048e-04
4.589458845884588634e+00 1.000000000000000048e-04
4.590458945894590137e+00 1.000000000000000048e-04
4.591459045904590752e+00 1.000000000000000048e-04
4.592459145914592256e+00 1.000000000000000048e-04
4.593459245924592871e+00 1.000000000000000048e-04
4.594459345934593486e+00 1.000000000000000048e-04
4.595459445944594989e+00 1.000000000000000048e-04
4.596459545954595605e+00 1.000000000000000048e-04
4.597459645964597108e+00 1.000000000000000048e-04
4.598459745974597723e+00 1.000000000000000048e-04
4.599459845984599227e+00 1.000000000000000048e-04
4.600459945994599842e+00 1.000000000000000048e-04
4.601460046004600457e+00 1.000000000000000048e-04
4.602460146014601960e+00 1.000000000000000048e-04
4.603460246024602576e+00 1.000000000000000048e-04
4.604460346034604079e+00 1.000000000000000048e-04
4.605460446044604694e+00 1.000000000000000048e-04
4.606460546054606198e+00 1.000000000000000048e-04
4.607460646064606813e+00 1.000000000000000048e-04
4.608460746074607428e+00 1.000000000000000048e-04
4.609460846084608932e+00 1.000000000000000048e-04
4.610460946094609547e+00 1.000000000000000048e-04
4.611461046104611050e+00 1.000000000000000048e-04
4.612461146114611665e+00 1.000000000000000048e-04
4.613461246124613169e+00 1.000000000000000048e-04
4.614461346134613784e+00 1.000000000000000048e-04
4.615461446144614399e+00 1.000000000000000048e-04
4.616461546154615903e+00 1.000000000000000048e-04
4.617461646164616518e+00 1.000000000000000048e-04
4.618461746174618021e+00 1.000000000000000048e-04
4.619461846184618636e+00 1.000000000000000048e-04
4.620461946194620140e+00 1.000000000000000048e-04
4.621462046204620755e+00 1.000000000000000048e-04
4.622462146214622258e+00 1.000000000000000048e-04
4.623462246224622874e+00 1.000000000000000048e-04
4.624462346234623489e+00 1.000000000000000048e-04
4.625462446244624992e+00 1.000000000000000048e-04
4.626462546254625607e+00 1.000000000000000048e-04
4.627462646264627111e+00 1.000000000000000048e-04
4.628462746274627726e+00 1.000000000000000048e-04
4.629462846284629229e+00 1.000000000000000048e-04
4.630462946294629845e+00 1.000000000000000048e-04
4.631463046304630460e+00 1.000000000000000048e-04
4.632463146314631963e+00 1.000000000000000048e-04
4.633463246324632578e+00 1.000000000000000048e-04
4.634463346334634082e+00 1.000000000000000048e-04
4.635463446344634697e+00 1.000000000000000048e-04
4.636463546354636200e+00 1.000000000000000048e-04
4.637463646364636816e+00 1.000000000000000048e-04
4.638463746374637431e+00 1.000000000000000048e-04
4.639463846384638934e+00 1.000000000000000048e-04
4.640463946394639549e+00 1.000000000000000048e-04
4.641464046404641053e+00 1.000000000000000048e-04
4.642464146414641668e+00 1.000000000000000048e-04
4.643464246424643171e+00 1.000000000000000048e-04
4.644464346434643787e+00 1.000000000000000048e-04
4.645464446444644402e+00 1.000000000000000048e-04
4.646464546454645905e+00 1.000000000000000048e-04
4.647464646464646520e+00 1.000000000000000048e-04
4.648464746474648024e+00 1.000000000000000048e-04
4.649464846484648639e+00 1.000000000000000048e-04
4.650464946494650142e+00 1.000000000000000048e-04
4.651465046504650758e+00 1.000000000000000048e-04
4.652465146514652261e+00 1.000000000000000048e-04
4.653465246524652876e+00 1.000000000000000048e-04
4.654465346534653492e+00 1.000000000000000048e-04
4.655465446544654995e+00 1.000000000000000048e-04
4.656465546554655610e+00 1.000000000000000048e-04
4.657465646564657114e+00 1.000000000000000048e-04
4.658465746574657729e+00 1.000000000000000048e-04
4.659465846584659232e+00 1.000000000000000048e-04
4.660465946594659847e+00 1.000000000000000048e-04
4.661466046604660463e+00 1.000000000000000048e-04
4.662466146614661966e+00 1.000000000000000048e-04
4.663466246624662581e+00 1.000000000000000048e-04
4.664466346634664085e+00 1.000000000000000048e-04
4.665466446644664700e+00 1.000000000000000048e-04
4.666466546654666203e+00 1.000000000000000048e-04
4.667466646664666818e+00 1.000000000000000048e-04
4.668466746674667434e+00 1.000000000000000048e-04
4.669466846684668937e+00 1.000000000000000048e-04
4.670466946694669552e+00 1.000000000000000048e-04
4.671467046704671056e+00 1.000000000000000048e-04
4.672467146714671671e+00 1.000000000000000048e-04
4.673467246724673174e+00 1.000000000000000048e-04
4.674467346734673789e+00 1.000000000000000048e-04
4.675467446744674405e+00 1.000000000000000048e-04
4.676467546754675908e+00 1.000000000000000048e-04
4.677467646764676523e+00 1.000000000000000048e-04
4.678467746774678027e+00 1.000000000000000048e-04
4.679467846784678642e+00 1.000000000000000048e-04
4.680467946794680145e+00 1.000000000000000048e-04
4.681468046804680760e+00 1.000000000000000048e-04
4.682468146814682264e+00 1.000000000000000048e-04
4.683468246824682879e+00 1.000000000000000048e-04
4.684468346834683494e+00 1.000000000000000048e-04
4.685468446844684998e+00 1.000000000000000048e-04
4.686468546854685613e+00 1.000000000000000048e-04
4.687468646864687116e+00 1.000000000000000048e-04
4.688468746874687731e+00 1.000000000000000048e-04
4.689468846884689235e+00 1.000000000000000048e-04
4.690468946894689850e+00 1.000000000000000048e-04
4.691469046904690465e+00 1.000000000000000048e-04
4.692469146914691969e+00 1.000000000000000048e-04
4.693469246924692584e+00 1.000000000000000048e-04
4.694469346934694087e+00 1.000000000000000048e-04
4.695469446944694702e+00 1.000000000000000048e-04
4.696469546954696206e+00 1.000000000000000048e-04
4.697469646964696821e+00 1.000000000000000048e-04
4.698469746974697436e+00 1.000000000000000048e-04
4.699469846984698940e+00 1.000000000000000048e-04
4.700469946994699555e+00 1.000000000000000048e-04
4.701470047004701058e+00 1.000000000000000048e-04
4.702470147014701674e+00 1.000000000000000048e-04
4.703470247024703177e+00 1.000000000000000048e-04
4.704470347034703792e+00 1.000000000000000048e-04
4.705470447044704407e+00 1.000000000000000048e-04
4.706470547054705911e+00 1.000000000000000048e-04
4.707470647064706526e+00 1.000000000000000048e-04
4.708470747074708029e+00 1.000000000000000048e-04
4.709470847084708645e+00 1.000000000000000048e-04
4.710470947094710148e+00 1.000000000000000048e-04
4.711471047104710763e+00 1.000000000000000048e-04
4.712471147114712267e+00 1.000000000000000048e-04
4.713471247124712882e+00 1.000000000000000048e-04
4.714471347134713497e+00 1.000000000000000048e-04
4.715471447144715000e+00 1.000000000000000048e-04
4.716471547154715616e+00 1.000000000000000048e-04
4.717471647164717119e+00 1.000000000000000048e-04
4.718471747174717734e+00 1.000000000000000048e-04
4.719471847184719238e+00 1.000000000000000048e-04
4.720471947194719853e+00 1.000000000000000048e-04
4.721472047204720468e+00 1.000000000000000048e-04
4.722472147214721971e+00 1.000000000000000048e-04
4.723472247224722587e+00 1.000000000000000048e-04
4.724472347234724090e+00 1.000000000000000048e-04
4.725472447244724705e+00 1.000000000000000048e-04
4.726472547254726209e+00 1.000000000000000048e-04
4.727472647264726824e+00 1.000000000000000048e-04
4.728472747274727439e+00 1.000000000000000048e-04
4.729472847284728942e+00 1.000000000000000048e-04
4.730472947294729558e+00 1.000000000000000048e-04
4.731473047304731061e+00 1.000000000000000048e-04
4.732473147314731676e+00 1.000000000000000048e-04
4.733473247324733180e+00 1.000000000000000048e-04
4.734473347334733795e+00 1.000000000000000048e-04
4.735473447344734410e+00 1.000000000000000048e-04
4.736473547354735913e+00 1.000000000000000048e-04
4.737473647364736529e+00 1.000000000000000048e-04
4.738473747374738032e+00 1.000000000000000048e-04
4.739473847384738647e+00 1.000000000000000048e-04
4.740473947394740151e+00 1.000000000000000048e-04
4.741474047404740766e+00 1.000000000000000048e-04
4.742474147414742269e+00 1.000000000000000048e-04
4.743474247424742885e+00 1.000000000000000048e-04
4.744474347434743500e+00 1.000000000000000048e-04
4.745474447444745003e+00 1.000000000000000048e-04
4.746474547454745618e+00 1.000000000000000048e-04
4.747474647464747122e+00 1.000000000000000048e-04
4.748474747474747737e+00 1.000000000000000048e-04
4.749474847484749240e+00 1.000000000000000048e-04
4.750474947494749856e+00 1.000000000000000048e-04
4.751475047504750471e+00 1.000000000000000048e-04
4.752475147514751974e+00 1.000000000000000048e-04
4.753475247524752589e+00 1.000000000000000048e-04
4.754475347534754093e+00 1.000000000000000048e-04
4.755475447544754708e+00 1.000000000000000048e-04
4.756475547554756211e+00 1.000000000000000048e-04
4.757475647564756827e+00 1.000000000000000048e-04
4.758475747574757442e+00 1.000000000000000048e-04
4.759475847584758945e+00 1.000000000000000048e-04
4.760475947594759560e+00 1.000000000000000048e-04
4.761476047604761064e+00 1.000000000000000048e-04
4.762476147614761679e+00 1.000000000000000048e-04
4.763476247624763182e+00 1.000000000000000048e-04
4.764476347634763798e+00 1.000000000000000048e-04
4.765476447644764413e+00 1.000000000000000048e-04
4.766476547654765916e+00 1.000000000000000048e-04
4.767476647664766531e+00 1.000000000000000048e-04
4.768476747674768035e+00 1.000000000000000048e-04
4.769476847684768650e+00 1.000000000000000048e-04
4.770476947694770153e+00 1.000000000000000048e-04
4.771477047704770769e+00 1.000000000000000048e-04
4.772477147714772272e+00 1.000000000000000048e-04
4.773477247724772887e+00 1.000000000000000048e-04
4.774477347734773502e+00 1.000000000000000048e-04
4.775477447744775006e+00 1.000000000000000048e-04
4.776477547754775621e+00 1.000000000000000048e-04
4.777477647764777124e+00 1.000000000000000048e-04
4.778477747774777740e+00 1.000000000000000048e-04
4.779477847784779243e+00 1.000000000000000048e-04
4.780477947794779858e+00 1.000000000000000048e-04
4.781478047804780473e+00 1.000000000000000048e-04
4.782478147814781977e+00 1.000000000000000048e-04
4.783478247824782592e+00 1.000000000000000048e-04
4.784478347834784095e+00 1.000000000000000048e-04
4.785478447844784711e+00 1.000000000000000048e-04
4.786478547854786214e+00 1.000000000000000048e-04
4.787478647864786829e+00 1.000000000000000048e-04
4.788478747874787445e+00 1.000000000000000048e-04
4.789478847884788948e+00 1.000000000000000048e-04
4.790478947894789563e+00 1.000000000000000048e-04
4.791479047904791067e+00 1.000000000000000048e-04
4.792479147914791682e+00 1.000000000000000048e-04
4.793479247924793185e+00 1.000000000000000048e-04
4.794479347934793800e+00 1.000000000000000048e-04
4.795479447944794416e+00 1.000000000000000048e-04
4.796479547954795919e+00 1.000000000000000048e-04
4.797479647964796534e+00 1.000000000000000048e-04
4.798479747974798038e+00 1.000000000000000048e-04
4.799479847984798653e+00 1.000000000000000048e-04
4.800479947994800156e+00 1.000000000000000048e-04
4.801480048004800771e+00 1.000000000000000048e-04
4.802480148014802275e+00 1.000000000000000048e-04
4.803480248024802890e+00 1.000000000000000048e-04
4.804480348034803505e+00 1.000000000000000048e-04
4.805480448044805009e+00 1.000000000000000048e-04
4.806480548054805624e+00 1.000000000000000048e-04
4.807480648064807127e+00 1.000000000000000048e-04
4.808480748074807742e+00 1.000000000000000048e-04
4.809480848084809246e+00 1.000000000000000048e-04
4.810480948094809861e+00 1.000000000000000048e-04
4.811481048104810476e+00 1.000000000000000048e-04
4.812481148114811980e+00 1.000000000000000048e-04
4.813481248124812595e+00 1.000000000000000048e-04
4.814481348134814098e+00 1.000000000000000048e-04
4.815481448144814713e+00 1.000000000000000048e-04
4.816481548154816217e+00 1.000000000000000048e-04
4.817481648164816832e+00 1.000000000000000048e-04
4.818481748174817447e+00 1.000000000000000048e-04
4.819481848184818951e+00 1.000000000000000048e-04
4.820481948194819566e+00 1.000000000000000048e-04
4.821482048204821069e+00 1.000000000000000048e-04
4.822482148214821684e+00 1.000000000000000048e-04
4.823482248224823188e+00 1.000000000000000048e-04
4.824482348234823803e+00 1.000000000000000048e-04
4.825482448244824418e+00 1.000000000000000048e-04
4.826482548254825922e+00 1.000000000000000048e-04
4.827482648264826537e+00 1.000000000000000048e-04
4.828482748274828040e+00 1.000000000000000048e-04
4.829482848284828655e+00 1.000000000000000048e-04
4.830482948294830159e+00 1.000000000000000048e-04
4.831483048304830774e+00 1.000000000000000048e-04
4.832483148314832277e+00 1.000000000000000048e-04
4.833483248324832893e+00 1.000000000000000048e-04
4.834483348334833508e+00 1.000000000000000048e-04
4.835483448344835011e+00 1.000000000000000048e-04
4.836483548354835627e+00 1.000000000000000048e-04
4.837483648364837130e+00 1.000000000000000048e-04
4.838483748374837745e+00 1.000000000000000048e-04
4.839483848384839249e+00 1.000000000000000048e-04
4.840483948394839864e+00 1.000000000000000048e-04
4.841484048404840479e+00 1.000000000000000048e-04
4.842484148414841982e+00 1.000000000000000048e-04
4.843484248424842598e+00 1.000000000000000048e-04
4.844484348434844101e+00 1.000000000000000048e-04
4.845484448444844716e+00 1.000000000000000048e-04
4.846484548454846220e+00 1.000000000000000048e-04
4.847484648464846835e+00 1.000000000000000048e-04
4.848484748474847450e+00 1.000000000000000048e-04
4.849484848484848953e+00 1.000000000000000048e-04
4.850484948494849569e+00 1.000000000000000048e-04
4.851485048504851072e+00 1.000000000000000048e-04
4.852485148514851687e+00 1.000000000000000048e-04
4.853485248524853191e+00 1.000000000000000048e-04
4.854485348534853806e+00 1.000000000000000048e-04
4.855485448544854421e+00 1.000000000000000048e-04
4.856485548554855924e+00 1.000000000000000048e-04
4.857485648564856540e+00 1.000000000000000048e-04
4.858485748574858043e+00 1.000000000000000048e-04
4.859485848584858658e+00 1.000000000000000048e-04
4.860485948594860162e+00 1.000000000000000048e-04
4.861486048604860777e+00 1.000000000000000048e-04
4.862486148614862280e+00 1.000000000000000048e-04
4.863486248624862895e+00 1.000000000000000048e-04
4.864486348634863511e+00 1.000000000000000048e-04
4.865486448644865014e+00 1.000000000000000048e-04
4.866486548654865629e+00 1.000000000000000048e-04
4.867486648664867133e+00 1.000000000000000048e-04
4.868486748674867748e+00 1.000000000000000048e-04
4.869486848684869251e+00 1.000000000000000048e-04
4.870486948694869866e+00 1.000000000000000048e-04
4.871487048704870482e+00 1.000000000000000048e-04
4.872487148714871985e+00 1.000000000000000048e-04
4.873487248724872600e+00 1.000000000000000048e-04
4.874487348734874104e+00 1.000000000000000048e-04
4.875487448744874719e+00 1.000000000000000048e-04
4.876487548754876222e+00 1.000000000000000048e-04
4.877487648764876838e+00 1.000000000000000048e-04
4.878487748774877453e+00 1.000000000000000048e-04
4.879487848784878956e+00 1.000000000000000048e-04
4.880487948794879571e+00 1.000000000000000048e-04
4.881488048804881075e+00 1.000000000000000048e-04
4.882488148814881690e+00 1.000000000000000048e-04
4.883488248824883193e+00 1.000000000000000048e-04
4.884488348834883809e+00 1.000000000000000048e-04
4.885488448844884424e+00 1.000000000000000048e-04
4.886488548854885927e+00 1.000000000000000048e-04
4.887488648864886542e+00 1.000000000000000048e-04
4.888488748874888046e+00 1.000000000000000048e-04
4.889488848884888661e+00 1.000000000000000048e-04
4.890488948894890164e+00 1.000000000000000048e-04
4.891489048904890780e+00 1.000000000000000048e-04
4.892489148914892283e+00 1.000000000000000048e-04
4.893489248924892898e+00 1.000000000000000048e-04
4.894489348934893513e+00 1.000000000000000048e-04
4.895489448944895017e+00 1.000000000000000048e-04
4.896489548954895632e+00 1.000000000000000048e-04
4.897489648964897135e+00 1.000000000000000048e-04
4.898489748974897751e+00 1.000000000000000048e-04
4.899489848984899254e+00 1.000000000000000048e-04
4.900489948994899869e+00 1.000000000000000048e-04
4.901490049004900484e+00 1.000000000000000048e-04
4.902490149014901988e+00 1.000000000000000048e-04
4.903490249024902603e+00 1.000000000000000048e-04
4.904490349034904106e+00 1.000000000000000048e-04
4.905490449044904722e+00 1.000000000000000048e-04
4.906490549054906225e+00 1.000000000000000048e-04
4.907490649064906840e+00 1.000000000000000048e-04
4.908490749074907455e+00 1.000000000000000048e-04
4.909490849084908959e+00 1.000000000000000048e-04
4.910490949094909574e+00 1.000000000000000048e-04
4.911491049104911077e+00 1.000000000000000048e-04
4.912491149114911693e+00 1.000000000000000048e-04
4.913491249124913196e+00 1.000000000000000048e-04
4.914491349134913811e+00 1.000000000000000048e-04
4.915491449144914426e+00 1.000000000000000048e-04
4.916491549154915930e+00 1.000000000000000048e-04
4.917491649164916545e+00 1.000000000000000048e-04
4.918491749174918048e+00 1.000000000000000048e-04
4.919491849184918664e+00 1.000000000000000048e-04
4.920491949194920167e+00 1.000000000000000048e-04
4.921492049204920782e+00 1.000000000000000048e-04
4.922492149214922286e+00 1.000000000000000048e-04
4.923492249224922901e+00 1.000000000000000048e-04
4.924492349234923516e+00 1.000000000000000048e-04
4.925492449244925020e+00 1.000000000000000048e-04
4.926492549254925635e+00 1.000000000000000048e-04
4.927492649264927138e+00 1.000000000000000048e-04
4.928492749274927753e+00 1.000000000000000048e-04
4.929492849284929257e+00 1.000000000000000048e-04
4.930492949294929872e+00 1.000000000000000048e-04
4.931493049304930487e+00 1.000000000000000048e-04
4.932493149314931991e+00 1.000000000000000048e-04
4.933493249324932606e+00 1.000000000000000048e-04
4.934493349334934109e+00 1.000000000000000048e-04
4.935493449344934724e+00 1.000000000000000048e-04
4.936493549354936228e+00 1.000000000000000048e-04
4.937493649364936843e+00 1.000000000000000048e-04
4.938493749374937458e+00 1.000000000000000048e-04
4.939493849384938962e+00 1.000000000000000048e-04
4.940493949394939577e+00 1.000000000000000048e-04
4.941494049404941080e+00 1.000000000000000048e-04
4.942494149414941695e+00 1.000000000000000048e-04
4.943494249424943199e+00 1.000000000000000048e-04
4.944494349434943814e+00 1.000000000000000048e-04
4.945494449444944429e+00 1.000000000000000048e-04
4.946494549454945933e+00 1.000000000000000048e-04
4.947494649464946548e+00 1.000000000000000048e-04
4.948494749474948051e+00 1.000000000000000048e-04
4.949494849484948666e+00 1.000000000000000048e-04
4.950494949494950170e+00 1.000000000000000048e-04
4.951495049504950785e+00 1.000000000000000048e-04
4.952495149514952288e+00 1.000000000000000048e-04
4.953495249524952904e+00 1.000000000000000048e-04
4.954495349534953519e+00 1.000000000000000048e-04
4.955495449544955022e+00 1.000000000000000048e-04
4.956495549554955637e+00 1.000000000000000048e-04
4.957495649564957141e+00 1.000000000000000048e-04
4.958495749574957756e+00 1.000000000000000048e-04
4.959495849584959259e+00 1.000000000000000048e-04
4.960495949594959875e+00 1.000000000000000048e-04
4.961496049604960490e+00 1.000000000000000048e-04
4.962496149614961993e+00 1.000000000000000048e-04
4.963496249624962608e+00 1.000000000000000048e-04
4.964496349634964112e+00 1.000000000000000048e-04
4.965496449644964727e+00 1.000000000000000048e-04
4.966496549654966230e+00 1.000000000000000048e-04
4.967496649664966846e+00 1.000000000000000048e-04
4.968496749674967461e+00 1.000000000000000048e-04
4.969496849684968964e+00 1.000000000000000048e-04
4.970496949694969580e+00 1.000000000000000048e-04
4.971497049704971083e+00 1.000000000000000048e-04
4.972497149714971698e+00 1.000000000000000048e-04
4.973497249724973202e+00 1.000000000000000048e-04
4.974497349734973817e+00 1.000000000000000048e-04
4.975497449744974432e+00 1.000000000000000048e-04
4.976497549754975935e+00 1.000000000000000048e-04
4.977497649764976551e+00 1.000000000000000048e-04
4.978497749774978054e+00 1.000000000000000048e-04
4.979497849784978669e+00 1.000000000000000048e-04
4.980497949794980173e+00 1.000000000000000048e-04
4.981498049804980788e+00 1.000000000000000048e-04
4.982498149814982291e+00 1.000000000000000048e-04
4.983498249824982906e+00 1.000000000000000048e-04
4.984498349834983522e+00 1.000000000000000048e-04
4.985498449844985025e+00 1.000000000000000048e-04
4.986498549854985640e+00 1.000000000000000048e-04
4.987498649864987144e+00 1.000000000000000048e-04
4.988498749874987759e+00 1.000000000000000048e-04
4.989498849884989262e+00 1.000000000000000048e-04
4.990498949894989877e+00 1.000000000000000048e-04
4.991499049904990493e+00 1.000000000000000048e-04
4.992499149914991996e+00 1.000000000000000048e-04
4.993499249924992611e+00 1.000000000000000048e-04
4.994499349934994115e+00 1.000000000000000048e-04
4.995499449944994730e+00 1.000000000000000048e-04
4.996499549954996233e+00 1.000000000000000048e-04
4.997499649964996848e+00 1.000000000000000048e-04
4.998499749974997464e+00 1.000000000000000048e-04
4.999499849984998967e+00 1.000000000000000048e-04
5.000499949994999582e+00 1.000000000000000048e-04
5.001500050005001086e+00 1.000000000000000048e-04
5.002500150015001701e+00 1.000000000000000048e-04
5.003500250025003204e+00 1.000000000000000048e-04
5.004500350035003819e+00 1.000000000000000048e-04
5.005500450045004435e+00 1.000000000000000048e-04
5.006500550055005938e+00 1.000000000000000048e-04
5.007500650065006553e+00 1.000000000000000048e-04
5.008500750075008057e+00 1.000000000000000048e-04
5.009500850085008672e+00 1.000000000000000048e-04
5.010500950095010175e+00 1.000000000000000048e-04
5.011501050105010791e+00 1.000000000000000048e-04
5.012501150115012294e+00 1.000000000000000048e-04
5.013501250125012909e+00 1.000000000000000048e-04
5.014501350135013524e+00 1.000000000000000048e-04
5.015501450145015028e+00 1.000000000000000048e-04
5.016501550155015643e+00 1.000000000000000048e-04
5.017501650165017146e+00 1.000000000000000048e-04
5.018501750175017762e+00 1.000000000000000048e-04
5.019501850185019265e+00 1.000000000000000048e-04
5.020501950195019880e+00 1.000000000000000048e-04
5.021502050205020495e+00 1.000000000000000048e-04
5.022502150215021999e+00 1.000000000000000048e-04
5.023502250225022614e+00 1.000000000000000048e-04
5.024502350235024117e+00 1.000000000000000048e-04
5.025502450245024733e+00 1.000000000000000048e-04
5.026502550255026236e+00 1.000000000000000048e-04
5.027502650265026851e+00 1.000000000000000048e-04
5.028502750275027466e+00 1.000000000000000048e-04
5.029502850285028970e+00 1.000000000000000048e-04
5.030502950295029585e+00 1.000000000000000048e-04
5.031503050305031088e+00 1.000000000000000048e-04
5.032503150315031704e+00 1.000000000000000048e-04
5.033503250325033207e+00 1.000000000000000048e-04
5.034503350335033822e+00 1.000000000000000048e-04
5.035503450345034437e+00 1.000000000000000048e-04
5.036503550355035941e+00 1.000000000000000048e-04
5.037503650365036556e+00 1.000000000000000048e-04
5.038503750375038059e+00 1.000000000000000048e-04
5.039503850385038675e+00 1.000000000000000048e-04
5.040503950395040178e+00 1.000000000000000048e-04
5.041504050405040793e+00 1.000000000000000048e-04
5.042504150415042297e+00 1.000000000000000048e-04
5.043504250425042912e+00 1.000000000000000048e-04
5.044504350435043527e+00 1.000000000000000048e-04
5.045504450445045030e+00 1.000000000000000048e-04
5.046504550455045646e+00 1.000000000000000048e-04
5.047504650465047149e+00 1.000000000000000048e-04
5.048504750475047764e+00 1.000000000000000048e-04
5.049504850485049268e+00 1.000000000000000048e-04
5.050504950495049883e+00 1.000000000000000048e-04
5.051505050505050498e+00 1.000000000000000048e-04
5.052505150515052001e+00 1.000000000000000048e-04
5.053505250525052617e+00 1.000000000000000048e-04
5.054505350535054120e+00 1.000000000000000048e-04
5.055505450545054735e+00 1.000000000000000048e-04
5.056505550555056239e+00 1.000000000000000048e-04
5.057505650565056854e+00 1.000000000000000048e-04
5.058505750575057469e+00 1.000000000000000048e-04
5.059505850585058973e+00 1.000000000000000048e-04
5.060505950595059588e+00 1.000000000000000048e-04
5.061506050605061091e+00 1.000000000000000048e-04
5.062506150615061706e+00 1.000000000000000048e-04
5.063506250625063210e+00 1.000000000000000048e-04
5.064506350635063825e+00 1.000000000000000048e-04
5.065506450645064440e+00 1.000000000000000048e-04
5.066506550655065944e+00 1.000000000000000048e-04
5.067506650665066559e+00 1.000000000000000048e-04
5.068506750675068062e+00 1.000000000000000048e-04
5.069506850685068677e+00 1.000000000000000048e-04
5.070506950695070181e+00 1.000000000000000048e-04
5.071507050705070796e+00 1.000000000000000048e-04
5.072507150715072299e+00 1.000000000000000048e-04
5.073507250725072915e+00 1.000000000000000048e-04
5.074507350735073530e+00 1.000000000000000048e-04
5.075507450745075033e+00 1.000000000000000048e-04
5.076507550755075648e+00 1.000000000000000048e-04
5.077507650765077152e+00 1.000000000000000048e-04
5.078507750775077767e+00 1.000000000000000048e-04
5.079507850785079270e+00 1.000000000000000048e-04
5.080507950795079886e+00 1.000000000000000048e-04
5.081508050805080501e+00 1.000000000000000048e-04
5.082508150815082004e+00 1.000000000000000048e-04
5.083508250825082619e+00 1.000000000000000048e-04
5.084508350835084123e+00 1.000000000000000048e-04
5.085508450845084738e+00 1.000000000000000048e-04
5.086508550855086241e+00 1.000000000000000048e-04
5.087508650865086857e+00 1.000000000000000048e-04
5.088508750875087472e+00 1.000000000000000048e-04
5.089508850885088975e+00 1.000000000000000048e-04
5.090508950895089590e+00 1.000000000000000048e-04
5.091509050905091094e+00 1.000000000000000048e-04
5.092509150915091709e+00 1.000000000000000048e-04
5.093509250925093212e+00 1.000000000000000048e-04
5.094509350935093828e+00 1.000000000000000048e-04
5.095509450945094443e+00 1.000000000000000048e-04
5.096509550955095946e+00 1.000000000000000048e-04
5.097509650965096561e+00 1.000000000000000048e-04
5.098509750975098065e+00 1.000000000000000048e-04
5.099509850985098680e+00 1.000000000000000048e-04
5.100509950995100183e+00 1.000000000000000048e-04
5.101510051005100799e+00 1.000000000000000048e-04
5.102510151015102302e+00 1.000000000000000048e-04
5.103510251025102917e+00 1.000000000000000048e-04
5.104510351035103533e+00 1.000000000000000048e-04
5.105510451045105036e+00 1.000000000000000048e-04
5.106510551055105651e+00 1.000000000000000048e-04
5.107510651065107155e+00 1.000000000000000048e-04
5.108510751075107770e+00 1.000000000000000048e-04
5.109510851085109273e+00 1.000000000000000048e-04
5.110510951095109888e+00 1.000000000000000048e-04
5.111511051105110504e+00 1.000000000000000048e-04
5.112511151115112007e+00 1.000000000000000048e-04
5.113511251125112622e+00 1.000000000000000048e-04
5.114511351135114126e+00 1.000000000000000048e-04
5.115511451145114741e+00 1.000000000000000048e-04
5.116511551155116244e+00 1.000000000000000048e-04
5.117511651165116859e+00 1.000000000000000048e-04
5.118511751175117475e+00 1.000000000000000048e-04
5.119511851185118978e+00 1.000000000000000048e-04
5.120511951195119593e+00 1.000000000000000048e-04
5.121512051205121097e+00 1.000000000000000048e-04
5.122512151215121712e+00 1.000000000000000048e-04
5.123512251225123215e+00 1.000000000000000048e-04
5.124512351235123830e+00 1.000000000000000048e-04
5.125512451245124446e+00 1.000000000000000048e-04
5.126512551255125949e+00 1.000000000000000048e-04
5.127512651265126564e+00 1.000000000000000048e-04
5.128512751275128068e+00 1.000000000000000048e-04
5.129512851285128683e+00 1.000000000000000048e-04
5.130512951295130186e+00 1.000000000000000048e-04
5.131513051305130801e+00 1.000000000000000048e-04
5.132513151315132305e+00 1.000000000000000048e-04
5.133513251325132920e+00 1.000000000000000048e-04
5.134513351335133535e+00 1.000000000000000048e-04
5.135513451345135039e+00 1.000000000000000048e-04
5.136513551355135654e+00 1.000000000000000048e-04
5.137513651365137157e+00 1.000000000000000048e-04
5.138513751375137772e+00 1.000000000000000048e-04
5.139513851385139276e+00 1.000000000000000048e-04
5.140513951395139891e+00 1.000000000000000048e-04
5.141514051405140506e+00 1.000000000000000048e-04
5.142514151415142010e+00 1.000000000000000048e-04
5.143514251425142625e+00 1.000000000000000048e-04
5.144514351435144128e+00 1.000000000000000048e-04
5.145514451445144744e+00 1.000000000000000048e-04
5.146514551455146247e+00 1.000000000000000048e-04
5.147514651465146862e+00 1.000000000000000048e-04
5.148514751475147477e+00 1.000000000000000048e-04
5.149514851485148981e+00 1.000000000000000048e-04
5.150514951495149596e+00 1.000000000000000048e-04
5.151515051505151099e+00 1.000000000000000048e-04
5.152515151515151715e+00 1.000000000000000048e-04
5.153515251525153218e+00 1.000000000000000048e-04
5.154515351535153833e+00 1.000000000000000048e-04
5.155515451545154448e+00 1.000000000000000048e-04
5.156515551555155952e+00 1.000000000000000048e-04
5.157515651565156567e+00 1.000000000000000048e-04
5.158515751575158070e+00 1.000000000000000048e-04
5.159515851585158686e+00 1.000000000000000048e-04
5.160515951595160189e+00 1.000000000000000048e-04
5.161516051605160804e+00 1.000000000000000048e-04
5.162516151615162308e+00 1.000000000000000048e-04
5.163516251625162923e+00 1.000000000000000048e-04
5.164516351635163538e+00 1.000000000000000048e-04
5.165516451645165041e+00 1.000000000000000048e-04
5.166516551655165657e+00 1.000000000000000048e-04
5.167516651665167160e+00 1.000000000000000048e-04
5.168516751675167775e+00 1.000000000000000048e-04
5.169516851685169279e+00 1.000000000000000048e-04
5.170516951695169894e+00 1.000000000000000048e-04
5.171517051705170509e+00 1.000000000000000048e-04
5.172517151715172012e+00 1.000000000000000048e-04
5.173517251725172628e+00 1.000000000000000048e-04
5.174517351735174131e+00 1.000000000000000048e-04
5.175517451745174746e+00 1.000000000000000048e-04
5.176517551755176250e+00 1.000000000000000048e-04
5.177517651765176865e+00 1.000000000000000048e-04
5.178517751775177480e+00 1.000000000000000048e-04
5.179517851785178983e+00 1.000000000000000048e-04
5.180517951795179599e+00 1.000000000000000048e-04
5.181518051805181102e+00 1.000000000000000048e-04
5.182518151815181717e+00 1.000000000000000048e-04
5.183518251825183221e+00 1.000000000000000048e-04
5.184518351835183836e+00 1.000000000000000048e-04
5.185518451845184451e+00 1.000000000000000048e-04
5.186518551855185954e+00 1.000000000000000048e-04
5.187518651865186570e+00 1.000000000000000048e-04
5.188518751875188073e+00 1.000000000000000048e-04
5.189518851885188688e+00 1.000000000000000048e-04
5.190518951895190192e+00 1.000000000000000048e-04
5.191519051905190807e+00 1.000000000000000048e-04
5.192519151915192310e+00 1.000000000000000048e-04
5.193519251925192926e+00 1.000000000000000048e-04
5.194519351935193541e+00 1.000000000000000048e-04
5.195519451945195044e+00 1.000000000000000048e-04
5.196519551955195659e+00 1.000000000000000048e-04
5.197519651965197163e+00 1.000000000000000048e-04
5.198519751975197778e+00 1.000000000000000048e-04
5.199519851985199281e+00 1.000000000000000048e-04
5.200519951995199897e+00 1.000000000000000048e-04
5.201520052005200512e+00 1.000000000000000048e-04
5.202520152015202015e+00 1.000000000000000048e-04
5.203520252025202630e+00 1.000000000000000048e-04
5.204520352035204134e+00 1.000000000000000048e-04
5.205520452045204749e+00 1.000000000000000048e-04
5.206520552055206252e+00 1.000000000000000048e-04
5.207520652065206868e+00 1.000000000000000048e-04
5.208520752075207483e+00 1.000000000000000048e-04
5.209520852085208986e+00 1.000000000000000048e-04
5.210520952095209601e+00 1.000000000000000048e-04
5.211521052105211105e+00 1.000000000000000048e-04
5.212521152115211720e+00 1.000000000000000048e-04
5.213521252125213223e+00 1.000000000000000048e-04
5.214521352135213839e+00 1.000000000000000048e-04
5.215521452145214454e+00 1.000000000000000048e-04
5.216521552155215957e+00 1.000000000000000048e-04
5.217521652165216572e+00 1.000000000000000048e-04
5.218521752175218076e+00 1.000000000000000048e-04
5.219521852185218691e+00 1.000000000000000048e-04
5.220521952195220194e+00 1.000000000000000048e-04
5.221522052205220810e+00 1.000000000000000048e-04
5.222522152215222313e+00 1.000000000000000048e-04
5.223522252225222928e+00 1.000000000000000048e-04
5.224522352235223543e+00 1.000000000000000048e-04
5.225522452245225047e+00 1.000000000000000048e-04
5.226522552255225662e+00 1.000000000000000048e-04
5.227522652265227165e+00 1.000000000000000048e-04
5.228522752275227781e+00 1.000000000000000048e-04
5.229522852285229284e+00 1.000000000000000048e-04
5.230522952295229899e+00 1.000000000000000048e-04
5.231523052305230514e+00 1.000000000000000048e-04
5.232523152315232018e+00 1.000000000000000048e-04
5.233523252325232633e+00 1.000000000000000048e-04
5.234523352335234136e+00 1.000000000000000048e-04
5.235523452345234752e+00 1.000000000000000048e-04
5.236523552355236255e+00 1.000000000000000048e-04
5.237523652365236870e+00 1.000000000000000048e-04
5.238523752375237486e+00 1.000000000000000048e-04
5.239523852385238989e+00 1.000000000000000048e-04
5.240523952395239604e+00 1.000000000000000048e-04
5.241524052405241108e+00 1.000000000000000048e-04
5.242524152415241723e+00 1.000000000000000048e-04
5.243524252425243226e+00 1.000000000000000048e-04
5.244524352435243841e+00 1.000000000000000048e-04
5.245524452445244457e+00 1.000000000000000048e-04
5.246524552455245960e+00 1.000000000000000048e-04
5.247524652465246575e+00 1.000000000000000048e-04
5.248524752475248079e+00 1.000000000000000048e-04
5.249524852485248694e+00 1.000000000000000048e-04
5.250524952495250197e+00 1.000000000000000048e-04
5.251525052505250812e+00 1.000000000000000048e-04
5.252525152515252316e+00 1.000000000000000048e-04
5.253525252525252931e+00 1.000000000000000048e-04
5.254525352535253546e+00 1.000000000000000048e-04
5.255525452545255050e+00 1.000000000000000048e-04
5.256525552555255665e+00 1.000000000000000048e-04
5.257525652565257168e+00 1.000000000000000048e-04
5.258525752575257783e+00 1.000000000000000048e-04
5.259525852585259287e+00 1.000000000000000048e-04
5.260525952595259902e+00 1.000000000000000048e-04
5.261526052605260517e+00 1.000000000000000048e-04
5.262526152615262021e+00 1.000000000000000048e-04
5.263526252625262636e+00 1.000000000000000048e-04
5.264526352635264139e+00 1.000000000000000048e-04
5.265526452645264754e+00 1.000000000000000048e-04
5.266526552655266258e+00 1.000000000000000048e-04
5.267526652665266873e+00 1.000000000000000048e-04
5.268526752675267488e+00 1.000000000000000048e-04
5.269526852685268992e+00 1.000000000000000048e-04
5.270526952695269607e+00 1.000000000000000048e-04
5.271527052705271110e+00 1.000000000000000048e-04
5.272527152715271725e+00 1.000000000000000048e-04
5.273527252725273229e+00 1.000000000000000048e-04
5.274527352735273844e+00 1.000000000000000048e-04
5.275527452745274459e+00 1.000000000000000048e-04
5.276527552755275963e+00 1.000000000000000048e-04
5.277527652765276578e+00 1.000000000000000048e-04
5.278527752775278081e+00 1.000000000000000048e-04
5.279527852785278697e+00 1.000000000000000048e-04
5.280527952795280200e+00 1.000000000000000048e-04
5.281528052805280815e+00 1.000000000000000048e-04
5.282528152815282318e+00 1.000000000000000048e-04
5.283528252825282934e+00 1.000000000000000048e-04
5.284528352835283549e+00 1.000000000000000048e-04
5.285528452845285052e+00 1.000000000000000048e-04
5.286528552855285668e+00 1.000000000000000048e-04
5.287528652865287171e+00 1.000000000000000048e-04
5.288528752875287786e+00 1.000000000000000048e-04
5.289528852885289290e+00 1.000000000000000048e-04
5.290528952895289905e+00 1.000000000000000048e-04
5.291529052905290520e+00 1.000000000000000048e-04
5.292529152915292023e+00 1.000000000000000048e-04
5.293529252925292639e+00 1.000000000000000048e-04
5.294529352935294142e+00 1.000000000000000048e-04
5.295529452945294757e+00 1.000000000000000048e-04
5.296529552955296261e+00 1.000000000000000048e-04
5.297529652965296876e+00 1.000000000000000048e-04
5.298529752975297491e+00 1.000000000000000048e-04
5.299529852985298994e+00 1.000000000000000048e-04
5.300529952995299610e+00 1.000000000000000048e-04
5.301530053005301113e+00 1.000000000000000048e-04
5.302530153015301728e+00 1.000000000000000048e-04
5.303530253025303232e+00 1.000000000000000048e-04
5.304530353035303847e+00 1.000000000000000048e-04
5.305530453045304462e+00 1.000000000000000048e-04
5.306530553055305965e+00 1.000000000000000048e-04
5.307530653065306581e+00 1.000000000000000048e-04
5.308530753075308084e+00 1.000000000000000048e-04
5.309530853085308699e+00 1.000000000000000048e-04
5.310530953095310203e+00 1.000000000000000048e-04
5.311531053105310818e+00 1.000000000000000048e-04
5.312531153115312321e+00 1.000000000000000048e-04
5.313531253125312936e+00 1.000000000000000048e-04
5.314531353135313552e+00 1.000000000000000048e-04
5.315531453145315055e+00 1.000000000000000048e-04
5.316531553155315670e+00 1.000000000000000048e-04
5.317531653165317174e+00 1.000000000000000048e-04
5.318531753175317789e+00 1.000000000000000048e-04
5.319531853185319292e+00 1.000000000000000048e-04
5.320531953195319907e+00 1.000000000000000048e-04
5.321532053205320523e+00 1.000000000000000048e-04
5.322532153215322026e+00 1.000000000000000048e-04
5.323532253225322641e+00 1.000000000000000048e-04
5.324532353235324145e+00 1.000000000000000048e-04
5.325532453245324760e+00 1.000000000000000048e-04
5.326532553255326263e+00 1.000000000000000048e-04
5.327532653265326879e+00 1.000000000000000048e-04
5.328532753275327494e+00 1.000000000000000048e-04
5.329532853285328997e+00 1.000000000000000048e-04
5.330532953295329612e+00 1.000000000000000048e-04
5.331533053305331116e+00 1.000000000000000048e-04
5.332533153315331731e+00 1.000000000000000048e-04
5.333533253325333234e+00 1.000000000000000048e-04
5.334533353335333850e+00 1.000000000000000048e-04
5.335533453345334465e+00 1.000000000000000048e-04
5.336533553355335968e+00 1.000000000000000048e-04
5.337533653365336583e+00 1.000000000000000048e-04
5.338533753375338087e+00 1.000000000000000048e-04
5.339533853385338702e+00 1.000000000000000048e-04
5.340533953395340205e+00 1.000000000000000048e-04
5.341534053405340821e+00 1.000000000000000048e-04
5.342534153415342324e+00 1.000000000000000048e-04
5.343534253425342939e+00 1.000000000000000048e-04
5.344534353435343554e+00 1.000000000000000048e-04
5.345534453445345058e+00 1.000000000000000048e-04
5.346534553455345673e+00 1.000000000000000048e-04
5.347534653465347176e+00 1.000000000000000048e-04
5.348534753475347792e+00 1.000000000000000048e-04
5.349534853485349295e+00 1.000000000000000048e-04
5.350534953495349910e+00 1.000000000000000048e-04
5.351535053505350525e+00 1.000000000000000048e-04
5.352535153515352029e+00 1.000000000000000048e-04
5.353535253525352644e+00 1.000000000000000048e-04
5.354535353535354147e+00 1.000000000000000048e-04
5.355535453545354763e+00 1.000000000000000048e-04
5.356535553555356266e+00 1.000000000000000048e-04
5.357535653565356881e+00 1.000000000000000048e-04
5.358535753575357496e+00 1.000000000000000048e-04
5.359535853585359000e+00 1.000000000000000048e-04
5.360535953595359615e+00 1.000000000000000048e-04
5.361536053605361118e+00 1.000000000000000048e-04
5.362536153615361734e+00 1.000000000000000048e-04
5.363536253625363237e+00 1.000000000000000048e-04
5.364536353635363852e+00 1.000000000000000048e-04
5.365536453645364467e+00 1.000000000000000048e-04
5.366536553655365971e+00 1.000000000000000048e-04
5.367536653665366586e+00 1.000000000000000048e-04
5.368536753675368089e+00 1.000000000000000048e-04
5.369536853685368705e+00 1.000000000000000048e-04
5.370536953695370208e+00 1.000000000000000048e-04
5.371537053705370823e+00 1.000000000000000048e-04
5.372537153715372327e+00 1.000000000000000048e-04
5.373537253725372942e+00 1.000000000000000048e-04
5.374537353735373557e+00 1.000000000000000048e-04
5.375537453745375061e+00 1.000000000000000048e-04
5.376537553755375676e+00 1.000000000000000048e-04
5.377537653765377179e+00 1.000000000000000048e-04
5.378537753775377794e+00 1.000000000000000048e-04
5.379537853785379298e+00 1.000000000000000048e-04
5.380537953795379913e+00 1.000000000000000048e-04
5.381538053805380528e+00 1.000000000000000048e-04
5.382538153815382032e+00 1.000000000000000048e-04
5.383538253825382647e+00 1.000000000000000048e-04
5.384538353835384150e+00 1.000000000000000048e-04
5.385538453845384765e+00 1.000000000000000048e-04
5.386538553855386269e+00 1.000000000000000048e-04
5.387538653865386884e+00 1.000000000000000048e-04
5.388538753875387499e+00 1.000000000000000048e-04
5.389538853885389003e+00 1.000000000000000048e-04
5.390538953895389618e+00 1.000000000000000048e-04
5.391539053905391121e+00 1.000000000000000048e-04
5.392539153915391736e+00 1.000000000000000048e-04
5.393539253925393240e+00 1.000000000000000048e-04
5.394539353935393855e+00 1.000000000000000048e-04
5.395539453945394470e+00 1.000000000000000048e-04
5.396539553955395974e+00 1.000000000000000048e-04
5.397539653965396589e+00 1.000000000000000048e-04
5.398539753975398092e+00 1.000000000000000048e-04
5.399539853985398707e+00 1.000000000000000048e-04
5.400539953995400211e+00 1.000000000000000048e-04
5.401540054005400826e+00 1.000000000000000048e-04
5.402540154015402329e+00 1.000000000000000048e-04
5.403540254025402945e+00 1.000000000000000048e-04
5.404540354035403560e+00 1.000000000000000048e-04
5.405540454045405063e+00 1.000000000000000048e-04
5.406540554055405678e+00 1.000000000000000048e-04
5.407540654065407182e+00 1.000000000000000048e-04
5.408540754075407797e+00 1.000000000000000048e-04
5.409540854085409300e+00 1.000000000000000048e-04
5.410540954095409916e+00 1.000000000000000048e-04
5.411541054105410531e+00 1.000000000000000048e-04
5.412541154115412034e+00 1.000000000000000048e-04
5.413541254125412650e+00 1.000000000000000048e-04
5.414541354135414153e+00 1.000000000000000048e-04
5.415541454145414768e+00 1.000000000000000048e-04
5.416541554155416271e+00 1.000000000000000048e-04
5.417541654165416887e+00 1.000000000000000048e-04
5.418541754175417502e+00 1.000000000000000048e-04
5.419541854185419005e+00 1.000000000000000048e-04
5.420541954195419621e+00 1.000000000000000048e-04
5.421542054205421124e+00 1.000000000000000048e-04
5.422542154215421739e+00 1.000000000000000048e-04
5.423542254225423243e+00 1.000000000000000048e-04
5.424542354235423858e+00 1.000000000000000048e-04
5.425542454245424473e+00 1.000000000000000048e-04
5.426542554255425976e+00 1.000000000000000048e-04
5.427542654265426592e+00 1.000000000000000048e-04
5.428542754275428095e+00 1.000000000000000048e-04
5.429542854285428710e+00 1.000000000000000048e-04
5.430542954295430214e+00 1.000000000000000048e-04
5.431543054305430829e+00 1.000000000000000048e-04
5.432543154315432332e+00 1.000000000000000048e-04
5.433543254325432947e+00 1.000000000000000048e-04
5.434543354335433563e+00 1.000000000000000048e-04
5.435543454345435066e+00 1.000000000000000048e-04
5.436543554355435681e+00 1.000000000000000048e-04
5.437543654365437185e+00 1.000000000000000048e-04
5.438543754375437800e+00 1.000000000000000048e-04
5.439543854385439303e+00 1.000000000000000048e-04
5.440543954395439918e+00 1.000000000000000048e-04
5.441544054405440534e+00 1.000000000000000048e-04
5.442544154415442037e+00 1.000000000000000048e-04
5.443544254425442652e+00 1.000000000000000048e-04
5.444544354435444156e+00 1.000000000000000048e-04
5.445544454445444771e+00 1.000000000000000048e-04
5.446544554455446274e+00 1.000000000000000048e-04
5.447544654465446889e+00 1.000000000000000048e-04
5.448544754475447505e+00 1.000000000000000048e-04
5.449544854485449008e+00 1.000000000000000048e-04
5.450544954495449623e+00 1.000000000000000048e-04
5.451545054505451127e+00 1.000000000000000048e-04
5.452545154515451742e+00 1.000000000000000048e-04
5.453545254525453245e+00 1.000000000000000048e-04
5.454545354535453860e+00 1.000000000000000048e-04
5.455545454545454476e+00 1.000000000000000048e-04
5.456545554555455979e+00 1.000000000000000048e-04
5.457545654565456594e+00 1.000000000000000048e-04
5.458545754575458098e+00 1.000000000000000048e-04
5.459545854585458713e+00 1.000000000000000048e-04
5.460545954595460216e+00 1.000000000000000048e-04
5.461546054605460832e+00 1.000000000000000048e-04
5.462546154615462335e+00 1.000000000000000048e-04
5.463546254625462950e+00 1.000000000000000048e-04
5.464546354635463565e+00 1.000000000000000048e-04
5.465546454645465069e+00 1.000000000000000048e-04
5.466546554655465684e+00 1.000000000000000048e-04
5.467546654665467187e+00 1.000000000000000048e-04
5.468546754675467803e+00 1.000000000000000048e-04
5.469546854685469306e+00 1.000000000000000048e-04
5.470546954695469921e+00 1.000000000000000048e-04
5.471547054705470536e+00 1.000000000000000048e-04
5.472547154715472040e+00 1.000000000000000048e-04
5.473547254725472655e+00 1.000000000000000048e-04
5.474547354735474158e+00 1.000000000000000048e-04
5.475547454745474774e+00 1.000000000000000048e-04
5.476547554755476277e+00 1.000000000000000048e-04
5.477547654765476892e+00 1.000000000000000048e-04
5.478547754775477507e+00 1.000000000000000048e-04
5.479547854785479011e+00 1.000000000000000048e-04
5.480547954795479626e+00 1.000000000000000048e-04
5.481548054805481129e+00 1.000000000000000048e-04
5.482548154815481745e+00 1.000000000000000048e-04
5.483548254825483248e+00 1.000000000000000048e-04
5.484548354835483863e+00 1.000000000000000048e-04
5.485548454845484478e+00 1.000000000000000048e-04
5.486548554855485982e+00 1.000000000000000048e-04
5.487548654865486597e+00 1.000000000000000048e-04
5.488548754875488100e+00 1.000000000000000048e-04
5.489548854885488716e+00 1.000000000000000048e-04
5.490548954895490219e+00 1.000000000000000048e-04
5.491549054905490834e+00 1.000000000000000048e-04
5.492549154915492338e+00 1.000000000000000048e-04
5.493549254925492953e+00 1.000000000000000048e-04
5.494549354935493568e+00 1.000000000000000048e-04
5.495549454945495071e+00 1.000000000000000048e-04
5.496549554955495687e+00 1.000000000000000048e-04
5.497549654965497190e+00 1.000000000000000048e-04
5.498549754975497805e+00 1.000000000000000048e-04
5.499549854985499309e+00 1.000000000000000048e-04
5.500549954995499924e+00 1.000000000000000048e-04
5.501550055005500539e+00 1.000000000000000048e-04
5.502550155015502042e+00 1.000000000000000048e-04
5.503550255025502658e+00 1.000000000000000048e-04
5.504550355035504161e+00 1.000000000000000048e-04
5.505550455045504776e+00 1.000000000000000048e-04
5.506550555055506280e+00 1.000000000000000048e-04
5.507550655065506895e+00 1.000000000000000048e-04
5.508550755075507510e+00 1.000000000000000048e-04
5.509550855085509014e+00 1.000000000000000048e-04
5.510550955095509629e+00 1.000000000000000048e-04
5.511551055105511132e+00 1.000000000000000048e-04
5.512551155115511747e+00 1.000000000000000048e-04
5.513551255125513251e+00 1.000000000000000048e-04
5.514551355135513866e+00 1.000000000000000048e-04
5.515551455145514481e+00 1.000000000000000048e-04
5.516551555155515985e+00 1.000000000000000048e-04
5.517551655165516600e+00 1.000000000000000048e-04
5.518551755175518103e+00 1.000000000000000048e-04
5.519551855185518718e+00 1.000000000000000048e-04
5.520551955195520222e+00 1.000000000000000048e-04
5.521552055205520837e+00 1.000000000000000048e-04
5.522552155215522340e+00 1.000000000000000048e-04
5.523552255225522956e+00 1.000000000000000048e-04
5.524552355235523571e+00 1.000000000000000048e-04
5.525552455245525074e+00 1.000000000000000048e-04
5.526552555255525689e+00 1.000000000000000048e-04
5.527552655265527193e+00 1.000000000000000048e-04
5.528552755275527808e+00 1.000000000000000048e-04
5.529552855285529311e+00 1.000000000000000048e-04
5.530552955295529927e+00 1.000000000000000048e-04
5.531553055305530542e+00 1.000000000000000048e-04
5.532553155315532045e+00 1.000000000000000048e-04
5.533553255325532660e+00 1.000000000000000048e-04
5.534553355335534164e+00 1.000000000000000048e-04
5.535553455345534779e+00 1.000000000000000048e-04
5.536553555355536282e+00 1.000000000000000048e-04
5.537553655365536898e+00 1.000000000000000048e-04
5.538553755375537513e+00 1.000000000000000048e-04
5.539553855385539016e+00 1.000000000000000048e-04
5.540553955395539631e+00 1.000000000000000048e-04
5.541554055405541135e+00 1.000000000000000048e-04
5.542554155415541750e+00 1.000000000000000048e-04
5.543554255425543253e+00 1.000000000000000048e-04
5.544554355435543869e+00 1.000000000000000048e-04
5.545554455445544484e+00 1.000000000000000048e-04
5.546554555455545987e+00 1.000000000000000048e-04
5.547554655465546602e+00 1.000000000000000048e-04
5.548554755475548106e+00 1.000000000000000048e-04
5.549554855485548721e+00 1.000000000000000048e-04
5.550554955495550224e+00 1.000000000000000048e-04
5.551555055505550840e+00 1.000000000000000048e-04
5.552555155515552343e+00 1.000000000000000048e-04
5.553555255525552958e+00 1.000000000000000048e-04
5.554555355535553574e+00 1.000000000000000048e-04
5.555555455545555077e+00 1.000000000000000048e-04
5.556555555555555692e+00 1.000000000000000048e-04
5.557555655565557196e+00 1.000000000000000048e-04
5.558555755575557811e+00 1.000000000000000048e-04
5.559555855585559314e+00 1.000000000000000048e-04
5.560555955595559929e+00 1.000000000000000048e-04
5.561556055605560545e+00 1.000000000000000048e-04
5.562556155615562048e+00 1.000000000000000048e-04
5.563556255625562663e+00 1.000000000000000048e-04
5.564556355635564167e+00 1.000000000000000048e-04
5.565556455645564782e+00 1.000000000000000048e-04
5.566556555655566285e+00 1.000000000000000048e-04
5.567556655665566900e+00 1.000000000000000048e-04
5.568556755675567516e+00 1.000000000000000048e-04
5.569556855685569019e+00 1.000000000000000048e-04
5.570556955695569634e+00 1.000000000000000048e-04
5.571557055705571138e+00 1.000000000000000048e-04
5.572557155715571753e+00 1.000000000000000048e-04
5.573557255725573256e+00 1.000000000000000048e-04
5.574557355735573871e+00 1.000000000000000048e-04
5.575557455745574487e+00 1.000000000000000048e-04
5.576557555755575990e+00 1.000000000000000048e-04
5.577557655765576605e+00 1.000000000000000048e-04
5.578557755775578109e+00 1.000000000000000048e-04
5.579557855785578724e+00 1.000000000000000048e-04
5.580557955795580227e+00 1.000000000000000048e-04
5.581558055805580842e+00 1.000000000000000048e-04
5.582558155815582346e+00 1.000000000000000048e-04
5.583558255825582961e+00 1.000000000000000048e-04
5.584558355835583576e+00 1.000000000000000048e-04
5.585558455845585080e+00 1.000000000000000048e-04
5.586558555855585695e+00 1.000000000000000048e-04
5.587558655865587198e+00 1.000000000000000048e-04
5.588558755875587813e+00 1.000000000000000048e-04
5.589558855885589317e+00 1.000000000000000048e-04
5.590558955895589932e+00 1.000000000000000048e-04
5.591559055905590547e+00 1.000000000000000048e-04
5.592559155915592051e+00 1.000000000000000048e-04
5.593559255925592666e+00 1.000000000000000048e-04
5.594559355935594169e+00 1.000000000000000048e-04
5.595559455945594785e+00 1.000000000000000048e-04
5.596559555955596288e+00 1.000000000000000048e-04
5.597559655965596903e+00 1.000000000000000048e-04
5.598559755975597518e+00 1.000000000000000048e-04
5.599559855985599022e+00 1.000000000000000048e-04
5.600559955995599637e+00 1.000000000000000048e-04
5.601560056005601140e+00 1.000000000000000048e-04
5.602560156015601756e+00 1.000000000000000048e-04
5.603560256025603259e+00 1.000000000000000048e-04
5.604560356035603874e+00 1.000000000000000048e-04
5.605560456045604489e+00 1.000000000000000048e-04
5.606560556055605993e+00 1.000000000000000048e-04
5.607560656065606608e+00 1.000000000000000048e-04
5.608560756075608111e+00 1.000000000000000048e-04
5.609560856085608727e+00 1.000000000000000048e-04
5.610560956095610230e+00 1.000000000000000048e-04
5.611561056105610845e+00 1.000000000000000048e-04
5.612561156115612349e+00 1.000000000000000048e-04
5.613561256125612964e+00 1.000000000000000048e-04
5.614561356135613579e+00 1.000000000000000048e-04
5.615561456145615082e+00 1.000000000000000048e-04
5.616561556155615698e+00 1.000000000000000048e-04
5.617561656165617201e+00 1.000000000000000048e-04
5.618561756175617816e+00 1.000000000000000048e-04
5.619561856185619320e+00 1.000000000000000048e-04
5.620561956195619935e+00 1.000000000000000048e-04
5.621562056205620550e+00 1.000000000000000048e-04
5.622562156215622053e+00 1.000000000000000048e-04
5.623562256225622669e+00 1.000000000000000048e-04
5.624562356235624172e+00 1.000000000000000048e-04
5.625562456245624787e+00 1.000000000000000048e-04
5.626562556255626291e+00 1.000000000000000048e-04
5.627562656265626906e+00 1.000000000000000048e-04
5.628562756275627521e+00 1.000000000000000048e-04
5.629562856285629024e+00 1.000000000000000048e-04
5.630562956295629640e+00 1.000000000000000048e-04
5.631563056305631143e+00 1.000000000000000048e-04
5.632563156315631758e+00 1.000000000000000048e-04
5.633563256325633262e+00 1.000000000000000048e-04
5.634563356335633877e+00 1.000000000000000048e-04
5.635563456345634492e+00 1.000000000000000048e-04
5.636563556355635995e+00 1.000000000000000048e-04
5.637563656365636611e+00 1.000000000000000048e-04
5.638563756375638114e+00 1.000000000000000048e-04
5.639563856385638729e+00 1.000000000000000048e-04
5.640563956395640233e+00 1.000000000000000048e-04
5.641564056405640848e+00 1.000000000000000048e-04
5.642564156415642351e+00 1.000000000000000048e-04
5.643564256425642967e+00 1.000000000000000048e-04
5.644564356435643582e+00 1.000000000000000048e-04
5.645564456445645085e+00 1.000000000000000048e-04
5.646564556455645700e+00 1.000000000000000048e-04
5.647564656465647204e+00 1.000000000000000048e-04
5.648564756475647819e+00 1.000000000000000048e-04
5.649564856485649322e+00 1.000000000000000048e-04
5.650564956495649938e+00 1.000000000000000048e-04
5.651565056505650553e+00 1.000000000000000048e-04
5.652565156515652056e+00 1.000000000000000048e-04
5.653565256525652671e+00 1.000000000000000048e-04
5.654565356535654175e+00 1.000000000000000048e-04
5.655565456545654790e+00 1.000000000000000048e-04
5.656565556555656293e+00 1.000000000000000048e-04
5.657565656565656909e+00 1.000000000000000048e-04
5.658565756575657524e+00 1.000000000000000048e-04
5.659565856585659027e+00 1.000000000000000048e-04
5.660565956595659642e+00 1.000000000000000048e-04
5.661566056605661146e+00 1.000000000000000048e-04
5.662566156615661761e+00 1.000000000000000048e-04
5.663566256625663264e+00 1.000000000000000048e-04
5.664566356635663880e+00 1.000000000000000048e-04
5.665566456645664495e+00 1.000000000000000048e-04
5.666566556655665998e+00 1.000000000000000048e-04
5.667566656665666613e+00 1.000000000000000048e-04
5.668566756675668117e+00 1.000000000000000048e-04
5.669566856685668732e+00 1.000000000000000048e-04
5.670566956695670235e+00 1.000000000000000048e-04
5.671567056705670851e+00 1.000000000000000048e-04
5.672567156715672354e+00 1.000000000000000048e-04
5.673567256725672969e+00 1.000000000000000048e-04
5.674567356735673584e+00 1.000000000000000048e-04
5.675567456745675088e+00 1.000000000000000048e-04
5.676567556755675703e+00 1.000000000000000048e-04
5.677567656765677206e+00 1.000000000000000048e-04
5.678567756775677822e+00 1.000000000000000048e-04
5.679567856785679325e+00 1.000000000000000048e-04
5.680567956795679940e+00 1.000000000000000048e-04
5.681568056805680555e+00 1.000000000000000048e-04
5.682568156815682059e+00 1.000000000000000048e-04
5.683568256825682674e+00 1.000000000000000048e-04
5.684568356835684177e+00 1.000000000000000048e-04
5.685568456845684793e+00 1.000000000000000048e-04
5.686568556855686296e+00 1.000000000000000048e-04
5.687568656865686911e+00 1.000000000000000048e-04
5.688568756875687527e+00 1.000000000000000048e-04
5.689568856885689030e+00 1.000000000000000048e-04
5.690568956895689645e+00 1.000000000000000048e-04
5.691569056905691149e+00 1.000000000000000048e-04
5.692569156915691764e+00 1.000000000000000048e-04
5.693569256925693267e+00 1.000000000000000048e-04
5.694569356935693882e+00 1.000000000000000048e-04
5.695569456945694498e+00 1.000000000000000048e-04
5.696569556955696001e+00 1.000000000000000048e-04
5.697569656965696616e+00 1.000000000000000048e-04
5.698569756975698120e+00 1.000000000000000048e-04
5.699569856985698735e+00 1.000000000000000048e-04
5.700569956995700238e+00 1.000000000000000048e-04
5.701570057005700853e+00 1.000000000000000048e-04
5.702570157015702357e+00 1.000000000000000048e-04
5.703570257025702972e+00 1.000000000000000048e-04
5.704570357035703587e+00 1.000000000000000048e-04
5.705570457045705091e+00 1.000000000000000048e-04
5.706570557055705706e+00 1.000000000000000048e-04
5.707570657065707209e+00 1.000000000000000048e-04
5.708570757075707824e+00 1.000000000000000048e-04
5.709570857085709328e+00 1.000000000000000048e-04
5.710570957095709943e+00 1.000000000000000048e-04
5.711571057105710558e+00 1.000000000000000048e-04
5.712571157115712062e+00 1.000000000000000048e-04
5.713571257125712677e+00 1.000000000000000048e-04
5.714571357135714180e+00 1.000000000000000048e-04
5.715571457145714795e+00 1.000000000000000048e-04
5.716571557155716299e+00 1.000000000000000048e-04
5.717571657165716914e+00 1.000000000000000048e-04
5.718571757175717529e+00 1.000000000000000048e-04
5.719571857185719033e+00 1.000000000000000048e-04
5.720571957195719648e+00 1.000000000000000048e-04
5.721572057205721151e+00 1.000000000000000048e-04
5.722572157215721766e+00 1.000000000000000048e-04
5.723572257225723270e+00 1.000000000000000048e-04
5.724572357235723885e+00 1.000000000000000048e-04
5.725572457245724500e+00 1.000000000000000048e-04
5.726572557255726004e+00 1.000000000000000048e-04
5.727572657265726619e+00 1.000000000000000048e-04
5.728572757275728122e+00 1.000000000000000048e-04
5.729572857285728738e+00 1.000000000000000048e-04
5.730572957295730241e+00 1.000000000000000048e-04
5.731573057305730856e+00 1.000000000000000048e-04
5.732573157315732360e+00 1.000000000000000048e-04
5.733573257325732975e+00 1.000000000000000048e-04
5.734573357335733590e+00 1.000000000000000048e-04
5.735573457345735093e+00 1.000000000000000048e-04
5.736573557355735709e+00 1.000000000000000048e-04
5.737573657365737212e+00 1.000000000000000048e-04
5.738573757375737827e+00 1.000000000000000048e-04
5.739573857385739331e+00 1.000000000000000048e-04
5.740573957395739946e+00 1.000000000000000048e-04
5.741574057405740561e+00 1.000000000000000048e-04
5.742574157415742064e+00 1.000000000000000048e-04
5.743574257425742680e+00 1.000000000000000048e-04
5.744574357435744183e+00 1.000000000000000048e-04
5.745574457445744798e+00 1.000000000000000048e-04
5.746574557455746302e+00 1.000000000000000048e-04
5.747574657465746917e+00 1.000000000000000048e-04
5.748574757475747532e+00 1.000000000000000048e-04
5.749574857485749035e+00 1.000000000000000048e-04
5.750574957495749651e+00 1.000000000000000048e-04
5.751575057505751154e+00 1.000000000000000048e-04
5.752575157515751769e+00 1.000000000000000048e-04
5.753575257525753273e+00 1.000000000000000048e-04
5.754575357535753888e+00 1.000000000000000048e-04
5.755575457545754503e+00 1.000000000000000048e-04
5.756575557555756006e+00 1.000000000000000048e-04
5.757575657565756622e+00 1.000000000000000048e-04
5.758575757575758125e+00 1.000000000000000048e-04
5.759575857585758740e+00 1.000000000000000048e-04
5.760575957595760244e+00 1.000000000000000048e-04
5.761576057605760859e+00 1.000000000000000048e-04
5.762576157615762362e+00 1.000000000000000048e-04
5.763576257625762977e+00 1.000000000000000048e-04
5.764576357635763593e+00 1.000000000000000048e-04
5.765576457645765096e+00 1.000000000000000048e-04
5.766576557655765711e+00 1.000000000000000048e-04
5.767576657665767215e+00 1.000000000000000048e-04
5.768576757675767830e+00 1.000000000000000048e-04
5.769576857685769333e+00 1.000000000000000048e-04
5.770576957695769948e+00 1.000000000000000048e-04
5.771577057705770564e+00 1.000000000000000048e-04
5.772577157715772067e+00 1.000000000000000048e-04
5.773577257725772682e+00 1.000000000000000048e-04
5.774577357735774186e+00 1.000000000000000048e-04
5.775577457745774801e+00 1.000000000000000048e-04
5.776577557755776304e+00 1.000000000000000048e-04
5.777577657765776920e+00 1.000000000000000048e-04
5.778577757775777535e+00 1.000000000000000048e-04
5.779577857785779038e+00 1.000000000000000048e-04
5.780577957795779653e+00 1.000000000000000048e-04
5.781578057805781157e+00 1.000000000000000048e-04
5.782578157815781772e+00 1.000000000000000048e-04
5.783578257825783275e+00 1.000000000000000048e-04
5.784578357835783891e+00 1.000000000000000048e-04
5.785578457845784506e+00 1.000000000000000048e-04
5.786578557855786009e+00 1.000000000000000048e-04
5.787578657865786624e+00 1.000000000000000048e-04
5.788578757875788128e+00 1.000000000000000048e-04
5.789578857885788743e+00 1.000000000000000048e-04
5.790578957895790246e+00 1.000000000000000048e-04
5.791579057905790862e+00 1.000000000000000048e-04
5.792579157915792365e+00 1.000000000000000048e-04
5.793579257925792980e+00 1.000000000000000048e-04
5.794579357935793595e+00 1.000000000000000048e-04
5.795579457945795099e+00 1.000000000000000048e-04
5.796579557955795714e+00 1.000000000000000048e-04
5.797579657965797217e+00 1.000000000000000048e-04
5.798579757975797833e+00 1.000000000000000048e-04
5.799579857985799336e+00 1.000000000000000048e-04
5.800579957995799951e+00 1.000000000000000048e-04
5.801580058005800566e+00 1.000000000000000048e-04
5.802580158015802070e+00 1.000000000000000048e-04
5.803580258025802685e+00 1.000000000000000048e-04
5.804580358035804188e+00 1.000000000000000048e-04
5.805580458045804804e+00 1.000000000000000048e-04
5.806580558055806307e+00 1.000000000000000048e-04
5.807580658065806922e+00 1.000000000000000048e-04
5.808580758075807537e+00 1.000000000000000048e-04
5.809580858085809041e+00 1.000000000000000048e-04
5.810580958095809656e+00 1.000000000000000048e-04
5.811581058105811159e+00 1.000000000000000048e-04
5.812581158115811775e+00 1.000000000000000048e-04
5.813581258125813278e+00 1.000000000000000048e-04
5.814581358135813893e+00 1.000000000000000048e-04
5.815581458145814508e+00 1.000000000000000048e-04
5.816581558155816012e+00 1.000000000000000048e-04
5.817581658165816627e+00 1.000000000000000048e-04
5.818581758175818130e+00 1.000000000000000048e-04
5.819581858185818746e+00 1.000000000000000048e-04
5.820581958195820249e+00 1.000000000000000048e-04
5.821582058205820864e+00 1.000000000000000048e-04
5.822582158215822368e+00 1.000000000000000048e-04
5.823582258225822983e+00 1.000000000000000048e-04
5.824582358235823598e+00 1.000000000000000048e-04
5.825582458245825102e+00 1.000000000000000048e-04
5.826582558255825717e+00 1.000000000000000048e-04
5.827582658265827220e+00 1.000000000000000048e-04
5.828582758275827835e+00 1.000000000000000048e-04
5.829582858285829339e+00 1.000000000000000048e-04
5.830582958295829954e+00 1.000000000000000048e-04
5.831583058305830569e+00 1.000000000000000048e-04
5.832583158315832073e+00 1.000000000000000048e-04
5.833583258325832688e+00 1.000000000000000048e-04
5.834583358335834191e+00 1.000000000000000048e-04
5.835583458345834806e+00 1.000000000000000048e-04
5.836583558355836310e+00 1.000000000000000048e-04
5.837583658365836925e+00 1.000000000000000048e-04
5.838583758375837540e+00 1.000000000000000048e-04
5.839583858385839044e+00 1.000000000000000048e-04
5.840583958395839659e+00 1.000000000000000048e-04
5.841584058405841162e+00 1.000000000000000048e-04
5.842584158415841777e+00 1.000000000000000048e-04
5.843584258425843281e+00 1.000000000000000048e-04
5.844584358435843896e+00 1.000000000000000048e-04
5.845584458445844511e+00 1.000000000000000048e-04
5.846584558455846015e+00 1.000000000000000048e-04
5.847584658465846630e+00 1.000000000000000048e-04
5.848584758475848133e+00 1.000000000000000048e-04
5.849584858485848748e+00 1.000000000000000048e-04
5.850584958495850252e+00 1.000000000000000048e-04
5.851585058505850867e+00 1.000000000000000048e-04
5.852585158515852370e+00 1.000000000000000048e-04
5.853585258525852986e+00 1.000000000000000048e-04
5.854585358535853601e+00 1.000000000000000048e-04
5.855585458545855104e+00 1.000000000000000048e-04
5.856585558555855719e+00 1.000000000000000048e-04
5.857585658565857223e+00 1.000000000000000048e-04
5.858585758575857838e+00 1.000000000000000048e-04
5.859585858585859341e+00 1.000000000000000048e-04
5.860585958595859957e+00 1.000000000000000048e-04
5.861586058605860572e+00 1.000000000000000048e-04
5.862586158615862075e+00 1.000000000000000048e-04
5.863586258625862691e+00 1.000000000000000048e-04
5.864586358635864194e+00 1.000000000000000048e-04
5.865586458645864809e+00 1.000000000000000048e-04
5.866586558655866313e+00 1.000000000000000048e-04
5.867586658665866928e+00 1.000000000000000048e-04
5.868586758675867543e+00 1.000000000000000048e-04
5.869586858685869046e+00 1.000000000000000048e-04
5.870586958695869662e+00 1.000000000000000048e-04
5.871587058705871165e+00 1.000000000000000048e-04
5.872587158715871780e+00 1.000000000000000048e-04
5.873587258725873284e+00 1.000000000000000048e-04
5.874587358735873899e+00 1.000000000000000048e-04
5.875587458745874514e+00 1.000000000000000048e-04
5.876587558755876017e+00 1.000000000000000048e-04
5.877587658765876633e+00 1.000000000000000048e-04
5.878587758775878136e+00 1.000000000000000048e-04
5.879587858785878751e+00 1.000000000000000048e-04
5.880587958795880255e+00 1.000000000000000048e-04
5.881588058805880870e+00 1.000000000000000048e-04
5.882588158815882373e+00 1.000000000000000048e-04
5.883588258825882988e+00 1.000000000000000048e-04
5.884588358835883604e+00 1.000000000000000048e-04
5.885588458845885107e+00 1.000000000000000048e-04
5.886588558855885722e+00 1.000000000000000048e-04
5.887588658865887226e+00 1.000000000000000048e-04
5.888588758875887841e+00 1.000000000000000048e-04
5.889588858885889344e+00 1.000000000000000048e-04
5.890588958895889959e+00 1.000000000000000048e-04
5.891589058905890575e+00 1.000000000000000048e-04
5.892589158915892078e+00 1.000000000000000048e-04
5.893589258925892693e+00 1.000000000000000048e-04
5.894589358935894197e+00 1.000000000000000048e-04
5.895589458945894812e+00 1.000000000000000048e-04
5.896589558955896315e+00 1.000000000000000048e-04
5.897589658965896930e+00 1.000000000000000048e-04
5.898589758975897546e+00 1.000000000000000048e-04
5.899589858985899049e+00 1.000000000000000048e-04
5.900589958995899664e+00 1.000000000000000048e-04
5.901590059005901168e+00 1.000000000000000048e-04
5.902590159015901783e+00 1.000000000000000048e-04
5.903590259025903286e+00 1.000000000000000048e-04
5.904590359035903901e+00 1.000000000000000048e-04
5.905590459045904517e+00 1.000000000000000048e-04
5.906590559055906020e+00 1.000000000000000048e-04
5.907590659065906635e+00 1.000000000000000048e-04
5.908590759075908139e+00 1.000000000000000048e-04
5.909590859085908754e+00 1.000000000000000048e-04
5.910590959095910257e+00 1.000000000000000048e-04
5.911591059105910873e+00 1.000000000000000048e-04
5.912591159115912376e+00 1.000000000000000048e-04
5.913591259125912991e+00 1.000000000000000048e-04
5.914591359135913606e+00 1.000000000000000048e-04
5.915591459145915110e+00 1.000000000000000048e-04
5.916591559155915725e+00 1.000000000000000048e-04
5.917591659165917228e+00 1.000000000000000048e-04
5.918591759175917844e+00 1.000000000000000048e-04
5.919591859185919347e+00 1.000000000000000048e-04
5.920591959195919962e+00 1.000000000000000048e-04
5.921592059205920577e+00 1.000000000000000048e-04
5.922592159215922081e+00 1.000000000000000048e-04
5.923592259225922696e+00 1.000000000000000048e-04
5.924592359235924199e+00 1.000000000000000048e-04
5.925592459245924815e+00 1.000000000000000048e-04
5.926592559255926318e+00 1.000000000000000048e-04
5.927592659265926933e+00 1.000000000000000048e-04
5.928592759275927548e+00 1.000000000000000048e-04
5.929592859285929052e+00 1.000000000000000048e-04
5.930592959295929667e+00 1.000000000000000048e-04
5.931593059305931170e+00 1.000000000000000048e-04
5.932593159315931786e+00 1.000000000000000048e-04
5.933593259325933289e+00 1.000000000000000048e-04
5.934593359335933904e+00 1.000000000000000048e-04
5.935593459345934519e+00 1.000000000000000048e-04
5.936593559355936023e+00 1.000000000000000048e-04
5.937593659365936638e+00 1.000000000000000048e-04
5.938593759375938141e+00 1.000000000000000048e-04
5.939593859385938757e+00 1.000000000000000048e-04
5.940593959395940260e+00 1.000000000000000048e-04
5.941594059405940875e+00 1.000000000000000048e-04
5.942594159415942379e+00 1.000000000000000048e-04
5.943594259425942994e+00 1.000000000000000048e-04
5.944594359435943609e+00 1.000000000000000048e-04
5.945594459445945112e+00 1.000000000000000048e-04
5.946594559455945728e+00 1.000000000000000048e-04
5.947594659465947231e+00 1.000000000000000048e-04
5.948594759475947846e+00 1.000000000000000048e-04
5.949594859485949350e+00 1.000000000000000048e-04
5.950594959495949965e+00 1.000000000000000048e-04
5.951595059505950580e+00 1.000000000000000048e-04
5.952595159515952083e+00 1.000000000000000048e-04
5.953595259525952699e+00 1.000000000000000048e-04
5.954595359535954202e+00 1.000000000000000048e-04
5.955595459545954817e+00 1.000000000000000048e-04
5.956595559555956321e+00 1.000000000000000048e-04
5.957595659565956936e+00 1.000000000000000048e-04
5.958595759575957551e+00 1.000000000000000048e-04
5.959595859585959055e+00 1.000000000000000048e-04
5.960595959595959670e+00 1.000000000000000048e-04
5.961596059605961173e+00 1.000000000000000048e-04
5.962596159615961788e+00 1.000000000000000048e-04
5.963596259625963292e+00 1.000000000000000048e-04
5.964596359635963907e+00 1.000000000000000048e-04
5.965596459645964522e+00 1.000000000000000048e-04
5.966596559655966026e+00 1.000000000000000048e-04
5.967596659665966641e+00 1.000000000000000048e-04
5.968596759675968144e+00 1.000000000000000048e-04
5.969596859685968759e+00 1.000000000000000048e-04
5.970596959695970263e+00 1.000000000000000048e-04
5.971597059705970878e+00 1.000000000000000048e-04
5.972597159715972381e+00 1.000000000000000048e-04
5.973597259725972997e+00 1.000000000000000048e-04
5.974597359735973612e+00 1.000000000000000048e-04
5.975597459745975115e+00 1.000000000000000048e-04
5.976597559755975730e+00 1.000000000000000048e-04
5.977597659765977234e+00 1.000000000000000048e-04
5.978597759775977849e+00 1.000000000000000048e-04
5.979597859785979352e+00 1.000000000000000048e-04
5.980597959795979968e+00 1.000000000000000048e-04
5.981598059805980583e+00 1.000000000000000048e-04
5.982598159815982086e+00 1.000000000000000048e-04
5.983598259825982701e+00 1.000000000000000048e-04
5.984598359835984205e+00 1.000000000000000048e-04
5.985598459845984820e+00 1.000000000000000048e-04
5.986598559855986323e+00 1.000000000000000048e-04
5.987598659865986939e+00 1.000000000000000048e-04
5.988598759875987554e+00 1.000000000000000048e-04
5.989598859885989057e+00 1.000000000000000048e-04
5.990598959895989672e+00 1.000000000000000048e-04
5.991599059905991176e+00 1.000000000000000048e-04
5.992599159915991791e+00 1.000000000000000048e-04
5.993599259925993294e+00 1.000000000000000048e-04
5.994599359935993910e+00 1.000000000000000048e-04
5.995599459945994525e+00 1.000000000000000048e-04
5.996599559955996028e+00 1.000000000000000048e-04
5.997599659965996644e+00 1.000000000000000048e-04
5.998599759975998147e+00 1.000000000000000048e-04
5.999599859985998762e+00 1.000000000000000048e-04
6.000599959996000266e+00 1.000000000000000048e-04
6.001600060006000881e+00 1.000000000000000048e-04
6.002600160016002384e+00 1.000000000000000048e-04
6.003600260026002999e+00 1.000000000000000048e-04
6.004600360036003615e+00 1.000000000000000048e-04
6.005600460046005118e+00 1.000000000000000048e-04
6.006600560056005733e+00 1.000000000000000048e-04
6.007600660066007237e+00 1.000000000000000048e-04
6.008600760076007852e+00 1.000000000000000048e-04
6.009600860086009355e+00 1.000000000000000048e-04
6.010600960096009970e+00 1.000000000000000048e-04
6.011601060106010586e+00 1.000000000000000048e-04
6.012601160116012089e+00 1.000000000000000048e-04
6.013601260126012704e+00 1.000000000000000048e-04
6.014601360136014208e+00 1.000000000000000048e-04
6.015601460146014823e+00 1.000000000000000048e-04
6.016601560156016326e+00 1.000000000000000048e-04
6.017601660166016941e+00 1.000000000000000048e-04
6.018601760176017557e+00 1.000000000000000048e-04
6.019601860186019060e+00 1.000000000000000048e-04
6.020601960196019675e+00 1.000000000000000048e-04
6.021602060206021179e+00 1.000000000000000048e-04
6.022602160216021794e+00 1.000000000000000048e-04
6.023602260226023297e+00 1.000000000000000048e-04
6.024602360236023912e+00 1.000000000000000048e-04
6.025602460246024528e+00 1.000000000000000048e-04
6.026602560256026031e+00 1.000000000000000048e-04
6.027602660266026646e+00 1.000000000000000048e-04
6.028602760276028150e+00 1.000000000000000048e-04
6.029602860286028765e+00 1.000000000000000048e-04
6.030602960296030268e+00 1.000000000000000048e-04
6.031603060306030883e+00 1.000000000000000048e-04
6.032603160316032387e+00 1.000000000000000048e-04
6.033603260326033002e+00 1.000000000000000048e-04
6.034603360336033617e+00 1.000000000000000048e-04
6.035603460346035121e+00 1.000000000000000048e-04
6.036603560356035736e+00 1.000000000000000048e-04
6.037603660366037239e+00 1.000000000000000048e-04
6.038603760376037854e+00 1.000000000000000048e-04
6.039603860386039358e+00 1.000000000000000048e-04
6.040603960396039973e+00 1.000000000000000048e-04
6.041604060406040588e+00 1.000000000000000048e-04
6.042604160416042092e+00 1.000000000000000048e-04
6.043604260426042707e+00 1.000000000000000048e-04
6.044604360436044210e+00 1.000000000000000048e-04
6.045604460446044826e+00 1.000000000000000048e-04
6.046604560456046329e+00 1.000000000000000048e-04
6.047604660466046944e+00 1.000000000000000048e-04
6.048604760476047559e+00 1.000000000000000048e-04
6.049604860486049063e+00 1.000000000000000048e-04
6.050604960496049678e+00 1.000000000000000048e-04
6.051605060506051181e+00 1.000000000000000048e-04
6.052605160516051797e+00 1.000000000000000048e-04
6.053605260526053300e+00 1.000000000000000048e-04
6.054605360536053915e+00 1.000000000000000048e-04
6.055605460546054530e+00 1.000000000000000048e-04
6.056605560556056034e+00 1.000000000000000048e-04
6.057605660566056649e+00 1.000000000000000048e-04
6.058605760576058152e+00 1.000000000000000048e-04
6.059605860586058768e+00 1.000000000000000048e-04
6.060605960596060271e+00 1.000000000000000048e-04
6.061606060606060886e+00 1.000000000000000048e-04
6.062606160616062390e+00 1.000000000000000048e-04
6.063606260626063005e+00 1.000000000000000048e-04
6.064606360636063620e+00 1.000000000000000048e-04
6.065606460646065123e+00 1.000000000000000048e-04
6.066606560656065739e+00 1.000000000000000048e-04
6.067606660666067242e+00 1.000000000000000048e-04
6.068606760676067857e+00 1.000000000000000048e-04
6.069606860686069361e+00 1.000000000000000048e-04
6.070606960696069976e+00 1.000000000000000048e-04
6.071607060706070591e+00 1.000000000000000048e-04
6.072607160716072094e+00 1.000000000000000048e-04
6.073607260726072710e+00 1.000000000000000048e-04
6.074607360736074213e+00 1.000000000000000048e-04
6.075607460746074828e+00 1.000000000000000048e-04
6.076607560756076332e+00 1.000000000000000048e-04
6.077607660766076947e+00 1.000000000000000048e-04
6.078607760776077562e+00 1.000000000000000048e-04
6.079607860786079065e+00 1.000000000000000048e-04
6.080607960796079681e+00 1.000000000000000048e-04
6.081608060806081184e+00 1.000000000000000048e-04
6.082608160816081799e+00 1.000000000000000048e-04
6.083608260826083303e+00 1.000000000000000048e-04
6.084608360836083918e+00 1.000000000000000048e-04
6.085608460846084533e+00 1.000000000000000048e-04
6.086608560856086036e+00 1.000000000000000048e-04
6.087608660866086652e+00 1.000000000000000048e-04
6.088608760876088155e+00 1.000000000000000048e-04
6.089608860886088770e+00 1.000000000000000048e-04
6.090608960896090274e+00 1.000000000000000048e-04
6.091609060906090889e+00 1.000000000000000048e-04
6.092609160916092392e+00 1.000000000000000048e-04
6.093609260926093008e+00 1.000000000000000048e-04
6.094609360936093623e+00 1.000000000000000048e-04
6.095609460946095126e+00 1.000000000000000048e-04
6.096609560956095741e+00 1.000000000000000048e-04
6.097609660966097245e+00 1.000000000000000048e-04
6.098609760976097860e+00 1.000000000000000048e-04
6.099609860986099363e+00 1.000000000000000048e-04
6.100609960996099979e+00 1.000000000000000048e-04
6.101610061006100594e+00 1.000000000000000048e-04
6.102610161016102097e+00 1.000000000000000048e-04
6.103610261026102712e+00 1.000000000000000048e-04
6.104610361036104216e+00 1.000000000000000048e-04
6.105610461046104831e+00 1.000000000000000048e-04
6.106610561056106334e+00 1.000000000000000048e-04
6.107610661066106950e+00 1.000000000000000048e-04
6.108610761076107565e+00 1.000000000000000048e-04
6.109610861086109068e+00 1.000000000000000048e-04
6.110610961096109683e+00 1.000000000000000048e-04
6.111611061106111187e+00 1.000000000000000048e-04
6.112611161116111802e+00 1.000000000000000048e-04
6.113611261126113305e+00 1.000000000000000048e-04
6.114611361136113921e+00 1.000000000000000048e-04
6.115611461146114536e+00 1.000000000000000048e-04
6.116611561156116039e+00 1.000000000000000048e-04
6.117611661166116654e+00 1.000000000000000048e-04
6.118611761176118158e+00 1.000000000000000048e-04
6.119611861186118773e+00 1.000000000000000048e-04
6.120611961196120276e+00 1.000000000000000048e-04
6.121612061206120892e+00 1.000000000000000048e-04
6.122612161216122395e+00 1.000000000000000048e-04
6.123612261226123010e+00 1.000000000000000048e-04
6.124612361236123625e+00 1.000000000000000048e-04
6.125612461246125129e+00 1.000000000000000048e-04
6.126612561256125744e+00 1.000000000000000048e-04
6.127612661266127247e+00 1.000000000000000048e-04
6.128612761276127863e+00 1.000000000000000048e-04
6.129612861286129366e+00 1.000000000000000048e-04
6.130612961296129981e+00 1.000000000000000048e-04
6.131613061306130597e+00 1.000000000000000048e-04
6.132613161316132100e+00 1.000000000000000048e-04
6.133613261326132715e+00 1.000000000000000048e-04
6.134613361336134219e+00 1.000000000000000048e-04
6.135613461346134834e+00 1.000000000000000048e-04
6.136613561356136337e+00 1.000000000000000048e-04
6.137613661366136952e+00 1.000000000000000048e-04
6.138613761376137568e+00 1.000000000000000048e-04
6.139613861386139071e+00 1.000000000000000048e-04
6.140613961396139686e+00 1.000000000000000048e-04
6.141614061406141190e+00 1.000000000000000048e-04
6.142614161416141805e+00 1.000000000000000048e-04
6.143614261426143308e+00 1.000000000000000048e-04
6.144614361436143923e+00 1.000000000000000048e-04
6.145614461446144539e+00 1.000000000000000048e-04
6.146614561456146042e+00 1.000000000000000048e-04
6.147614661466146657e+00 1.000000000000000048e-04
6.148614761476148161e+00 1.000000000000000048e-04
6.149614861486148776e+00 1.000000000000000048e-04
6.150614961496150279e+00 1.000000000000000048e-04
6.151615061506150894e+00 1.000000000000000048e-04
6.152615161516152398e+00 1.000000000000000048e-04
6.153615261526153013e+00 1.000000000000000048e-04
6.154615361536153628e+00 1.000000000000000048e-04
6.155615461546155132e+00 1.000000000000000048e-04
6.156615561556155747e+00 1.000000000000000048e-04
6.157615661566157250e+00 1.000000000000000048e-04
6.158615761576157865e+00 1.000000000000000048e-04
6.159615861586159369e+00 1.000000000000000048e-04
6.160615961596159984e+00 1.000000000000000048e-04
6.161616061606160599e+00 1.000000000000000048e-04
6.162616161616162103e+00 1.000000000000000048e-04
6.163616261626162718e+00 1.000000000000000048e-04
6.164616361636164221e+00 1.000000000000000048e-04
6.165616461646164836e+00 1.000000000000000048e-04
6.166616561656166340e+00 1.000000000000000048e-04
6.167616661666166955e+00 1.000000000000000048e-04
6.168616761676167570e+00 1.000000000000000048e-04
6.169616861686169074e+00 1.000000000000000048e-04
6.170616961696169689e+00 1.000000000000000048e-04
6.171617061706171192e+00 1.000000000000000048e-04
6.172617161716171807e+00 1.000000000000000048e-04
6.173617261726173311e+00 1.000000000000000048e-04
6.174617361736173926e+00 1.000000000000000048e-04
6.175617461746175429e+00 1.000000000000000048e-04
6.176617561756176045e+00 1.000000000000000048e-04
6.177617661766176660e+00 1.000000000000000048e-04
6.178617761776178163e+00 1.000000000000000048e-04
6.179617861786178779e+00 1.000000000000000048e-04
6.180617961796180282e+00 1.000000000000000048e-04
6.181618061806180897e+00 1.000000000000000048e-04
6.182618161816182401e+00 1.000000000000000048e-04
6.183618261826183016e+00 1.000000000000000048e-04
6.184618361836183631e+00 1.000000000000000048e-04
6.185618461846185134e+00 1.000000000000000048e-04
6.186618561856185750e+00 1.000000000000000048e-04
6.187618661866187253e+00 1.000000000000000048e-04
6.188618761876187868e+00 1.000000000000000048e-04
6.189618861886189372e+00 1.000000000000000048e-04
6.190618961896189987e+00 1.000000000000000048e-04
6.191619061906190602e+00 1.000000000000000048e-04
6.192619161916192105e+00 1.000000000000000048e-04
6.193619261926192721e+00 1.000000000000000048e-04
6.194619361936194224e+00 1.000000000000000048e-04
6.195619461946194839e+00 1.000000000000000048e-04
6.196619561956196343e+00 1.000000000000000048e-04
6.197619661966196958e+00 1.000000000000000048e-04
6.198619761976197573e+00 1.000000000000000048e-04
6.199619861986199076e+00 1.000000000000000048e-04
6.200619961996199692e+00 1.000000000000000048e-04
6.201620062006201195e+00 1.000000000000000048e-04
6.202620162016201810e+00 1.000000000000000048e-04
6.203620262026203314e+00 1.000000000000000048e-04
6.204620362036203929e+00 1.000000000000000048e-04
6.205620462046205432e+00 1.000000000000000048e-04
6.206620562056206047e+00 1.000000000000000048e-04
6.207620662066206663e+00 1.000000000000000048e-04
6.208620762076208166e+00 1.000000000000000048e-04
6.209620862086208781e+00 1.000000000000000048e-04
6.210620962096210285e+00 1.000000000000000048e-04
6.211621062106210900e+00 1.000000000000000048e-04
6.212621162116212403e+00 1.000000000000000048e-04
6.213621262126213018e+00 1.000000000000000048e-04
6.214621362136213634e+00 1.000000000000000048e-04
6.215621462146215137e+00 1.000000000000000048e-04
6.216621562156215752e+00 1.000000000000000048e-04
6.217621662166217256e+00 1.000000000000000048e-04
6.218621762176217871e+00 1.000000000000000048e-04
6.219621862186219374e+00 1.000000000000000048e-04
6.220621962196219989e+00 1.000000000000000048e-04
6.221622062206220605e+00 1.000000000000000048e-04
6.222622162216222108e+00 1.000000000000000048e-04
6.223622262226222723e+00 1.000000000000000048e-04
6.224622362236224227e+00 1.000000000000000048e-04
6.225622462246224842e+00 1.000000000000000048e-04
6.226622562256226345e+00 1.000000000000000048e-04
6.227622662266226961e+00 1.000000000000000048e-04
6.228622762276227576e+00 1.000000000000000048e-04
6.229622862286229079e+00 1.000000000000000048e-04
6.230622962296229694e+00 1.000000000000000048e-04
6.231623062306231198e+00 1.000000000000000048e-04
6.232623162316231813e+00 1.000000000000000048e-04
6.233623262326233316e+00 1.000000000000000048e-04
6.234623362336233932e+00 1.000000000000000048e-04
6.235623462346235435e+00 1.000000000000000048e-04
6.236623562356236050e+00 1.000000000000000048e-04
6.237623662366236665e+00 1.000000000000000048e-04
6.238623762376238169e+00 1.000000000000000048e-04
6.239623862386238784e+00 1.000000000000000048e-04
6.240623962396240287e+00 1.000000000000000048e-04
6.241624062406240903e+00 1.000000000000000048e-04
6.242624162416242406e+00 1.000000000000000048e-04
6.243624262426243021e+00 1.000000000000000048e-04
6.244624362436243636e+00 1.000000000000000048e-04
6.245624462446245140e+00 1.000000000000000048e-04
6.246624562456245755e+00 1.000000000000000048e-04
6.247624662466247258e+00 1.000000000000000048e-04
6.248624762476247874e+00 1.000000000000000048e-04
6.249624862486249377e+00 1.000000000000000048e-04
6.250624962496249992e+00 1.000000000000000048e-04
6.251625062506250607e+00 1.000000000000000048e-04
6.252625162516252111e+00 1.000000000000000048e-04
6.253625262526252726e+00 1.000000000000000048e-04
6.254625362536254229e+00 1.000000000000000048e-04
6.255625462546254845e+00 1.000000000000000048e-04
6.256625562556256348e+00 1.000000000000000048e-04
6.257625662566256963e+00 1.000000000000000048e-04
6.258625762576257578e+00 1.000000000000000048e-04
6.259625862586259082e+00 1.000000000000000048e-04
6.260625962596259697e+00 1.000000000000000048e-04
6.261626062606261200e+00 1.000000000000000048e-04
6.262626162616261816e+00 1.000000000000000048e-04
6.263626262626263319e+00 1.000000000000000048e-04
6.264626362636263934e+00 1.000000000000000048e-04
6.265626462646265438e+00 1.000000000000000048e-04
6.266626562656266053e+00 1.000000000000000048e-04
6.267626662666266668e+00 1.000000000000000048e-04
6.268626762676268172e+00 1.000000000000000048e-04
6.269626862686268787e+00 1.000000000000000048e-04
6.270626962696270290e+00 1.000000000000000048e-04
6.271627062706270905e+00 1.000000000000000048e-04
6.272627162716272409e+00 1.000000000000000048e-04
6.273627262726273024e+00 1.000000000000000048e-04
6.274627362736273639e+00 1.000000000000000048e-04
6.275627462746275143e+00 1.000000000000000048e-04
6.276627562756275758e+00 1.000000000000000048e-04
6.277627662766277261e+00 1.000000000000000048e-04
6.278627762776277876e+00 1.000000000000000048e-04
6.279627862786279380e+00 1.000000000000000048e-04
6.280627962796279995e+00 1.000000000000000048e-04
6.281628062806280610e+00 1.000000000000000048e-04
6.282628162816282114e+00 1.000000000000000048e-04
6.283628262826282729e+00 1.000000000000000048e-04
6.284628362836284232e+00 1.000000000000000048e-04
6.285628462846284847e+00 1.000000000000000048e-04
6.286628562856286351e+00 1.000000000000000048e-04
6.287628662866286966e+00 1.000000000000000048e-04
6.288628762876287581e+00 1.000000000000000048e-04
6.289628862886289085e+00 1.000000000000000048e-04
6.290628962896289700e+00 1.000000000000000048e-04
6.291629062906291203e+00 1.000000000000000048e-04
6.292629162916291818e+00 1.000000000000000048e-04
6.293629262926293322e+00 1.000000000000000048e-04
6.294629362936293937e+00 1.000000000000000048e-04
6.295629462946295440e+00 1.000000000000000048e-04
6.296629562956296056e+00 1.000000000000000048e-04
6.297629662966296671e+00 1.000000000000000048e-04
6.298629762976298174e+00 1.000000000000000048e-04
6.299629862986298789e+00 1.000000000000000048e-04
6.300629962996300293e+00 1.000000000000000048e-04
6.301630063006300908e+00 1.000000000000000048e-04
6.302630163016302411e+00 1.000000000000000048e-04
6.303630263026303027e+00 1.000000000000000048e-04
6.304630363036303642e+00 1.000000000000000048e-04
6.305630463046305145e+00 1.000000000000000048e-04
6.306630563056305760e+00 1.000000000000000048e-04
6.307630663066307264e+00 1.000000000000000048e-04
6.308630763076307879e+00 1.000000000000000048e-04
6.309630863086309382e+00 1.000000000000000048e-04
6.310630963096309998e+00 1.000000000000000048e-04
6.311631063106310613e+00 1.000000000000000048e-04
6.312631163116312116e+00 1.000000000000000048e-04
6.313631263126312732e+00 1.000000000000000048e-04
6.314631363136314235e+00 1.000000000000000048e-04
6.315631463146314850e+00 1.000000000000000048e-04
6.316631563156316354e+00 1.000000000000000048e-04
6.317631663166316969e+00 1.000000000000000048e-04
6.318631763176317584e+00 1.000000000000000048e-04
6.319631863186319087e+00 1.000000000000000048e-04
6.320631963196319703e+00 1.000000000000000048e-04
6.321632063206321206e+00 1.000000000000000048e-04
6.322632163216321821e+00 1.000000000000000048e-04
6.323632263226323325e+00 1.000000000000000048e-04
6.324632363236323940e+00 1.000000000000000048e-04
6.325632463246325443e+00 1.000000000000000048e-04
6.326632563256326058e+00 1.000000000000000048e-04
6.327632663266326674e+00 1.000000000000000048e-04
6.328632763276328177e+00 1.000000000000000048e-04
6.329632863286328792e+00 1.000000000000000048e-04
6.330632963296330296e+00 1.000000000000000048e-04
6.331633063306330911e+00 1.000000000000000048e-04
6.332633163316332414e+00 1.000000000000000048e-04
6.333633263326333029e+00 1.000000000000000048e-04
6.334633363336333645e+00 1.000000000000000048e-04
6.335633463346335148e+00 1.000000000000000048e-04
6.336633563356335763e+00 1.000000000000000048e-04
6.337633663366337267e+00 1.000000000000000048e-04
6.338633763376337882e+00 1.000000000000000048e-04
6.339633863386339385e+00 1.000000000000000048e-04
6.340633963396340000e+00 1.000000000000000048e-04
6.341634063406340616e+00 1.000000000000000048e-04
6.342634163416342119e+00 1.000000000000000048e-04
6.343634263426342734e+00 1.000000000000000048e-04
6.344634363436344238e+00 1.000000000000000048e-04
6.345634463446344853e+00 1.000000000000000048e-04
6.346634563456346356e+00 1.000000000000000048e-04
6.347634663466346971e+00 1.000000000000000048e-04
6.348634763476347587e+00 1.000000000000000048e-04
6.349634863486349090e+00 1.000000000000000048e-04
6.350634963496349705e+00 1.000000000000000048e-04
6.351635063506351209e+00 1.000000000000000048e-04
6.352635163516351824e+00 1.000000000000000048e-04
6.353635263526353327e+00 1.000000000000000048e-04
6.354635363536353942e+00 1.000000000000000048e-04
6.355635463546355446e+00 1.000000000000000048e-04
6.356635563556356061e+00 1.000000000000000048e-04
6.357635663566356676e+00 1.000000000000000048e-04
6.358635763576358180e+00 1.000000000000000048e-04
6.359635863586358795e+00 1.000000000000000048e-04
6.360635963596360298e+00 1.000000000000000048e-04
6.361636063606360914e+00 1.000000000000000048e-04
6.362636163616362417e+00 1.000000000000000048e-04
6.363636263626363032e+00 1.000000000000000048e-04
6.364636363636363647e+00 1.000000000000000048e-04
6.365636463646365151e+00 1.000000000000000048e-04
6.366636563656365766e+00 1.000000000000000048e-04
6.367636663666367269e+00 1.000000000000000048e-04
6.368636763676367885e+00 1.000000000000000048e-04
6.369636863686369388e+00 1.000000000000000048e-04
6.370636963696370003e+00 1.000000000000000048e-04
6.371637063706370618e+00 1.000000000000000048e-04
6.372637163716372122e+00 1.000000000000000048e-04
6.373637263726372737e+00 1.000000000000000048e-04
6.374637363736374240e+00 1.000000000000000048e-04
6.375637463746374856e+00 1.000000000000000048e-04
6.376637563756376359e+00 1.000000000000000048e-04
6.377637663766376974e+00 1.000000000000000048e-04
6.378637763776377589e+00 1.000000000000000048e-04
6.379637863786379093e+00 1.000000000000000048e-04
6.380637963796379708e+00 1.000000000000000048e-04
6.381638063806381211e+00 1.000000000000000048e-04
6.382638163816381827e+00 1.000000000000000048e-04
6.383638263826383330e+00 1.000000000000000048e-04
6.384638363836383945e+00 1.000000000000000048e-04
6.385638463846385449e+00 1.000000000000000048e-04
6.386638563856386064e+00 1.000000000000000048e-04
6.387638663866386679e+00 1.000000000000000048e-04
6.388638763876388182e+00 1.000000000000000048e-04
6.389638863886388798e+00 1.000000000000000048e-04
6.390638963896390301e+00 1.000000000000000048e-04
6.391639063906390916e+00 1.000000000000000048e-04
6.392639163916392420e+00 1.000000000000000048e-04
6.393639263926393035e+00 1.000000000000000048e-04
6.394639363936393650e+00 1.000000000000000048e-04
6.395639463946395153e+00 1.000000000000000048e-04
6.396639563956395769e+00 1.000000000000000048e-04
6.397639663966397272e+00 1.000000000000000048e-04
6.398639763976397887e+00 1.000000000000000048e-04
6.399639863986399391e+00 1.000000000000000048e-04
6.400639963996400006e+00 1.000000000000000048e-04
6.401640064006400621e+00 1.000000000000000048e-04
6.402640164016402125e+00 1.000000000000000048e-04
6.403640264026402740e+00 1.000000000000000048e-04
6.404640364036404243e+00 1.000000000000000048e-04
6.405640464046404858e+00 1.000000000000000048e-04
6.406640564056406362e+00 1.000000000000000048e-04
6.407640664066406977e+00 1.000000000000000048e-04
6.408640764076407592e+00 1.000000000000000048e-04
6.409640864086409096e+00 1.000000000000000048e-04
6.410640964096409711e+00 1.000000000000000048e-04
6.411641064106411214e+00 1.000000000000000048e-04
6.412641164116411829e+00 1.000000000000000048e-04
6.413641264126413333e+00 1.000000000000000048e-04
6.414641364136413948e+00 1.000000000000000048e-04
6.415641464146415451e+00 1.000000000000000048e-04
6.416641564156416067e+00 1.000000000000000048e-04
6.417641664166416682e+00 1.000000000000000048e-04
6.418641764176418185e+00 1.000000000000000048e-04
6.419641864186418800e+00 1.000000000000000048e-04
6.420641964196420304e+00 1.000000000000000048e-04
6.421642064206420919e+00 1.000000000000000048e-04
6.422642164216422422e+00 1.000000000000000048e-04
6.423642264226423038e+00 1.000000000000000048e-04
6.424642364236423653e+00 1.000000000000000048e-04
6.425642464246425156e+00 1.000000000000000048e-04
6.426642564256425771e+00 1.000000000000000048e-04
6.427642664266427275e+00 1.000000000000000048e-04
6.428642764276427890e+00 1.000000000000000048e-04
6.429642864286429393e+00 1.000000000000000048e-04
6.430642964296430009e+00 1.000000000000000048e-04
6.431643064306430624e+00 1.000000000000000048e-04
6.432643164316432127e+00 1.000000000000000048e-04
6.433643264326432742e+00 1.000000000000000048e-04
6.434643364336434246e+00 1.000000000000000048e-04
6.435643464346434861e+00 1.000000000000000048e-04
6.436643564356436364e+00 1.000000000000000048e-04
6.437643664366436980e+00 1.000000000000000048e-04
6.438643764376437595e+00 1.000000000000000048e-04
6.439643864386439098e+00 1.000000000000000048e-04
6.440643964396439713e+00 1.000000000000000048e-04
6.441644064406441217e+00 1.000000000000000048e-04
6.442644164416441832e+00 1.000000000000000048e-04
6.443644264426443335e+00 1.000000000000000048e-04
6.444644364436443951e+00 1.000000000000000048e-04
6.445644464446445454e+00 1.000000000000000048e-04
6.446644564456446069e+00 1.000000000000000048e-04
6.447644664466446685e+00 1.000000000000000048e-04
6.448644764476448188e+00 1.000000000000000048e-04
6.449644864486448803e+00 1.000000000000000048e-04
6.450644964496450307e+00 1.000000000000000048e-04
6.451645064506450922e+00 1.000000000000000048e-04
6.452645164516452425e+00 1.000000000000000048e-04
6.453645264526453040e+00 1.000000000000000048e-04
6.454645364536453656e+00 1.000000000000000048e-04
6.455645464546455159e+00 1.000000000000000048e-04
6.456645564556455774e+00 1.000000000000000048e-04
6.457645664566457278e+00 1.000000000000000048e-04
6.458645764576457893e+00 1.000000000000000048e-04
6.459645864586459396e+00 1.000000000000000048e-04
6.460645964596460011e+00 1.000000000000000048e-04
6.461646064606460627e+00 1.000000000000000048e-04
6.462646164616462130e+00 1.000000000000000048e-04
6.463646264626462745e+00 1.000000000000000048e-04
6.464646364636464249e+00 1.000000000000000048e-04
6.465646464646464864e+00 1.000000000000000048e-04
6.466646564656466367e+00 1.000000000000000048e-04
6.467646664666466982e+00 1.000000000000000048e-04
6.468646764676467598e+00 1.000000000000000048e-04
6.469646864686469101e+00 1.000000000000000048e-04
6.470646964696469716e+00 1.000000000000000048e-04
6.471647064706471220e+00 1.000000000000000048e-04
6.472647164716471835e+00 1.000000000000000048e-04
6.473647264726473338e+00 1.000000000000000048e-04
6.474647364736473953e+00 1.000000000000000048e-04
6.475647464746475457e+00 1.000000000000000048e-04
6.476647564756476072e+00 1.000000000000000048e-04
6.477647664766476687e+00 1.000000000000000048e-04
6.478647764776478191e+00 1.000000000000000048e-04
6.479647864786478806e+00 1.000000000000000048e-04
6.480647964796480309e+00 1.000000000000000048e-04
6.481648064806480924e+00 1.000000000000000048e-04
6.482648164816482428e+00 1.000000000000000048e-04
6.483648264826483043e+00 1.000000000000000048e-04
6.484648364836483658e+00 1.000000000000000048e-04
6.485648464846485162e+00 1.000000000000000048e-04
6.486648564856485777e+00 1.000000000000000048e-04
6.487648664866487280e+00 1.000000000000000048e-04
6.488648764876487895e+00 1.000000000000000048e-04
6.489648864886489399e+00 1.000000000000000048e-04
6.490648964896490014e+00 1.000000000000000048e-04
6.491649064906490629e+00 1.000000000000000048e-04
6.492649164916492133e+00 1.000000000000000048e-04
6.493649264926492748e+00 1.000000000000000048e-04
6.494649364936494251e+00 1.000000000000000048e-04
6.495649464946494867e+00 1.000000000000000048e-04
6.496649564956496370e+00 1.000000000000000048e-04
6.497649664966496985e+00 1.000000000000000048e-04
6.498649764976497600e+00 1.000000000000000048e-04
6.499649864986499104e+00 1.000000000000000048e-04
6.500649964996499719e+00 1.000000000000000048e-04
6.501650065006501222e+00 1.000000000000000048e-04
6.502650165016501838e+00 1.000000000000000048e-04
6.503650265026503341e+00 1.000000000000000048e-04
6.504650365036503956e+00 1.000000000000000048e-04
6.505650465046505460e+00 1.000000000000000048e-04
6.506650565056506075e+00 1.000000000000000048e-04
6.507650665066506690e+00 1.000000000000000048e-04
6.508650765076508193e+00 1.000000000000000048e-04
6.509650865086508809e+00 1.000000000000000048e-04
6.510650965096510312e+00 1.000000000000000048e-04
6.511651065106510927e+00 1.000000000000000048e-04
6.512651165116512431e+00 1.000000000000000048e-04
6.513651265126513046e+00 1.000000000000000048e-04
6.514651365136513661e+00 1.000000000000000048e-04
6.515651465146515164e+00 1.000000000000000048e-04
6.516651565156515780e+00 1.000000000000000048e-04
6.517651665166517283e+00 1.000000000000000048e-04
6.518651765176517898e+00 1.000000000000000048e-04
6.519651865186519402e+00 1.000000000000000048e-04
6.520651965196520017e+00 1.000000000000000048e-04
6.521652065206520632e+00 1.000000000000000048e-04
6.522652165216522135e+00 1.000000000000000048e-04
6.523652265226522751e+00 1.000000000000000048e-04
6.524652365236524254e+00 1.000000000000000048e-04
6.525652465246524869e+00 1.000000000000000048e-04
6.526652565256526373e+00 1.000000000000000048e-04
6.527652665266526988e+00 1.000000000000000048e-04
6.528652765276527603e+00 1.000000000000000048e-04
6.529652865286529106e+00 1.000000000000000048e-04
6.530652965296529722e+00 1.000000000000000048e-04
6.531653065306531225e+00 1.000000000000000048e-04
6.532653165316531840e+00 1.000000000000000048e-04
6.533653265326533344e+00 1.000000000000000048e-04
6.534653365336533959e+00 1.000000000000000048e-04
6.535653465346535462e+00 1.000000000000000048e-04
6.536653565356536078e+00 1.000000000000000048e-04
6.537653665366536693e+00 1.000000000000000048e-04
6.538653765376538196e+00 1.000000000000000048e-04
6.539653865386538811e+00 1.000000000000000048e-04
6.540653965396540315e+00 1.000000000000000048e-04
6.541654065406540930e+00 1.000000000000000048e-04
6.542654165416542433e+00 1.000000000000000048e-04
6.543654265426543049e+00 1.000000000000000048e-04
6.544654365436543664e+00 1.000000000000000048e-04
6.545654465446545167e+00 1.000000000000000048e-04
6.546654565456545782e+00 1.000000000000000048e-04
6.547654665466547286e+00 1.000000000000000048e-04
6.548654765476547901e+00 1.000000000000000048e-04
6.549654865486549404e+00 1.000000000000000048e-04
6.550654965496550020e+00 1.000000000000000048e-04
6.551655065506550635e+00 1.000000000000000048e-04
6.552655165516552138e+00 1.000000000000000048e-04
6.553655265526552753e+00 1.000000000000000048e-04
6.554655365536554257e+00 1.000000000000000048e-04
6.555655465546554872e+00 1.000000000000000048e-04
6.556655565556556375e+00 1.000000000000000048e-04
6.557655665566556991e+00 1.000000000000000048e-04
6.558655765576557606e+00 1.000000000000000048e-04
6.559655865586559109e+00 1.000000000000000048e-04
6.560655965596559724e+00 1.000000000000000048e-04
6.561656065606561228e+00 1.000000000000000048e-04
6.562656165616561843e+00 1.000000000000000048e-04
6.563656265626563346e+00 1.000000000000000048e-04
6.564656365636563962e+00 1.000000000000000048e-04
6.565656465646565465e+00 1.000000000000000048e-04
6.566656565656566080e+00 1.000000000000000048e-04
6.567656665666566695e+00 1.000000000000000048e-04
6.568656765676568199e+00 1.000000000000000048e-04
6.569656865686568814e+00 1.000000000000000048e-04
6.570656965696570317e+00 1.000000000000000048e-04
6.571657065706570933e+00 1.000000000000000048e-04
6.572657165716572436e+00 1.000000000000000048e-04
6.573657265726573051e+00 1.000000000000000048e-04
6.574657365736573666e+00 1.000000000000000048e-04
6.575657465746575170e+00 1.000000000000000048e-04
6.576657565756575785e+00 1.000000000000000048e-04
6.577657665766577288e+00 1.000000000000000048e-04
6.578657765776577904e+00 1.000000000000000048e-04
6.579657865786579407e+00 1.000000000000000048e-04
6.580657965796580022e+00 1.000000000000000048e-04
6.581658065806580638e+00 1.000000000000000048e-04
6.582658165816582141e+00 1.000000000000000048e-04
6.583658265826582756e+00 1.000000000000000048e-04
6.584658365836584260e+00 1.000000000000000048e-04
6.585658465846584875e+00 1.000000000000000048e-04
6.586658565856586378e+00 1.000000000000000048e-04
6.587658665866586993e+00 1.000000000000000048e-04
6.588658765876587609e+00 1.000000000000000048e-04
6.589658865886589112e+00 1.000000000000000048e-04
6.590658965896589727e+00 1.000000000000000048e-04
6.591659065906591231e+00 1.000000000000000048e-04
6.592659165916591846e+00 1.000000000000000048e-04
6.593659265926593349e+00 1.000000000000000048e-04
6.594659365936593964e+00 1.000000000000000048e-04
6.595659465946595468e+00 1.000000000000000048e-04
6.596659565956596083e+00 1.000000000000000048e-04
6.597659665966596698e+00 1.000000000000000048e-04
6.598659765976598202e+00 1.000000000000000048e-04
6.599659865986598817e+00 1.000000000000000048e-04
6.600659965996600320e+00 1.000000000000000048e-04
6.601660066006600935e+00 1.000000000000000048e-04
6.602660166016602439e+00 1.000000000000000048e-04
6.603660266026603054e+00 1.000000000000000048e-04
6.604660366036603669e+00 1.000000000000000048e-04
6.605660466046605173e+00 1.000000000000000048e-04
6.606660566056605788e+00 1.000000000000000048e-04
6.607660666066607291e+00 1.000000000000000048e-04
6.608660766076607906e+00 1.000000000000000048e-04
6.609660866086609410e+00 1.000000000000000048e-04
6.610660966096610025e+00 1.000000000000000048e-04
6.611661066106610640e+00 1.000000000000000048e-04
6.612661166116612144e+00 1.000000000000000048e-04
6.613661266126612759e+00 1.000000000000000048e-04
6.614661366136614262e+00 1.000000000000000048e-04
6.615661466146614877e+00 1.000000000000000048e-04
6.616661566156616381e+00 1.000000000000000048e-04
6.617661666166616996e+00 1.000000000000000048e-04
6.618661766176617611e+00 1.000000000000000048e-04
6.619661866186619115e+00 1.000000000000000048e-04
6.620661966196619730e+00 1.000000000000000048e-04
6.621662066206621233e+00 1.000000000000000048e-04
6.622662166216621848e+00 1.000000000000000048e-04
6.623662266226623352e+00 1.000000000000000048e-04
6.624662366236623967e+00 1.000000000000000048e-04
6.625662466246625470e+00 1.000000000000000048e-04
6.626662566256626086e+00 1.000000000000000048e-04
6.627662666266626701e+00 1.000000000000000048e-04
6.628662766276628204e+00 1.000000000000000048e-04
6.629662866286628820e+00 1.000000000000000048e-04
6.630662966296630323e+00 1.000000000000000048e-04
6.631663066306630938e+00 1.000000000000000048e-04
6.632663166316632442e+00 1.000000000000000048e-04
6.633663266326633057e+00 1.000000000000000048e-04
6.634663366336633672e+00 1.000000000000000048e-04
6.635663466346635175e+00 1.000000000000000048e-04
6.636663566356635791e+00 1.000000000000000048e-04
6.637663666366637294e+00 1.000000000000000048e-04
6.638663766376637909e+00 1.000000000000000048e-04
6.639663866386639413e+00 1.000000000000000048e-04
6.640663966396640028e+00 1.000000000000000048e-04
6.641664066406640643e+00 1.000000000000000048e-04
6.642664166416642146e+00 1.000000000000000048e-04
6.643664266426642762e+00 1.000000000000000048e-04
6.644664366436644265e+00 1.000000000000000048e-04
6.645664466446644880e+00 1.000000000000000048e-04
6.646664566456646384e+00 1.000000000000000048e-04
6.647664666466646999e+00 1.000000000000000048e-04
6.648664766476647614e+00 1.000000000000000048e-04
6.649664866486649117e+00 1.000000000000000048e-04
6.650664966496649733e+00 1.000000000000000048e-04
6.651665066506651236e+00 1.000000000000000048e-04
6.652665166516651851e+00 1.000000000000000048e-04
6.653665266526653355e+00 1.000000000000000048e-04
6.654665366536653970e+00 1.000000000000000048e-04
6.655665466546655473e+00 1.000000000000000048e-04
6.656665566556656088e+00 1.000000000000000048e-04
6.657665666566656704e+00 1.000000000000000048e-04
6.658665766576658207e+00 1.000000000000000048e-04
6.659665866586658822e+00 1.000000000000000048e-04
6.660665966596660326e+00 1.000000000000000048e-04
6.661666066606660941e+00 1.000000000000000048e-04
6.662666166616662444e+00 1.000000000000000048e-04
6.663666266626663059e+00 1.000000000000000048e-04
6.664666366636663675e+00 1.000000000000000048e-04
6.665666466646665178e+00 1.000000000000000048e-04
6.666666566656665793e+00 1.000000000000000048e-04
6.667666666666667297e+00 1.000000000000000048e-04
6.668666766676667912e+00 1.000000000000000048e-04
6.669666866686669415e+00 1.000000000000000048e-04
6.670666966696670031e+00 1.000000000000000048e-04
6.671667066706670646e+00 1.000000000000000048e-04
6.672667166716672149e+00 1.000000000000000048e-04
6.673667266726672764e+00 1.000000000000000048e-04
6.674667366736674268e+00 1.000000000000000048e-04
6.675667466746674883e+00 1.000000000000000048e-04
6.676667566756676386e+00 1.000000000000000048e-04
6.677667666766677002e+00 1.000000000000000048e-04
6.678667766776677617e+00 1.000000000000000048e-04
6.679667866786679120e+00 1.000000000000000048e-04
6.680667966796679735e+00 1.000000000000000048e-04
6.681668066806681239e+00 1.000000000000000048e-04
6.682668166816681854e+00 1.000000000000000048e-04
6.683668266826683357e+00 1.000000000000000048e-04
6.684668366836683973e+00 1.000000000000000048e-04
6.685668466846685476e+00 1.000000000000000048e-04
6.686668566856686091e+00 1.000000000000000048e-04
6.687668666866686706e+00 1.000000000000000048e-04
6.688668766876688210e+00 1.000000000000000048e-04
6.689668866886688825e+00 1.000000000000000048e-04
6.690668966896690328e+00 1.000000000000000048e-04
6.691669066906690944e+00 1.000000000000000048e-04
6.692669166916692447e+00 1.000000000000000048e-04
6.693669266926693062e+00 1.000000000000000048e-04
6.694669366936693677e+00 1.000000000000000048e-04
6.695669466946695181e+00 1.000000000000000048e-04
6.696669566956695796e+00 1.000000000000000048e-04
6.697669666966697299e+00 1.000000000000000048e-04
6.698669766976697915e+00 1.000000000000000048e-04
6.699669866986699418e+00 1.000000000000000048e-04
6.700669966996700033e+00 1.000000000000000048e-04
6.701670067006700648e+00 1.000000000000000048e-04
6.702670167016702152e+00 1.000000000000000048e-04
6.703670267026702767e+00 1.000000000000000048e-04
6.704670367036704270e+00 1.000000000000000048e-04
6.705670467046704886e+00 1.000000000000000048e-04
6.706670567056706389e+00 1.000000000000000048e-04
6.707670667066707004e+00 1.000000000000000048e-04
6.708670767076707619e+00 1.000000000000000048e-04
6.709670867086709123e+00 1.000000000000000048e-04
6.710670967096709738e+00 1.000000000000000048e-04
6.711671067106711241e+00 1.000000000000000048e-04
6.712671167116711857e+00 1.000000000000000048e-04
6.713671267126713360e+00 1.000000000000000048e-04
6.714671367136713975e+00 1.000000000000000048e-04
6.715671467146715479e+00 1.000000000000000048e-04
6.716671567156716094e+00 1.000000000000000048e-04
6.717671667166716709e+00 1.000000000000000048e-04
6.718671767176718213e+00 1.000000000000000048e-04
6.719671867186718828e+00 1.000000000000000048e-04
6.720671967196720331e+00 1.000000000000000048e-04
6.721672067206720946e+00 1.000000000000000048e-04
6.722672167216722450e+00 1.000000000000000048e-04
6.723672267226723065e+00 1.000000000000000048e-04
6.724672367236723680e+00 1.000000000000000048e-04
6.725672467246725184e+00 1.000000000000000048e-04
6.726672567256725799e+00 1.000000000000000048e-04
6.727672667266727302e+00 1.000000000000000048e-04
6.728672767276727917e+00 1.000000000000000048e-04
6.729672867286729421e+00 1.000000000000000048e-04
6.730672967296730036e+00 1.000000000000000048e-04
6.731673067306730651e+00 1.000000000000000048e-04
6.732673167316732155e+00 1.000000000000000048e-04
6.733673267326732770e+00 1.000000000000000048e-04
6.734673367336734273e+00 1.000000000000000048e-04
6.735673467346734888e+00 1.000000000000000048e-04
6.736673567356736392e+00 1.000000000000000048e-04
6.737673667366737007e+00 1.000000000000000048e-04
6.738673767376737622e+00 1.000000000000000048e-04
6.739673867386739126e+00 1.000000000000000048e-04
6.740673967396739741e+00 1.000000000000000048e-04
6.741674067406741244e+00 1.000000000000000048e-04
6.742674167416741859e+00 1.000000000000000048e-04
6.743674267426743363e+00 1.000000000000000048e-04
6.744674367436743978e+00 1.000000000000000048e-04
6.745674467446745481e+00 1.000000000000000048e-04
6.746674567456746097e+00 1.000000000000000048e-04
6.747674667466746712e+00 1.000000000000000048e-04
6.748674767476748215e+00 1.000000000000000048e-04
6.749674867486748830e+00 1.000000000000000048e-04
6.750674967496750334e+00 1.000000000000000048e-04
6.751675067506750949e+00 1.000000000000000048e-04
6.752675167516752452e+00 1.000000000000000048e-04
6.753675267526753068e+00 1.000000000000000048e-04
6.754675367536753683e+00 1.000000000000000048e-04
6.755675467546755186e+00 1.000000000000000048e-04
6.756675567556755801e+00 1.000000000000000048e-04
6.757675667566757305e+00 1.000000000000000048e-04
6.758675767576757920e+00 1.000000000000000048e-04
6.759675867586759423e+00 1.000000000000000048e-04
6.760675967596760039e+00 1.000000000000000048e-04
6.761676067606760654e+00 1.000000000000000048e-04
6.762676167616762157e+00 1.000000000000000048e-04
6.763676267626762773e+00 1.000000000000000048e-04
6.764676367636764276e+00 1.000000000000000048e-04
6.765676467646764891e+00 1.000000000000000048e-04
6.766676567656766395e+00 1.000000000000000048e-04
6.767676667666767010e+00 1.000000000000000048e-04
6.768676767676767625e+00 1.000000000000000048e-04
6.769676867686769128e+00 1.000000000000000048e-04
6.770676967696769744e+00 1.000000000000000048e-04
6.771677067706771247e+00 1.000000000000000048e-04
6.772677167716771862e+00 1.000000000000000048e-04
6.773677267726773366e+00 1.000000000000000048e-04
6.774677367736773981e+00 1.000000000000000048e-04
6.775677467746775484e+00 1.000000000000000048e-04
6.776677567756776099e+00 1.000000000000000048e-04
6.777677667766776715e+00 1.000000000000000048e-04
6.778677767776778218e+00 1.000000000000000048e-04
6.779677867786778833e+00 1.000000000000000048e-04
6.780677967796780337e+00 1.000000000000000048e-04
6.781678067806780952e+00 1.000000000000000048e-04
6.782678167816782455e+00 1.000000000000000048e-04
6.783678267826783070e+00 1.000000000000000048e-04
6.784678367836783686e+00 1.000000000000000048e-04
6.785678467846785189e+00 1.000000000000000048e-04
6.786678567856785804e+00 1.000000000000000048e-04
6.787678667866787308e+00 1.000000000000000048e-04
6.788678767876787923e+00 1.000000000000000048e-04
6.789678867886789426e+00 1.000000000000000048e-04
6.790678967896790041e+00 1.000000000000000048e-04
6.791679067906790657e+00 1.000000000000000048e-04
6.792679167916792160e+00 1.000000000000000048e-04
6.793679267926792775e+00 1.000000000000000048e-04
6.794679367936794279e+00 1.000000000000000048e-04
6.795679467946794894e+00 1.000000000000000048e-04
6.796679567956796397e+00 1.000000000000000048e-04
6.797679667966797012e+00 1.000000000000000048e-04
6.798679767976797628e+00 1.000000000000000048e-04
6.799679867986799131e+00 1.000000000000000048e-04
6.800679967996799746e+00 1.000000000000000048e-04
6.801680068006801250e+00 1.000000000000000048e-04
6.802680168016801865e+00 1.000000000000000048e-04
6.803680268026803368e+00 1.000000000000000048e-04
6.804680368036803984e+00 1.000000000000000048e-04
6.805680468046805487e+00 1.000000000000000048e-04
6.806680568056806102e+00 1.000000000000000048e-04
6.807680668066806717e+00 1.000000000000000048e-04
6.808680768076808221e+00 1.000000000000000048e-04
6.809680868086808836e+00 1.000000000000000048e-04
6.810680968096810339e+00 1.000000000000000048e-04
6.811681068106810955e+00 1.000000000000000048e-04
6.812681168116812458e+00 1.000000000000000048e-04
6.813681268126813073e+00 1.000000000000000048e-04
6.814681368136813688e+00 1.000000000000000048e-04
6.815681468146815192e+00 1.000000000000000048e-04
6.816681568156815807e+00 1.000000000000000048e-04
6.817681668166817310e+00 1.000000000000000048e-04
6.818681768176817926e+00 1.000000000000000048e-04
6.819681868186819429e+00 1.000000000000000048e-04
6.820681968196820044e+00 1.000000000000000048e-04
6.821682068206820659e+00 1.000000000000000048e-04
6.822682168216822163e+00 1.000000000000000048e-04
6.823682268226822778e+00 1.000000000000000048e-04
6.824682368236824281e+00 1.000000000000000048e-04
6.825682468246824897e+00 1.000000000000000048e-04
6.826682568256826400e+00 1.000000000000000048e-04
6.827682668266827015e+00 1.000000000000000048e-04
6.828682768276827630e+00 1.000000000000000048e-04
6.829682868286829134e+00 1.000000000000000048e-04
6.830682968296829749e+00 1.000000000000000048e-04
6.831683068306831252e+00 1.000000000000000048e-04
6.832683168316831868e+00 1.000000000000000048e-04
6.833683268326833371e+00 1.000000000000000048e-04
6.834683368336833986e+00 1.000000000000000048e-04
6.835683468346835490e+00 1.000000000000000048e-04
6.836683568356836105e+00 1.000000000000000048e-04
6.837683668366836720e+00 1.000000000000000048e-04
6.838683768376838223e+00 1.000000000000000048e-04
6.839683868386838839e+00 1.000000000000000048e-04
6.840683968396840342e+00 1.000000000000000048e-04
6.841684068406840957e+00 1.000000000000000048e-04
6.842684168416842461e+00 1.000000000000000048e-04
6.843684268426843076e+00 1.000000000000000048e-04
6.844684368436843691e+00 1.000000000000000048e-04
6.845684468446845194e+00 1.000000000000000048e-04
6.846684568456845810e+00 1.000000000000000048e-04
6.847684668466847313e+00 1.000000000000000048e-04
6.848684768476847928e+00 1.000000000000000048e-04
6.849684868486849432e+00 1.000000000000000048e-04
6.850684968496850047e+00 1.000000000000000048e-04
6.851685068506850662e+00 1.000000000000000048e-04
6.852685168516852166e+00 1.000000000000000048e-04
6.853685268526852781e+00 1.000000000000000048e-04
6.854685368536854284e+00 1.000000000000000048e-04
6.855685468546854899e+00 1.000000000000000048e-04
6.856685568556856403e+00 1.000000000000000048e-04
6.857685668566857018e+00 1.000000000000000048e-04
6.858685768576857633e+00 1.000000000000000048e-04
6.859685868586859137e+00 1.000000000000000048e-04
6.860685968596859752e+00 1.000000000000000048e-04
6.861686068606861255e+00 1.000000000000000048e-04
6.862686168616861870e+00 1.000000000000000048e-04
6.863686268626863374e+00 1.000000000000000048e-04
6.864686368636863989e+00 1.000000000000000048e-04
6.865686468646865492e+00 1.000000000000000048e-04
6.866686568656866108e+00 1.000000000000000048e-04
6.867686668666866723e+00 1.000000000000000048e-04
6.868686768676868226e+00 1.000000000000000048e-04
6.869686868686868841e+00 1.000000000000000048e-04
6.870686968696870345e+00 1.000000000000000048e-04
6.871687068706870960e+00 1.000000000000000048e-04
6.872687168716872463e+00 1.000000000000000048e-04
6.873687268726873079e+00 1.000000000000000048e-04
6.874687368736873694e+00 1.000000000000000048e-04
6.875687468746875197e+00 1.000000000000000048e-04
6.876687568756875812e+00 1.000000000000000048e-04
6.877687668766877316e+00 1.000000000000000048e-04
6.878687768776877931e+00 1.000000000000000048e-04
6.879687868786879434e+00 1.000000000000000048e-04
6.880687968796880050e+00 1.000000000000000048e-04
6.881688068806880665e+00 1.000000000000000048e-04
6.882688168816882168e+00 1.000000000000000048e-04
6.883688268826882783e+00 1.000000000000000048e-04
6.884688368836884287e+00 1.000000000000000048e-04
6.885688468846884902e+00 1.000000000000000048e-04
6.886688568856886405e+00 1.000000000000000048e-04
6.887688668866887021e+00 1.000000000000000048e-04
6.888688768876887636e+00 1.000000000000000048e-04
6.889688868886889139e+00 1.000000000000000048e-04
6.890688968896889754e+00 1.000000000000000048e-04
6.891689068906891258e+00 1.000000000000000048e-04
6.892689168916891873e+00 1.000000000000000048e-04
6.893689268926893376e+00 1.000000000000000048e-04
6.894689368936893992e+00 1.000000000000000048e-04
6.895689468946895495e+00 1.000000000000000048e-04
6.896689568956896110e+00 1.000000000000000048e-04
6.897689668966896726e+00 1.000000000000000048e-04
6.898689768976898229e+00 1.000000000000000048e-04
6.899689868986898844e+00 1.000000000000000048e-04
6.900689968996900348e+00 1.000000000000000048e-04
6.901690069006900963e+00 1.000000000000000048e-04
6.902690169016902466e+00 1.000000000000000048e-04
6.903690269026903081e+00 1.000000000000000048e-04
6.904690369036903697e+00 1.000000000000000048e-04
6.905690469046905200e+00 1.000000000000000048e-04
6.906690569056905815e+00 1.000000000000000048e-04
6.907690669066907319e+00 1.000000000000000048e-04
6.908690769076907934e+00 1.000000000000000048e-04
6.909690869086909437e+00 1.000000000000000048e-04
6.910690969096910052e+00 1.000000000000000048e-04
6.911691069106910668e+00 1.000000000000000048e-04
6.912691169116912171e+00 1.000000000000000048e-04
6.913691269126912786e+00 1.000000000000000048e-04
6.914691369136914290e+00 1.000000000000000048e-04
6.915691469146914905e+00 1.000000000000000048e-04
6.916691569156916408e+00 1.000000000000000048e-04
6.917691669166917023e+00 1.000000000000000048e-04
6.918691769176917639e+00 1.000000000000000048e-04
6.919691869186919142e+00 1.000000000000000048e-04
6.920691969196919757e+00 1.000000000000000048e-04
6.921692069206921261e+00 1.000000000000000048e-04
6.922692169216921876e+00 1.000000000000000048e-04
6.923692269226923379e+00 1.000000000000000048e-04
6.924692369236923994e+00 1.000000000000000048e-04
6.925692469246925498e+00 1.000000000000000048e-04
6.926692569256926113e+00 1.000000000000000048e-04
6.927692669266926728e+00 1.000000000000000048e-04
6.928692769276928232e+00 1.000000000000000048e-04
6.929692869286928847e+00 1.000000000000000048e-04
6.930692969296930350e+00 1.000000000000000048e-04
6.931693069306930965e+00 1.000000000000000048e-04
6.932693169316932469e+00 1.000000000000000048e-04
6.933693269326933084e+00 1.000000000000000048e-04
6.934693369336933699e+00 1.000000000000000048e-04
6.935693469346935203e+00 1.000000000000000048e-04
6.936693569356935818e+00 1.000000000000000048e-04
6.937693669366937321e+00 1.000000000000000048e-04
6.938693769376937936e+00 1.000000000000000048e-04
6.939693869386939440e+00 1.000000000000000048e-04
6.940693969396940055e+00 1.000000000000000048e-04
6.941694069406940670e+00 1.000000000000000048e-04
6.942694169416942174e+00 1.000000000000000048e-04
6.943694269426942789e+00 1.000000000000000048e-04
6.944694369436944292e+00 1.000000000000000048e-04
6.945694469446944908e+00 1.000000000000000048e-04
6.946694569456946411e+00 1.000000000000000048e-04
6.947694669466947026e+00 1.000000000000000048e-04
6.948694769476947641e+00 1.000000000000000048e-04
6.949694869486949145e+00 1.000000000000000048e-04
6.950694969496949760e+00 1.000000000000000048e-04
6.951695069506951263e+00 1.000000000000000048e-04
6.952695169516951879e+00 1.000000000000000048e-04
6.953695269526953382e+00 1.000000000000000048e-04
6.954695369536953997e+00 1.000000000000000048e-04
6.955695469546955501e+00 1.000000000000000048e-04
6.956695569556956116e+00 1.000000000000000048e-04
6.957695669566956731e+00 1.000000000000000048e-04
6.958695769576958234e+00 1.000000000000000048e-04
6.959695869586958850e+00 1.000000000000000048e-04
6.960695969596960353e+00 1.000000000000000048e-04
6.961696069606960968e+00 1.000000000000000048e-04
6.962696169616962472e+00 1.000000000000000048e-04
6.963696269626963087e+00 1.000000000000000048e-04
6.964696369636963702e+00 1.000000000000000048e-04
6.965696469646965205e+00 1.000000000000000048e-04
6.966696569656965821e+00 1.000000000000000048e-04
6.967696669666967324e+00 1.000000000000000048e-04
6.968696769676967939e+00 1.000000000000000048e-04
6.969696869686969443e+00 1.000000000000000048e-04
6.970696969696970058e+00 1.000000000000000048e-04
6.971697069706970673e+00 1.000000000000000048e-04
6.972697169716972176e+00 1.000000000000000048e-04
6.973697269726972792e+00 1.000000000000000048e-04
6.974697369736974295e+00 1.000000000000000048e-04
6.975697469746974910e+00 1.000000000000000048e-04
6.976697569756976414e+00 1.000000000000000048e-04
6.977697669766977029e+00 1.000000000000000048e-04
6.978697769776977644e+00 1.000000000000000048e-04
6.979697869786979147e+00 1.000000000000000048e-04
6.980697969796979763e+00 1.000000000000000048e-04
6.981698069806981266e+00 1.000000000000000048e-04
6.982698169816981881e+00 1.000000000000000048e-04
6.983698269826983385e+00 1.000000000000000048e-04
6.984698369836984000e+00 1.000000000000000048e-04
6.985698469846985503e+00 1.000000000000000048e-04
6.986698569856986119e+00 1.000000000000000048e-04
6.987698669866986734e+00 1.000000000000000048e-04
6.988698769876988237e+00 1.000000000000000048e-04
6.989698869886988852e+00 1.000000000000000048e-04
6.990698969896990356e+00 1.000000000000000048e-04
6.991699069906990971e+00 1.000000000000000048e-04
6.992699169916992474e+00 1.000000000000000048e-04
6.993699269926993090e+00 1.000000000000000048e-04
6.994699369936993705e+00 1.000000000000000048e-04
6.995699469946995208e+00 1.000000000000000048e-04
6.996699569956995823e+00 1.000000000000000048e-04
6.997699669966997327e+00 1.000000000000000048e-04
6.998699769976997942e+00 1.000000000000000048e-04
6.999699869986999445e+00 1.000000000000000048e-04
7.000699969997000061e+00 1.000000000000000048e-04
7.001700070007000676e+00 1.000000000000000048e-04
7.002700170017002179e+00 1.000000000000000048e-04
7.003700270027002794e+00 1.000000000000000048e-04
7.004700370037004298e+00 1.000000000000000048e-04
7.005700470047004913e+00 1.000000000000000048e-04
7.006700570057006416e+00 1.000000000000000048e-04
7.007700670067007032e+00 1.000000000000000048e-04
7.008700770077007647e+00 1.000000000000000048e-04
7.009700870087009150e+00 1.000000000000000048e-04
7.010700970097009765e+00 1.000000000000000048e-04
7.011701070107011269e+00 1.000000000000000048e-04
7.012701170117011884e+00 1.000000000000000048e-04
7.013701270127013387e+00 1.000000000000000048e-04
7.014701370137014003e+00 1.000000000000000048e-04
7.015701470147015506e+00 1.000000000000000048e-04
7.016701570157016121e+00 1.000000000000000048e-04
7.017701670167016736e+00 1.000000000000000048e-04
7.018701770177018240e+00 1.000000000000000048e-04
7.019701870187018855e+00 1.000000000000000048e-04
7.020701970197020358e+00 1.000000000000000048e-04
7.021702070207020974e+00 1.000000000000000048e-04
7.022702170217022477e+00 1.000000000000000048e-04
7.023702270227023092e+00 1.000000000000000048e-04
7.024702370237023707e+00 1.000000000000000048e-04
7.025702470247025211e+00 1.000000000000000048e-04
7.026702570257025826e+00 1.000000000000000048e-04
7.027702670267027329e+00 1.000000000000000048e-04
7.028702770277027945e+00 1.000000000000000048e-04
7.029702870287029448e+00 1.000000000000000048e-04
7.030702970297030063e+00 1.000000000000000048e-04
7.031703070307030679e+00 1.000000000000000048e-04
7.032703170317032182e+00 1.000000000000000048e-04
7.033703270327032797e+00 1.000000000000000048e-04
7.034703370337034301e+00 1.000000000000000048e-04
7.035703470347034916e+00 1.000000000000000048e-04
7.036703570357036419e+00 1.000000000000000048e-04
7.037703670367037034e+00 1.000000000000000048e-04
7.038703770377037650e+00 1.000000000000000048e-04
7.039703870387039153e+00 1.000000000000000048e-04
7.040703970397039768e+00 1.000000000000000048e-04
7.041704070407041272e+00 1.000000000000000048e-04
7.042704170417041887e+00 1.000000000000000048e-04
7.043704270427043390e+00 1.000000000000000048e-04
7.044704370437044005e+00 1.000000000000000048e-04
7.045704470447045509e+00 1.000000000000000048e-04
7.046704570457046124e+00 1.000000000000000048e-04
7.047704670467046739e+00 1.000000000000000048e-04
7.048704770477048243e+00 1.000000000000000048e-04
7.049704870487048858e+00 1.000000000000000048e-04
7.050704970497050361e+00 1.000000000000000048e-04
7.051705070507050976e+00 1.000000000000000048e-04
7.052705170517052480e+00 1.000000000000000048e-04
7.053705270527053095e+00 1.000000000000000048e-04
7.054705370537053710e+00 1.000000000000000048e-04
7.055705470547055214e+00 1.000000000000000048e-04
7.056705570557055829e+00 1.000000000000000048e-04
7.057705670567057332e+00 1.000000000000000048e-04
7.058705770577057947e+00 1.000000000000000048e-04
7.059705870587059451e+00 1.000000000000000048e-04
7.060705970597060066e+00 1.000000000000000048e-04
7.061706070607060681e+00 1.000000000000000048e-04
7.062706170617062185e+00 1.000000000000000048e-04
7.063706270627062800e+00 1.000000000000000048e-04
7.064706370637064303e+00 1.000000000000000048e-04
7.065706470647064918e+00 1.000000000000000048e-04
7.066706570657066422e+00 1.000000000000000048e-04
7.067706670667067037e+00 1.000000000000000048e-04
7.068706770677067652e+00 1.000000000000000048e-04
7.069706870687069156e+00 1.000000000000000048e-04
7.070706970697069771e+00 1.000000000000000048e-04
7.071707070707071274e+00 1.000000000000000048e-04
7.072707170717071889e+00 1.000000000000000048e-04
7.073707270727073393e+00 1.000000000000000048e-04
7.074707370737074008e+00 1.000000000000000048e-04
7.075707470747075511e+00 1.000000000000000048e-04
7.076707570757076127e+00 1.000000000000000048e-04
7.077707670767076742e+00 1.000000000000000048e-04
7.078707770777078245e+00 1.000000000000000048e-04
7.079707870787078861e+00 1.000000000000000048e-04
7.080707970797080364e+00 1.000000000000000048e-04
7.081708070807080979e+00 1.000000000000000048e-04
7.082708170817082483e+00 1.000000000000000048e-04
7.083708270827083098e+00 1.000000000000000048e-04
7.084708370837083713e+00 1.000000000000000048e-04
7.085708470847085216e+00 1.000000000000000048e-04
7.086708570857085832e+00 1.000000000000000048e-04
7.087708670867087335e+00 1.000000000000000048e-04
7.088708770877087950e+00 1.000000000000000048e-04
7.089708870887089454e+00 1.000000000000000048e-04
7.090708970897090069e+00 1.000000000000000048e-04
7.091709070907090684e+00 1.000000000000000048e-04
7.092709170917092187e+00 1.000000000000000048e-04
7.093709270927092803e+00 1.000000000000000048e-04
7.094709370937094306e+00 1.000000000000000048e-04
7.095709470947094921e+00 1.000000000000000048e-04
7.096709570957096425e+00 1.000000000000000048e-04
7.097709670967097040e+00 1.000000000000000048e-04
7.098709770977097655e+00 1.000000000000000048e-04
7.099709870987099158e+00 1.000000000000000048e-04
7.100709970997099774e+00 1.000000000000000048e-04
7.101710071007101277e+00 1.000000000000000048e-04
7.102710171017101892e+00 1.000000000000000048e-04
7.103710271027103396e+00 1.000000000000000048e-04
7.104710371037104011e+00 1.000000000000000048e-04
7.105710471047105514e+00 1.000000000000000048e-04
7.106710571057106129e+00 1.000000000000000048e-04
7.107710671067106745e+00 1.000000000000000048e-04
7.108710771077108248e+00 1.000000000000000048e-04
7.109710871087108863e+00 1.000000000000000048e-04
7.110710971097110367e+00 1.000000000000000048e-04
7.111711071107110982e+00 1.000000000000000048e-04
7.112711171117112485e+00 1.000000000000000048e-04
7.113711271127113100e+00 1.000000000000000048e-04
7.114711371137113716e+00 1.000000000000000048e-04
7.115711471147115219e+00 1.000000000000000048e-04
7.116711571157115834e+00 1.000000000000000048e-04
7.117711671167117338e+00 1.000000000000000048e-04
7.118711771177117953e+00 1.000000000000000048e-04
7.119711871187119456e+00 1.000000000000000048e-04
7.120711971197120072e+00 1.000000000000000048e-04
7.121712071207120687e+00 1.000000000000000048e-04
7.122712171217122190e+00 1.000000000000000048e-04
7.123712271227122805e+00 1.000000000000000048e-04
7.124712371237124309e+00 1.000000000000000048e-04
7.125712471247124924e+00 1.000000000000000048e-04
7.126712571257126427e+00 1.000000000000000048e-04
7.127712671267127043e+00 1.000000000000000048e-04
7.128712771277127658e+00 1.000000000000000048e-04
7.129712871287129161e+00 1.000000000000000048e-04
7.130712971297129776e+00 1.000000000000000048e-04
7.131713071307131280e+00 1.000000000000000048e-04
7.132713171317131895e+00 1.000000000000000048e-04
7.133713271327133398e+00 1.000000000000000048e-04
7.134713371337134014e+00 1.000000000000000048e-04
7.135713471347135517e+00 1.000000000000000048e-04
7.136713571357136132e+00 1.000000000000000048e-04
7.137713671367136747e+00 1.000000000000000048e-04
7.138713771377138251e+00 1.000000000000000048e-04
7.139713871387138866e+00 1.000000000000000048e-04
7.140713971397140369e+00 1.000000000000000048e-04
7.141714071407140985e+00 1.000000000000000048e-04
7.142714171417142488e+00 1.000000000000000048e-04
7.143714271427143103e+00 1.000000000000000048e-04
7.144714371437143718e+00 1.000000000000000048e-04
7.145714471447145222e+00 1.000000000000000048e-04
7.146714571457145837e+00 1.000000000000000048e-04
7.147714671467147340e+00 1.000000000000000048e-04
7.148714771477147956e+00 1.000000000000000048e-04
7.149714871487149459e+00 1.000000000000000048e-04
7.150714971497150074e+00 1.000000000000000048e-04
7.151715071507150689e+00 1.000000000000000048e-04
7.152715171517152193e+00 1.000000000000000048e-04
7.153715271527152808e+00 1.000000000000000048e-04
7.154715371537154311e+00 1.000000000000000048e-04
7.155715471547154927e+00 1.000000000000000048e-04
7.156715571557156430e+00 1.000000000000000048e-04
7.157715671567157045e+00 1.000000000000000048e-04
7.158715771577157660e+00 1.000000000000000048e-04
7.159715871587159164e+00 1.000000000000000048e-04
7.160715971597159779e+00 1.000000000000000048e-04
7.161716071607161282e+00 1.000000000000000048e-04
7.162716171617161898e+00 1.000000000000000048e-04
7.163716271627163401e+00 1.000000000000000048e-04
7.164716371637164016e+00 1.000000000000000048e-04
7.165716471647165520e+00 1.000000000000000048e-04
7.166716571657166135e+00 1.000000000000000048e-04
7.167716671667166750e+00 1.000000000000000048e-04
7.168716771677168254e+00 1.000000000000000048e-04
7.169716871687168869e+00 1.000000000000000048e-04
7.170716971697170372e+00 1.000000000000000048e-04
7.171717071707170987e+00 1.000000000000000048e-04
7.172717171717172491e+00 1.000000000000000048e-04
7.173717271727173106e+00 1.000000000000000048e-04
7.174717371737173721e+00 1.000000000000000048e-04
7.175717471747175225e+00 1.000000000000000048e-04
7.176717571757175840e+00 1.000000000000000048e-04
7.177717671767177343e+00 1.000000000000000048e-04
7.178717771777177958e+00 1.000000000000000048e-04
7.179717871787179462e+00 1.000000000000000048e-04
7.180717971797180077e+00 1.000000000000000048e-04
7.181718071807180692e+00 1.000000000000000048e-04
7.182718171817182196e+00 1.000000000000000048e-04
7.183718271827182811e+00 1.000000000000000048e-04
7.184718371837184314e+00 1.000000000000000048e-04
7.185718471847184929e+00 1.000000000000000048e-04
7.186718571857186433e+00 1.000000000000000048e-04
7.187718671867187048e+00 1.000000000000000048e-04
7.188718771877187663e+00 1.000000000000000048e-04
7.189718871887189167e+00 1.000000000000000048e-04
7.190718971897189782e+00 1.000000000000000048e-04
7.191719071907191285e+00 1.000000000000000048e-04
7.192719171917191900e+00 1.000000000000000048e-04
7.193719271927193404e+00 1.000000000000000048e-04
7.194719371937194019e+00 1.000000000000000048e-04
7.195719471947195522e+00 1.000000000000000048e-04
7.196719571957196138e+00 1.000000000000000048e-04
7.197719671967196753e+00 1.000000000000000048e-04
7.198719771977198256e+00 1.000000000000000048e-04
7.199719871987198871e+00 1.000000000000000048e-04
7.200719971997200375e+00 1.000000000000000048e-04
7.201720072007200990e+00 1.000000000000000048e-04
7.202720172017202493e+00 1.000000000000000048e-04
7.203720272027203109e+00 1.000000000000000048e-04
7.204720372037203724e+00 1.000000000000000048e-04
7.205720472047205227e+00 1.000000000000000048e-04
7.206720572057205842e+00 1.000000000000000048e-04
7.207720672067207346e+00 1.000000000000000048e-04
7.208720772077207961e+00 1.000000000000000048e-04
7.209720872087209464e+00 1.000000000000000048e-04
7.210720972097210080e+00 1.000000000000000048e-04
7.211721072107210695e+00 1.000000000000000048e-04
7.212721172117212198e+00 1.000000000000000048e-04
7.213721272127212814e+00 1.000000000000000048e-04
7.214721372137214317e+00 1.000000000000000048e-04
7.215721472147214932e+00 1.000000000000000048e-04
7.216721572157216436e+00 1.000000000000000048e-04
7.217721672167217051e+00 1.000000000000000048e-04
7.218721772177217666e+00 1.000000000000000048e-04
7.219721872187219169e+00 1.000000000000000048e-04
7.220721972197219785e+00 1.000000000000000048e-04
7.221722072207221288e+00 1.000000000000000048e-04
7.222722172217221903e+00 1.000000000000000048e-04
7.223722272227223407e+00 1.000000000000000048e-04
7.224722372237224022e+00 1.000000000000000048e-04
7.225722472247225525e+00 1.000000000000000048e-04
7.226722572257226140e+00 1.000000000000000048e-04
7.227722672267226756e+00 1.000000000000000048e-04
7.228722772277228259e+00 1.000000000000000048e-04
7.229722872287228874e+00 1.000000000000000048e-04
7.230722972297230378e+00 1.000000000000000048e-04
7.231723072307230993e+00 1.000000000000000048e-04
7.232723172317232496e+00 1.000000000000000048e-04
7.233723272327233111e+00 1.000000000000000048e-04
7.234723372337233727e+00 1.000000000000000048e-04
7.235723472347235230e+00 1.000000000000000048e-04
7.236723572357235845e+00 1.000000000000000048e-04
7.237723672367237349e+00 1.000000000000000048e-04
7.238723772377237964e+00 1.000000000000000048e-04
7.239723872387239467e+00 1.000000000000000048e-04
7.240723972397240082e+00 1.000000000000000048e-04
7.241724072407240698e+00 1.000000000000000048e-04
7.242724172417242201e+00 1.000000000000000048e-04
7.243724272427242816e+00 1.000000000000000048e-04
7.244724372437244320e+00 1.000000000000000048e-04
7.245724472447244935e+00 1.000000000000000048e-04
7.246724572457246438e+00 1.000000000000000048e-04
7.247724672467247053e+00 1.000000000000000048e-04
7.248724772477247669e+00 1.000000000000000048e-04
7.249724872487249172e+00 1.000000000000000048e-04
7.250724972497249787e+00 1.000000000000000048e-04
7.251725072507251291e+00 1.000000000000000048e-04
7.252725172517251906e+00 1.000000000000000048e-04
7.253725272527253409e+00 1.000000000000000048e-04
7.254725372537254025e+00 1.000000000000000048e-04
7.255725472547255528e+00 1.000000000000000048e-04
7.256725572557256143e+00 1.000000000000000048e-04
7.257725672567256758e+00 1.000000000000000048e-04
7.258725772577258262e+00 1.000000000000000048e-04
7.259725872587258877e+00 1.000000000000000048e-04
7.260725972597260380e+00 1.000000000000000048e-04
7.261726072607260996e+00 1.000000000000000048e-04
7.262726172617262499e+00 1.000000000000000048e-04
7.263726272627263114e+00 1.000000000000000048e-04
7.264726372637263729e+00 1.000000000000000048e-04
7.265726472647265233e+00 1.000000000000000048e-04
7.266726572657265848e+00 1.000000000000000048e-04
7.267726672667267351e+00 1.000000000000000048e-04
7.268726772677267967e+00 1.000000000000000048e-04
7.269726872687269470e+00 1.000000000000000048e-04
7.270726972697270085e+00 1.000000000000000048e-04
7.271727072707270700e+00 1.000000000000000048e-04
7.272727172717272204e+00 1.000000000000000048e-04
7.273727272727272819e+00 1.000000000000000048e-04
7.274727372737274322e+00 1.000000000000000048e-04
7.275727472747274938e+00 1.000000000000000048e-04
7.276727572757276441e+00 1.000000000000000048e-04
7.277727672767277056e+00 1.000000000000000048e-04
7.278727772777277671e+00 1.000000000000000048e-04
7.279727872787279175e+00 1.000000000000000048e-04
7.280727972797279790e+00 1.000000000000000048e-04
7.281728072807281293e+00 1.000000000000000048e-04
7.282728172817281909e+00 1.000000000000000048e-04
7.283728272827283412e+00 1.000000000000000048e-04
7.284728372837284027e+00 1.000000000000000048e-04
7.285728472847285531e+00 1.000000000000000048e-04
7.286728572857286146e+00 1.000000000000000048e-04
7.287728672867286761e+00 1.000000000000000048e-04
7.288728772877288264e+00 1.000000000000000048e-04
7.289728872887288880e+00 1.000000000000000048e-04
7.290728972897290383e+00 1.000000000000000048e-04
7.291729072907290998e+00 1.000000000000000048e-04
7.292729172917292502e+00 1.000000000000000048e-04
7.293729272927293117e+00 1.000000000000000048e-04
7.294729372937293732e+00 1.000000000000000048e-04
7.295729472947295235e+00 1.000000000000000048e-04
7.296729572957295851e+00 1.000000000000000048e-04
7.297729672967297354e+00 1.000000000000000048e-04
7.298729772977297969e+00 1.000000000000000048e-04
7.299729872987299473e+00 1.000000000000000048e-04
7.300729972997300088e+00 1.000000000000000048e-04
7.301730073007300703e+00 1.000000000000000048e-04
7.302730173017302207e+00 1.000000000000000048e-04
7.303730273027302822e+00 1.000000000000000048e-04
7.304730373037304325e+00 1.000000000000000048e-04
7.305730473047304940e+00 1.000000000000000048e-04
7.306730573057306444e+00 1.000000000000000048e-04
7.307730673067307059e+00 1.000000000000000048e-04
7.308730773077307674e+00 1.000000000000000048e-04
7.309730873087309178e+00 1.000000000000000048e-04
7.310730973097309793e+00 1.000000000000000048e-04
7.311731073107311296e+00 1.000000000000000048e-04
7.312731173117311911e+00 1.000000000000000048e-04
7.313731273127313415e+00 1.000000000000000048e-04
7.314731373137314030e+00 1.000000000000000048e-04
7.315731473147315533e+00 1.000000000000000048e-04
7.316731573157316149e+00 1.000000000000000048e-04
7.317731673167316764e+00 1.000000000000000048e-04
7.318731773177318267e+00 1.000000000000000048e-04
7.319731873187318882e+00 1.000000000000000048e-04
7.320731973197320386e+00 1.000000000000000048e-04
7.321732073207321001e+00 1.000000000000000048e-04
7.322732173217322504e+00 1.000000000000000048e-04
7.323732273227323120e+00 1.000000000000000048e-04
7.324732373237323735e+00 1.000000000000000048e-04
7.325732473247325238e+00 1.000000000000000048e-04
7.326732573257325853e+00 1.000000000000000048e-04
7.327732673267327357e+00 1.000000000000000048e-04
7.328732773277327972e+00 1.000000000000000048e-04
7.329732873287329475e+00 1.000000000000000048e-04
7.330732973297330091e+00 1.000000000000000048e-04
7.331733073307330706e+00 1.000000000000000048e-04
7.332733173317332209e+00 1.000000000000000048e-04
7.333733273327332824e+00 1.000000000000000048e-04
7.334733373337334328e+00 1.000000000000000048e-04
7.335733473347334943e+00 1.000000000000000048e-04
7.336733573357336446e+00 1.000000000000000048e-04
7.337733673367337062e+00 1.000000000000000048e-04
7.338733773377337677e+00 1.000000000000000048e-04
7.339733873387339180e+00 1.000000000000000048e-04
7.340733973397339795e+00 1.000000000000000048e-04
7.341734073407341299e+00 1.000000000000000048e-04
7.342734173417341914e+00 1.000000000000000048e-04
7.343734273427343417e+00 1.000000000000000048e-04
7.344734373437344033e+00 1.000000000000000048e-04
7.345734473447345536e+00 1.000000000000000048e-04
7.346734573457346151e+00 1.000000000000000048e-04
7.347734673467346767e+00 1.000000000000000048e-04
7.348734773477348270e+00 1.000000000000000048e-04
7.349734873487348885e+00 1.000000000000000048e-04
7.350734973497350389e+00 1.000000000000000048e-04
7.351735073507351004e+00 1.000000000000000048e-04
7.352735173517352507e+00 1.000000000000000048e-04
7.353735273527353122e+00 1.000000000000000048e-04
7.354735373537353738e+00 1.000000000000000048e-04
7.355735473547355241e+00 1.000000000000000048e-04
7.356735573557355856e+00 1.000000000000000048e-04
7.357735673567357360e+00 1.000000000000000048e-04
7.358735773577357975e+00 1.000000000000000048e-04
7.359735873587359478e+00 1.000000000000000048e-04
7.360735973597360093e+00 1.000000000000000048e-04
7.361736073607360709e+00 1.000000000000000048e-04
7.362736173617362212e+00 1.000000000000000048e-04
7.363736273627362827e+00 1.000000000000000048e-04
7.364736373637364331e+00 1.000000000000000048e-04
7.365736473647364946e+00 1.000000000000000048e-04
7.366736573657366449e+00 1.000000000000000048e-04
7.367736673667367064e+00 1.000000000000000048e-04
7.368736773677367680e+00 1.000000000000000048e-04
7.369736873687369183e+00 1.000000000000000048e-04
7.370736973697369798e+00 1.000000000000000048e-04
7.371737073707371302e+00 1.000000000000000048e-04
7.372737173717371917e+00 1.000000000000000048e-04
7.373737273727373420e+00 1.000000000000000048e-04
7.374737373737374035e+00 1.000000000000000048e-04
7.375737473747375539e+00 1.000000000000000048e-04
7.376737573757376154e+00 1.000000000000000048e-04
7.377737673767376769e+00 1.000000000000000048e-04
7.378737773777378273e+00 1.000000000000000048e-04
7.379737873787378888e+00 1.000000000000000048e-04
7.380737973797380391e+00 1.000000000000000048e-04
7.381738073807381006e+00 1.000000000000000048e-04
7.382738173817382510e+00 1.000000000000000048e-04
7.383738273827383125e+00 1.000000000000000048e-04
7.384738373837383740e+00 1.000000000000000048e-04
7.385738473847385244e+00 1.000000000000000048e-04
7.386738573857385859e+00 1.000000000000000048e-04
7.387738673867387362e+00 1.000000000000000048e-04
7.388738773877387978e+00 1.000000000000000048e-04
7.389738873887389481e+00 1.000000000000000048e-04
7.390738973897390096e+00 1.000000000000000048e-04
7.391739073907390711e+00 1.000000000000000048e-04
7.392739173917392215e+00 1.000000000000000048e-04
7.393739273927392830e+00 1.000000000000000048e-04
7.394739373937394333e+00 1.000000000000000048e-04
7.395739473947394949e+00 1.000000000000000048e-04
7.396739573957396452e+00 1.000000000000000048e-04
7.397739673967397067e+00 1.000000000000000048e-04
7.398739773977397682e+00 1.000000000000000048e-04
7.399739873987399186e+00 1.000000000000000048e-04
7.400739973997399801e+00 1.000000000000000048e-04
7.401740074007401304e+00 1.000000000000000048e-04
7.402740174017401920e+00 1.000000000000000048e-04
7.403740274027403423e+00 1.000000000000000048e-04
7.404740374037404038e+00 1.000000000000000048e-04
7.405740474047405542e+00 1.000000000000000048e-04
7.406740574057406157e+00 1.000000000000000048e-04
7.407740674067406772e+00 1.000000000000000048e-04
7.408740774077408275e+00 1.000000000000000048e-04
7.409740874087408891e+00 1.000000000000000048e-04
7.410740974097410394e+00 1.000000000000000048e-04
7.411741074107411009e+00 1.000000000000000048e-04
7.412741174117412513e+00 1.000000000000000048e-04
7.413741274127413128e+00 1.000000000000000048e-04
7.414741374137413743e+00 1.000000000000000048e-04
7.415741474147415246e+00 1.000000000000000048e-04
7.416741574157415862e+00 1.000000000000000048e-04
7.417741674167417365e+00 1.000000000000000048e-04
7.418741774177417980e+00 1.000000000000000048e-04
7.419741874187419484e+00 1.000000000000000048e-04
7.420741974197420099e+00 1.000000000000000048e-04
7.421742074207420714e+00 1.000000000000000048e-04
7.422742174217422217e+00 1.000000000000000048e-04
7.423742274227422833e+00 1.000000000000000048e-04
7.424742374237424336e+00 1.000000000000000048e-04
7.425742474247424951e+00 1.000000000000000048e-04
7.426742574257426455e+00 1.000000000000000048e-04
7.427742674267427070e+00 1.000000000000000048e-04
7.428742774277427685e+00 1.000000000000000048e-04
7.429742874287429188e+00 1.000000000000000048e-04
7.430742974297429804e+00 1.000000000000000048e-04
7.431743074307431307e+00 1.000000000000000048e-04
7.432743174317431922e+00 1.000000000000000048e-04
7.433743274327433426e+00 1.000000000000000048e-04
7.434743374337434041e+00 1.000000000000000048e-04
7.435743474347435544e+00 1.000000000000000048e-04
7.436743574357436160e+00 1.000000000000000048e-04
7.437743674367436775e+00 1.000000000000000048e-04
7.438743774377438278e+00 1.000000000000000048e-04
7.439743874387438893e+00 1.000000000000000048e-04
7.440743974397440397e+00 1.000000000000000048e-04
7.441744074407441012e+00 1.000000000000000048e-04
7.442744174417442515e+00 1.000000000000000048e-04
7.443744274427443131e+00 1.000000000000000048e-04
7.444744374437443746e+00 1.000000000000000048e-04
7.445744474447445249e+00 1.000000000000000048e-04
7.446744574457445864e+00 1.000000000000000048e-04
7.447744674467447368e+00 1.000000000000000048e-04
7.448744774477447983e+00 1.000000000000000048e-04
7.449744874487449486e+00 1.000000000000000048e-04
7.450744974497450102e+00 1.000000000000000048e-04
7.451745074507450717e+00 1.000000000000000048e-04
7.452745174517452220e+00 1.000000000000000048e-04
7.453745274527452835e+00 1.000000000000000048e-04
7.454745374537454339e+00 1.000000000000000048e-04
7.455745474547454954e+00 1.000000000000000048e-04
7.456745574557456457e+00 1.000000000000000048e-04
7.457745674567457073e+00 1.000000000000000048e-04
7.458745774577457688e+00 1.000000000000000048e-04
7.459745874587459191e+00 1.000000000000000048e-04
7.460745974597459806e+00 1.000000000000000048e-04
7.461746074607461310e+00 1.000000000000000048e-04
7.462746174617461925e+00 1.000000000000000048e-04
7.463746274627463428e+00 1.000000000000000048e-04
7.464746374637464044e+00 1.000000000000000048e-04
7.465746474647465547e+00 1.000000000000000048e-04
7.466746574657466162e+00 1.000000000000000048e-04
7.467746674667466777e+00 1.000000000000000048e-04
7.468746774677468281e+00 1.000000000000000048e-04
7.469746874687468896e+00 1.000000000000000048e-04
7.470746974697470399e+00 1.000000000000000048e-04
7.471747074707471015e+00 1.000000000000000048e-04
7.472747174717472518e+00 1.000000000000000048e-04
7.473747274727473133e+00 1.000000000000000048e-04
7.474747374737473748e+00 1.000000000000000048e-04
7.475747474747475252e+00 1.000000000000000048e-04
7.476747574757475867e+00 1.000000000000000048e-04
7.477747674767477370e+00 1.000000000000000048e-04
7.478747774777477986e+00 1.000000000000000048e-04
7.479747874787479489e+00 1.000000000000000048e-04
7.480747974797480104e+00 1.000000000000000048e-04
7.481748074807480720e+00 1.000000000000000048e-04
7.482748174817482223e+00 1.000000000000000048e-04
7.483748274827482838e+00 1.000000000000000048e-04
7.484748374837484342e+00 1.000000000000000048e-04
7.485748474847484957e+00 1.000000000000000048e-04
7.486748574857486460e+00 1.000000000000000048e-04
7.487748674867487075e+00 1.000000000000000048e-04
7.488748774877487691e+00 1.000000000000000048e-04
7.489748874887489194e+00 1.000000000000000048e-04
7.490748974897489809e+00 1.000000000000000048e-04
7.491749074907491313e+00 1.000000000000000048e-04
7.492749174917491928e+00 1.000000000000000048e-04
7.493749274927493431e+00 1.000000000000000048e-04
7.494749374937494046e+00 1.000000000000000048e-04
7.495749474947495550e+00 1.000000000000000048e-04
7.496749574957496165e+00 1.000000000000000048e-04
7.497749674967496780e+00 1.000000000000000048e-04
7.498749774977498284e+00 1.000000000000000048e-04
7.499749874987498899e+00 1.000000000000000048e-04
7.500749974997500402e+00 1.000000000000000048e-04
7.501750075007501017e+00 1.000000000000000048e-04
7.502750175017502521e+00 1.000000000000000048e-04
7.503750275027503136e+00 1.000000000000000048e-04
7.504750375037503751e+00 1.000000000000000048e-04
7.505750475047505255e+00 1.000000000000000048e-04
7.506750575057505870e+00 1.000000000000000048e-04
7.507750675067507373e+00 1.000000000000000048e-04
7.508750775077507988e+00 1.000000000000000048e-04
7.509750875087509492e+00 1.000000000000000048e-04
7.510750975097510107e+00 1.000000000000000048e-04
7.511751075107510722e+00 1.000000000000000048e-04
7.512751175117512226e+00 1.000000000000000048e-04
7.513751275127512841e+00 1.000000000000000048e-04
7.514751375137514344e+00 1.000000000000000048e-04
7.515751475147514959e+00 1.000000000000000048e-04
7.516751575157516463e+00 1.000000000000000048e-04
7.517751675167517078e+00 1.000000000000000048e-04
7.518751775177517693e+00 1.000000000000000048e-04
7.519751875187519197e+00 1.000000000000000048e-04
7.520751975197519812e+00 1.000000000000000048e-04
7.521752075207521315e+00 1.000000000000000048e-04
7.522752175217521931e+00 1.000000000000000048e-04
7.523752275227523434e+00 1.000000000000000048e-04
7.524752375237524049e+00 1.000000000000000048e-04
7.525752475247525553e+00 1.000000000000000048e-04
7.526752575257526168e+00 1.000000000000000048e-04
7.527752675267526783e+00 1.000000000000000048e-04
7.528752775277528286e+00 1.000000000000000048e-04
7.529752875287528902e+00 1.000000000000000048e-04
7.530752975297530405e+00 1.000000000000000048e-04
7.531753075307531020e+00 1.000000000000000048e-04
7.532753175317532524e+00 1.000000000000000048e-04
7.533753275327533139e+00 1.000000000000000048e-04
7.534753375337533754e+00 1.000000000000000048e-04
7.535753475347535257e+00 1.000000000000000048e-04
7.536753575357535873e+00 1.000000000000000048e-04
7.537753675367537376e+00 1.000000000000000048e-04
7.538753775377537991e+00 1.000000000000000048e-04
7.539753875387539495e+00 1.000000000000000048e-04
7.540753975397540110e+00 1.000000000000000048e-04
7.541754075407540725e+00 1.000000000000000048e-04
7.542754175417542228e+00 1.000000000000000048e-04
7.543754275427542844e+00 1.000000000000000048e-04
7.544754375437544347e+00 1.000000000000000048e-04
7.545754475447544962e+00 1.000000000000000048e-04
7.546754575457546466e+00 1.000000000000000048e-04
7.547754675467547081e+00 1.000000000000000048e-04
7.548754775477547696e+00 1.000000000000000048e-04
7.549754875487549199e+00 1.000000000000000048e-04
7.550754975497549815e+00 1.000000000000000048e-04
7.551755075507551318e+00 1.000000000000000048e-04
7.552755175517551933e+00 1.000000000000000048e-04
7.553755275527553437e+00 1.000000000000000048e-04
7.554755375537554052e+00 1.000000000000000048e-04
7.555755475547555555e+00 1.000000000000000048e-04
7.556755575557556170e+00 1.000000000000000048e-04
7.557755675567556786e+00 1.000000000000000048e-04
7.558755775577558289e+00 1.000000000000000048e-04
7.559755875587558904e+00 1.000000000000000048e-04
7.560755975597560408e+00 1.000000000000000048e-04
7.561756075607561023e+00 1.000000000000000048e-04
7.562756175617562526e+00 1.000000000000000048e-04
7.563756275627563141e+00 1.000000000000000048e-04
7.564756375637563757e+00 1.000000000000000048e-04
7.565756475647565260e+00 1.000000000000000048e-04
7.566756575657565875e+00 1.000000000000000048e-04
7.567756675667567379e+00 1.000000000000000048e-04
7.568756775677567994e+00 1.000000000000000048e-04
7.569756875687569497e+00 1.000000000000000048e-04
7.570756975697570113e+00 1.000000000000000048e-04
7.571757075707570728e+00 1.000000000000000048e-04
7.572757175717572231e+00 1.000000000000000048e-04
7.573757275727572846e+00 1.000000000000000048e-04
7.574757375737574350e+00 1.000000000000000048e-04
7.575757475747574965e+00 1.000000000000000048e-04
7.576757575757576468e+00 1.000000000000000048e-04
7.577757675767577084e+00 1.000000000000000048e-04
7.578757775777577699e+00 1.000000000000000048e-04
7.579757875787579202e+00 1.000000000000000048e-04
7.580757975797579817e+00 1.000000000000000048e-04
7.581758075807581321e+00 1.000000000000000048e-04
7.582758175817581936e+00 1.000000000000000048e-04
7.583758275827583439e+00 1.000000000000000048e-04
7.584758375837584055e+00 1.000000000000000048e-04
7.585758475847585558e+00 1.000000000000000048e-04
7.586758575857586173e+00 1.000000000000000048e-04
7.587758675867586788e+00 1.000000000000000048e-04
7.588758775877588292e+00 1.000000000000000048e-04
7.589758875887588907e+00 1.000000000000000048e-04
7.590758975897590410e+00 1.000000000000000048e-04
7.591759075907591026e+00 1.000000000000000048e-04
7.592759175917592529e+00 1.000000000000000048e-04
7.593759275927593144e+00 1.000000000000000048e-04
7.594759375937593759e+00 1.000000000000000048e-04
7.595759475947595263e+00 1.000000000000000048e-04
7.596759575957595878e+00 1.000000000000000048e-04
7.597759675967597381e+00 1.000000000000000048e-04
7.598759775977597997e+00 1.000000000000000048e-04
7.599759875987599500e+00 1.000000000000000048e-04
7.600759975997600115e+00 1.000000000000000048e-04
7.601760076007600730e+00 1.000000000000000048e-04
7.602760176017602234e+00 1.000000000000000048e-04
7.603760276027602849e+00 1.000000000000000048e-04
7.604760376037604352e+00 1.000000000000000048e-04
7.605760476047604968e+00 1.000000000000000048e-04
7.606760576057606471e+00 1.000000000000000048e-04
7.607760676067607086e+00 1.000000000000000048e-04
7.608760776077607701e+00 1.000000000000000048e-04
7.609760876087609205e+00 1.000000000000000048e-04
7.610760976097609820e+00 1.000000000000000048e-04
7.611761076107611323e+00 1.000000000000000048e-04
7.612761176117611939e+00 1.000000000000000048e-04
7.613761276127613442e+00 1.000000000000000048e-04
7.614761376137614057e+00 1.000000000000000048e-04
7.615761476147615561e+00 1.000000000000000048e-04
7.616761576157616176e+00 1.000000000000000048e-04
7.617761676167616791e+00 1.000000000000000048e-04
7.618761776177618295e+00 1.000000000000000048e-04
7.619761876187618910e+00 1.000000000000000048e-04
7.620761976197620413e+00 1.000000000000000048e-04
7.621762076207621028e+00 1.000000000000000048e-04
7.622762176217622532e+00 1.000000000000000048e-04
7.623762276227623147e+00 1.000000000000000048e-04
7.624762376237623762e+00 1.000000000000000048e-04
7.625762476247625266e+00 1.000000000000000048e-04
7.626762576257625881e+00 1.000000000000000048e-04
7.627762676267627384e+00 1.000000000000000048e-04
7.628762776277627999e+00 1.000000000000000048e-04
7.629762876287629503e+00 1.000000000000000048e-04
7.630762976297630118e+00 1.000000000000000048e-04
7.631763076307630733e+00 1.000000000000000048e-04
7.632763176317632237e+00 1.000000000000000048e-04
7.633763276327632852e+00 1.000000000000000048e-04
7.634763376337634355e+00 1.000000000000000048e-04
7.635763476347634970e+00 1.000000000000000048e-04
7.636763576357636474e+00 1.000000000000000048e-04
7.637763676367637089e+00 1.000000000000000048e-04
7.638763776377637704e+00 1.000000000000000048e-04
7.639763876387639208e+00 1.000000000000000048e-04
7.640763976397639823e+00 1.000000000000000048e-04
7.641764076407641326e+00 1.000000000000000048e-04
7.642764176417641941e+00 1.000000000000000048e-04
7.643764276427643445e+00 1.000000000000000048e-04
7.644764376437644060e+00 1.000000000000000048e-04
7.645764476447645563e+00 1.000000000000000048e-04
7.646764576457646179e+00 1.000000000000000048e-04
7.647764676467646794e+00 1.000000000000000048e-04
7.648764776477648297e+00 1.000000000000000048e-04
7.649764876487648912e+00 1.000000000000000048e-04
7.650764976497650416e+00 1.000000000000000048e-04
7.651765076507651031e+00 1.000000000000000048e-04
7.652765176517652534e+00 1.000000000000000048e-04
7.653765276527653150e+00 1.000000000000000048e-04
7.654765376537653765e+00 1.000000000000000048e-04
7.655765476547655268e+00 1.000000000000000048e-04
7.656765576557655884e+00 1.000000000000000048e-04
7.657765676567657387e+00 1.000000000000000048e-04
7.658765776577658002e+00 1.000000000000000048e-04
7.659765876587659506e+00 1.000000000000000048e-04
7.660765976597660121e+00 1.000000000000000048e-04
7.661766076607660736e+00 1.000000000000000048e-04
7.662766176617662239e+00 1.000000000000000048e-04
7.663766276627662855e+00 1.000000000000000048e-04
7.664766376637664358e+00 1.000000000000000048e-04
7.665766476647664973e+00 1.000000000000000048e-04
7.666766576657666477e+00 1.000000000000000048e-04
7.667766676667667092e+00 1.000000000000000048e-04
7.668766776677667707e+00 1.000000000000000048e-04
7.669766876687669210e+00 1.000000000000000048e-04
7.670766976697669826e+00 1.000000000000000048e-04
7.671767076707671329e+00 1.000000000000000048e-04
7.672767176717671944e+00 1.000000000000000048e-04
7.673767276727673448e+00 1.000000000000000048e-04
7.674767376737674063e+00 1.000000000000000048e-04
7.675767476747675566e+00 1.000000000000000048e-04
7.676767576757676181e+00 1.000000000000000048e-04
7.677767676767676797e+00 1.000000000000000048e-04
7.678767776777678300e+00 1.000000000000000048e-04
7.679767876787678915e+00 1.000000000000000048e-04
7.680767976797680419e+00 1.000000000000000048e-04
7.681768076807681034e+00 1.000000000000000048e-04
7.682768176817682537e+00 1.000000000000000048e-04
7.683768276827683152e+00 1.000000000000000048e-04
7.684768376837683768e+00 1.000000000000000048e-04
7.685768476847685271e+00 1.000000000000000048e-04
7.686768576857685886e+00 1.000000000000000048e-04
7.687768676867687390e+00 1.000000000000000048e-04
7.688768776877688005e+00 1.000000000000000048e-04
7.689768876887689508e+00 1.000000000000000048e-04
7.690768976897690123e+00 1.000000000000000048e-04
7.691769076907690739e+00 1.000000000000000048e-04
7.692769176917692242e+00 1.000000000000000048e-04
7.693769276927692857e+00 1.000000000000000048e-04
7.694769376937694361e+00 1.000000000000000048e-04
7.695769476947694976e+00 1.000000000000000048e-04
7.696769576957696479e+00 1.000000000000000048e-04
7.697769676967697094e+00 1.000000000000000048e-04
7.698769776977697710e+00 1.000000000000000048e-04
7.699769876987699213e+00 1.000000000000000048e-04
7.700769976997699828e+00 1.000000000000000048e-04
7.701770077007701332e+00 1.000000000000000048e-04
7.702770177017701947e+00 1.000000000000000048e-04
7.703770277027703450e+00 1.000000000000000048e-04
7.704770377037704066e+00 1.000000000000000048e-04
7.705770477047705569e+00 1.000000000000000048e-04
7.706770577057706184e+00 1.000000000000000048e-04
7.707770677067706799e+00 1.000000000000000048e-04
7.708770777077708303e+00 1.000000000000000048e-04
7.709770877087708918e+00 1.000000000000000048e-04
7.710770977097710421e+00 1.000000000000000048e-04
7.711771077107711037e+00 1.000000000000000048e-04
7.712771177117712540e+00 1.000000000000000048e-04
7.713771277127713155e+00 1.000000000000000048e-04
7.714771377137713770e+00 1.000000000000000048e-04
7.715771477147715274e+00 1.000000000000000048e-04
7.716771577157715889e+00 1.000000000000000048e-04
7.717771677167717392e+00 1.000000000000000048e-04
7.718771777177718008e+00 1.000000000000000048e-04
7.719771877187719511e+00 1.000000000000000048e-04
7.720771977197720126e+00 1.000000000000000048e-04
7.721772077207720741e+00 1.000000000000000048e-04
7.722772177217722245e+00 1.000000000000000048e-04
7.723772277227722860e+00 1.000000000000000048e-04
7.724772377237724363e+00 1.000000000000000048e-04
7.725772477247724979e+00 1.000000000000000048e-04
7.726772577257726482e+00 1.000000000000000048e-04
7.727772677267727097e+00 1.000000000000000048e-04
7.728772777277727712e+00 1.000000000000000048e-04
7.729772877287729216e+00 1.000000000000000048e-04
7.730772977297729831e+00 1.000000000000000048e-04
7.731773077307731334e+00 1.000000000000000048e-04
7.732773177317731950e+00 1.000000000000000048e-04
7.733773277327733453e+00 1.000000000000000048e-04
7.734773377337734068e+00 1.000000000000000048e-04
7.735773477347735572e+00 1.000000000000000048e-04
7.736773577357736187e+00 1.000000000000000048e-04
7.737773677367736802e+00 1.000000000000000048e-04
7.738773777377738305e+00 1.000000000000000048e-04
7.739773877387738921e+00 1.000000000000000048e-04
7.740773977397740424e+00 1.000000000000000048e-04
7.741774077407741039e+00 1.000000000000000048e-04
7.742774177417742543e+00 1.000000000000000048e-04
7.743774277427743158e+00 1.000000000000000048e-04
7.744774377437743773e+00 1.000000000000000048e-04
7.745774477447745276e+00 1.000000000000000048e-04
7.746774577457745892e+00 1.000000000000000048e-04
7.747774677467747395e+00 1.000000000000000048e-04
7.748774777477748010e+00 1.000000000000000048e-04
7.749774877487749514e+00 1.000000000000000048e-04
7.750774977497750129e+00 1.000000000000000048e-04
7.751775077507750744e+00 1.000000000000000048e-04
7.752775177517752248e+00 1.000000000000000048e-04
7.753775277527752863e+00 1.000000000000000048e-04
7.754775377537754366e+00 1.000000000000000048e-04
7.755775477547754981e+00 1.000000000000000048e-04
7.756775577557756485e+00 1.000000000000000048e-04
7.757775677567757100e+00 1.000000000000000048e-04
7.758775777577757715e+00 1.000000000000000048e-04
7.759775877587759219e+00 1.000000000000000048e-04
7.760775977597759834e+00 1.000000000000000048e-04
7.761776077607761337e+00 1.000000000000000048e-04
7.762776177617761952e+00 1.000000000000000048e-04
7.763776277627763456e+00 1.000000000000000048e-04
7.764776377637764071e+00 1.000000000000000048e-04
7.765776477647765574e+00 1.000000000000000048e-04
7.766776577657766190e+00 1.000000000000000048e-04
7.767776677667766805e+00 1.000000000000000048e-04
7.768776777677768308e+00 1.000000000000000048e-04
7.769776877687768923e+00 1.000000000000000048e-04
7.770776977697770427e+00 1.000000000000000048e-04
7.771777077707771042e+00 1.000000000000000048e-04
7.772777177717772545e+00 1.000000000000000048e-04
7.773777277727773161e+00 1.000000000000000048e-04
7.774777377737773776e+00 1.000000000000000048e-04
7.775777477747775279e+00 1.000000000000000048e-04
7.776777577757775894e+00 1.000000000000000048e-04
7.777777677767777398e+00 1.000000000000000048e-04
7.778777777777778013e+00 1.000000000000000048e-04
7.779777877787779516e+00 1.000000000000000048e-04
7.780777977797780132e+00 1.000000000000000048e-04
7.781778077807780747e+00 1.000000000000000048e-04
7.782778177817782250e+00 1.000000000000000048e-04
7.783778277827782865e+00 1.000000000000000048e-04
7.784778377837784369e+00 1.000000000000000048e-04
7.785778477847784984e+00 1.000000000000000048e-04
7.786778577857786487e+00 1.000000000000000048e-04
7.787778677867787103e+00 1.000000000000000048e-04
7.788778777877787718e+00 1.000000000000000048e-04
7.789778877887789221e+00 1.000000000000000048e-04
7.790778977897789837e+00 1.000000000000000048e-04
7.791779077907791340e+00 1.000000000000000048e-04
7.792779177917791955e+00 1.000000000000000048e-04
7.793779277927793459e+00 1.000000000000000048e-04
7.794779377937794074e+00 1.000000000000000048e-04
7.795779477947795577e+00 1.000000000000000048e-04
7.796779577957796192e+00 1.000000000000000048e-04
7.797779677967796808e+00 1.000000000000000048e-04
7.798779777977798311e+00 1.000000000000000048e-04
7.799779877987798926e+00 1.000000000000000048e-04
7.800779977997800430e+00 1.000000000000000048e-04
7.801780078007801045e+00 1.000000000000000048e-04
7.802780178017802548e+00 1.000000000000000048e-04
7.803780278027803163e+00 1.000000000000000048e-04
7.804780378037803779e+00 1.000000000000000048e-04
7.805780478047805282e+00 1.000000000000000048e-04
7.806780578057805897e+00 1.000000000000000048e-04
7.807780678067807401e+00 1.000000000000000048e-04
7.808780778077808016e+00 1.000000000000000048e-04
7.809780878087809519e+00 1.000000000000000048e-04
7.810780978097810134e+00 1.000000000000000048e-04
7.811781078107810750e+00 1.000000000000000048e-04
7.812781178117812253e+00 1.000000000000000048e-04
7.813781278127812868e+00 1.000000000000000048e-04
7.814781378137814372e+00 1.000000000000000048e-04
7.815781478147814987e+00 1.000000000000000048e-04
7.816781578157816490e+00 1.000000000000000048e-04
7.817781678167817105e+00 1.000000000000000048e-04
7.818781778177817721e+00 1.000000000000000048e-04
7.819781878187819224e+00 1.000000000000000048e-04
7.820781978197819839e+00 1.000000000000000048e-04
7.821782078207821343e+00 1.000000000000000048e-04
7.822782178217821958e+00 1.000000000000000048e-04
7.823782278227823461e+00 1.000000000000000048e-04
7.824782378237824076e+00 1.000000000000000048e-04
7.825782478247825580e+00 1.000000000000000048e-04
7.826782578257826195e+00 1.000000000000000048e-04
7.827782678267826810e+00 1.000000000000000048e-04
7.828782778277828314e+00 1.000000000000000048e-04
7.829782878287828929e+00 1.000000000000000048e-04
7.830782978297830432e+00 1.000000000000000048e-04
7.831783078307831047e+00 1.000000000000000048e-04
7.832783178317832551e+00 1.000000000000000048e-04
7.833783278327833166e+00 1.000000000000000048e-04
7.834783378337833781e+00 1.000000000000000048e-04
7.835783478347835285e+00 1.000000000000000048e-04
7.836783578357835900e+00 1.000000000000000048e-04
7.837783678367837403e+00 1.000000000000000048e-04
7.838783778377838019e+00 1.000000000000000048e-04
7.839783878387839522e+00 1.000000000000000048e-04
7.840783978397840137e+00 1.000000000000000048e-04
7.841784078407840752e+00 1.000000000000000048e-04
7.842784178417842256e+00 1.000000000000000048e-04
7.843784278427842871e+00 1.000000000000000048e-04
7.844784378437844374e+00 1.000000000000000048e-04
7.845784478447844990e+00 1.000000000000000048e-04
7.846784578457846493e+00 1.000000000000000048e-04
7.847784678467847108e+00 1.000000000000000048e-04
7.848784778477847723e+00 1.000000000000000048e-04
7.849784878487849227e+00 1.000000000000000048e-04
7.850784978497849842e+00 1.000000000000000048e-04
7.851785078507851345e+00 1.000000000000000048e-04
7.852785178517851961e+00 1.000000000000000048e-04
7.853785278527853464e+00 1.000000000000000048e-04
7.854785378537854079e+00 1.000000000000000048e-04
7.855785478547855583e+00 1.000000000000000048e-04
7.856785578557856198e+00 1.000000000000000048e-04
7.857785678567856813e+00 1.000000000000000048e-04
7.858785778577858316e+00 1.000000000000000048e-04
7.859785878587858932e+00 1.000000000000000048e-04
7.860785978597860435e+00 1.000000000000000048e-04
7.861786078607861050e+00 1.000000000000000048e-04
7.862786178617862554e+00 1.000000000000000048e-04
7.863786278627863169e+00 1.000000000000000048e-04
7.864786378637863784e+00 1.000000000000000048e-04
7.865786478647865287e+00 1.000000000000000048e-04
7.866786578657865903e+00 1.000000000000000048e-04
7.867786678667867406e+00 1.000000000000000048e-04
7.868786778677868021e+00 1.000000000000000048e-04
7.869786878687869525e+00 1.000000000000000048e-04
7.870786978697870140e+00 1.000000000000000048e-04
7.871787078707870755e+00 1.000000000000000048e-04
7.872787178717872258e+00 1.000000000000000048e-04
7.873787278727872874e+00 1.000000000000000048e-04
7.874787378737874377e+00 1.000000000000000048e-04
7.875787478747874992e+00 1.000000000000000048e-04
7.876787578757876496e+00 1.000000000000000048e-04
7.877787678767877111e+00 1.000000000000000048e-04
7.878787778777877726e+00 1.000000000000000048e-04
7.879787878787879229e+00 1.000000000000000048e-04
7.880787978797879845e+00 1.000000000000000048e-04
7.881788078807881348e+00 1.000000000000000048e-04
7.882788178817881963e+00 1.000000000000000048e-04
7.883788278827883467e+00 1.000000000000000048e-04
7.884788378837884082e+00 1.000000000000000048e-04
7.885788478847885585e+00 1.000000000000000048e-04
7.886788578857886201e+00 1.000000000000000048e-04
7.887788678867886816e+00 1.000000000000000048e-04
7.888788778877888319e+00 1.000000000000000048e-04
7.889788878887888934e+00 1.000000000000000048e-04
7.890788978897890438e+00 1.000000000000000048e-04
7.891789078907891053e+00 1.000000000000000048e-04
7.892789178917892556e+00 1.000000000000000048e-04
7.893789278927893172e+00 1.000000000000000048e-04
7.894789378937893787e+00 1.000000000000000048e-04
7.895789478947895290e+00 1.000000000000000048e-04
7.896789578957895905e+00 1.000000000000000048e-04
7.897789678967897409e+00 1.000000000000000048e-04
7.898789778977898024e+00 1.000000000000000048e-04
7.899789878987899527e+00 1.000000000000000048e-04
7.900789978997900143e+00 1.000000000000000048e-04
7.901790079007900758e+00 1.000000000000000048e-04
7.902790179017902261e+00 1.000000000000000048e-04
7.903790279027902876e+00 1.000000000000000048e-04
7.904790379037904380e+00 1.000000000000000048e-04
7.905790479047904995e+00 1.000000000000000048e-04
7.906790579057906498e+00 1.000000000000000048e-04
7.907790679067907114e+00 1.000000000000000048e-04
7.908790779077907729e+00 1.000000000000000048e-04
7.909790879087909232e+00 1.000000000000000048e-04
7.910790979097909847e+00 1.000000000000000048e-04
7.911791079107911351e+00 1.000000000000000048e-04
7.912791179117911966e+00 1.000000000000000048e-04
7.913791279127913469e+00 1.000000000000000048e-04
7.914791379137914085e+00 1.000000000000000048e-04
7.915791479147915588e+00 1.000000000000000048e-04
7.916791579157916203e+00 1.000000000000000048e-04
7.917791679167916818e+00 1.000000000000000048e-04
7.918791779177918322e+00 1.000000000000000048e-04
7.919791879187918937e+00 1.000000000000000048e-04
7.920791979197920440e+00 1.000000000000000048e-04
7.921792079207921056e+00 1.000000000000000048e-04
7.922792179217922559e+00 1.000000000000000048e-04
7.923792279227923174e+00 1.000000000000000048e-04
7.924792379237923790e+00 1.000000000000000048e-04
7.925792479247925293e+00 1.000000000000000048e-04
7.926792579257925908e+00 1.000000000000000048e-04
7.927792679267927412e+00 1.000000000000000048e-04
7.928792779277928027e+00 1.000000000000000048e-04
7.929792879287929530e+00 1.000000000000000048e-04
7.930792979297930145e+00 1.000000000000000048e-04
7.931793079307930761e+00 1.000000000000000048e-04
7.932793179317932264e+00 1.000000000000000048e-04
7.933793279327932879e+00 1.000000000000000048e-04
7.934793379337934383e+00 1.000000000000000048e-04
7.935793479347934998e+00 1.000000000000000048e-04
7.936793579357936501e+00 1.000000000000000048e-04
7.937793679367937116e+00 1.000000000000000048e-04
7.938793779377937732e+00 1.000000000000000048e-04
7.939793879387939235e+00 1.000000000000000048e-04
7.940793979397939850e+00 1.000000000000000048e-04
7.941794079407941354e+00 1.000000000000000048e-04
7.942794179417941969e+00 1.000000000000000048e-04
7.943794279427943472e+00 1.000000000000000048e-04
7.944794379437944087e+00 1.000000000000000048e-04
7.945794479447945591e+00 1.000000000000000048e-04
7.946794579457946206e+00 1.000000000000000048e-04
7.947794679467946821e+00 1.000000000000000048e-04
7.948794779477948325e+00 1.000000000000000048e-04
7.949794879487948940e+00 1.000000000000000048e-04
7.950794979497950443e+00 1.000000000000000048e-04
7.951795079507951058e+00 1.000000000000000048e-04
7.952795179517952562e+00 1.000000000000000048e-04
7.953795279527953177e+00 1.000000000000000048e-04
7.954795379537953792e+00 1.000000000000000048e-04
7.955795479547955296e+00 1.000000000000000048e-04
7.956795579557955911e+00 1.000000000000000048e-04
7.957795679567957414e+00 1.000000000000000048e-04
7.958795779577958029e+00 1.000000000000000048e-04
7.959795879587959533e+00 1.000000000000000048e-04
7.960795979597960148e+00 1.000000000000000048e-04
7.961796079607960763e+00 1.000000000000000048e-04
7.962796179617962267e+00 1.000000000000000048e-04
7.963796279627962882e+00 1.000000000000000048e-04
7.964796379637964385e+00 1.000000000000000048e-04
7.965796479647965000e+00 1.000000000000000048e-04
7.966796579657966504e+00 1.000000000000000048e-04
7.967796679667967119e+00 1.000000000000000048e-04
7.968796779677967734e+00 1.000000000000000048e-04
7.969796879687969238e+00 1.000000000000000048e-04
7.970796979697969853e+00 1.000000000000000048e-04
7.971797079707971356e+00 1.000000000000000048e-04
7.972797179717971972e+00 1.000000000000000048e-04
7.973797279727973475e+00 1.000000000000000048e-04
7.974797379737974090e+00 1.000000000000000048e-04
7.975797479747975594e+00 1.000000000000000048e-04
7.976797579757976209e+00 1.000000000000000048e-04
7.977797679767976824e+00 1.000000000000000048e-04
7.978797779777978327e+00 1.000000000000000048e-04
7.979797879787978943e+00 1.000000000000000048e-04
7.980797979797980446e+00 1.000000000000000048e-04
7.981798079807981061e+00 1.000000000000000048e-04
7.982798179817982565e+00 1.000000000000000048e-04
7.983798279827983180e+00 1.000000000000000048e-04
7.984798379837983795e+00 1.000000000000000048e-04
7.985798479847985298e+00 1.000000000000000048e-04
7.986798579857985914e+00 1.000000000000000048e-04
7.987798679867987417e+00 1.000000000000000048e-04
7.988798779877988032e+00 1.000000000000000048e-04
7.989798879887989536e+00 1.000000000000000048e-04
7.990798979897990151e+00 1.000000000000000048e-04
7.991799079907990766e+00 1.000000000000000048e-04
7.992799179917992269e+00 1.000000000000000048e-04
7.993799279927992885e+00 1.000000000000000048e-04
7.994799379937994388e+00 1.000000000000000048e-04
7.995799479947995003e+00 1.000000000000000048e-04
7.996799579957996507e+00 1.000000000000000048e-04
7.997799679967997122e+00 1.000000000000000048e-04
7.998799779977997737e+00 1.000000000000000048e-04
7.999799879987999240e+00 1.000000000000000048e-04
8.000799979997999856e+00 1.000000000000000048e-04
8.001800080007999583e+00 1.000000000000000048e-04
8.002800180018001086e+00 1.000000000000000048e-04
8.003800280028002589e+00 1.000000000000000048e-04
8.004800380038004093e+00 1.000000000000000048e-04
8.005800480048003820e+00 1.000000000000000048e-04
8.006800580058005323e+00 1.000000000000000048e-04
8.007800680068006827e+00 1.000000000000000048e-04
8.008800780078006554e+00 1.000000000000000048e-04
8.009800880088008057e+00 1.000000000000000048e-04
8.010800980098009560e+00 1.000000000000000048e-04
8.011801080108011064e+00 1.000000000000000048e-04
8.012801180118010791e+00 1.000000000000000048e-04
8.013801280128012294e+00 1.000000000000000048e-04
8.014801380138013798e+00 1.000000000000000048e-04
8.015801480148013525e+00 1.000000000000000048e-04
8.016801580158015028e+00 1.000000000000000048e-04
8.017801680168016532e+00 1.000000000000000048e-04
8.018801780178018035e+00 1.000000000000000048e-04
8.019801880188017762e+00 1.000000000000000048e-04
8.020801980198019265e+00 1.000000000000000048e-04
8.021802080208020769e+00 1.000000000000000048e-04
8.022802180218020496e+00 1.000000000000000048e-04
8.023802280228021999e+00 1.000000000000000048e-04
8.024802380238023503e+00 1.000000000000000048e-04
8.025802480248025006e+00 1.000000000000000048e-04
8.026802580258024733e+00 1.000000000000000048e-04
8.027802680268026236e+00 1.000000000000000048e-04
8.028802780278027740e+00 1.000000000000000048e-04
8.029802880288027467e+00 1.000000000000000048e-04
8.030802980298028970e+00 1.000000000000000048e-04
8.031803080308030474e+00 1.000000000000000048e-04
8.032803180318031977e+00 1.000000000000000048e-04
8.033803280328031704e+00 1.000000000000000048e-04
8.034803380338033207e+00 1.000000000000000048e-04
8.035803480348034711e+00 1.000000000000000048e-04
8.036803580358034438e+00 1.000000000000000048e-04
8.037803680368035941e+00 1.000000000000000048e-04
8.038803780378037445e+00 1.000000000000000048e-04
8.039803880388038948e+00 1.000000000000000048e-04
8.040803980398038675e+00 1.000000000000000048e-04
8.041804080408040178e+00 1.000000000000000048e-04
8.042804180418041682e+00 1.000000000000000048e-04
8.043804280428041409e+00 1.000000000000000048e-04
8.044804380438042912e+00 1.000000000000000048e-04
8.045804480448044416e+00 1.000000000000000048e-04
8.046804580458045919e+00 1.000000000000000048e-04
8.047804680468045646e+00 1.000000000000000048e-04
8.048804780478047149e+00 1.000000000000000048e-04
8.049804880488048653e+00 1.000000000000000048e-04
8.050804980498050156e+00 1.000000000000000048e-04
8.051805080508049883e+00 1.000000000000000048e-04
8.052805180518051387e+00 1.000000000000000048e-04
8.053805280528052890e+00 1.000000000000000048e-04
8.054805380538052617e+00 1.000000000000000048e-04
8.055805480548054121e+00 1.000000000000000048e-04
8.056805580558055624e+00 1.000000000000000048e-04
8.057805680568057127e+00 1.000000000000000048e-04
8.058805780578056854e+00 1.000000000000000048e-04
8.059805880588058358e+00 1.000000000000000048e-04
8.060805980598059861e+00 1.000000000000000048e-04
8.061806080608059588e+00 1.000000000000000048e-04
8.062806180618061092e+00 1.000000000000000048e-04
8.063806280628062595e+00 1.000000000000000048e-04
8.064806380638064098e+00 1.000000000000000048e-04
8.065806480648063825e+00 1.000000000000000048e-04
8.066806580658065329e+00 1.000000000000000048e-04
8.067806680668066832e+00 1.000000000000000048e-04
8.068806780678066559e+00 1.000000000000000048e-04
8.069806880688068063e+00 1.000000000000000048e-04
8.070806980698069566e+00 1.000000000000000048e-04
8.071807080708071069e+00 1.000000000000000048e-04
8.072807180718070796e+00 1.000000000000000048e-04
8.073807280728072300e+00 1.000000000000000048e-04
8.074807380738073803e+00 1.000000000000000048e-04
8.075807480748073530e+00 1.000000000000000048e-04
8.076807580758075034e+00 1.000000000000000048e-04
8.077807680768076537e+00 1.000000000000000048e-04
8.078807780778078040e+00 1.000000000000000048e-04
8.079807880788077767e+00 1.000000000000000048e-04
8.080807980798079271e+00 1.000000000000000048e-04
8.081808080808080774e+00 1.000000000000000048e-04
8.082808180818080501e+00 1.000000000000000048e-04
8.083808280828082005e+00 1.000000000000000048e-04
8.084808380838083508e+00 1.000000000000000048e-04
8.085808480848085011e+00 1.000000000000000048e-04
8.086808580858084738e+00 1.000000000000000048e-04
8.087808680868086242e+00 1.000000000000000048e-04
8.088808780878087745e+00 1.000000000000000048e-04
8.089808880888087472e+00 1.000000000000000048e-04
8.090808980898088976e+00 1.000000000000000048e-04
8.091809080908090479e+00 1.000000000000000048e-04
8.092809180918091982e+00 1.000000000000000048e-04
8.093809280928091709e+00 1.000000000000000048e-04
8.094809380938093213e+00 1.000000000000000048e-04
8.095809480948094716e+00 1.000000000000000048e-04
8.096809580958094443e+00 1.000000000000000048e-04
8.097809680968095947e+00 1.000000000000000048e-04
8.098809780978097450e+00 1.000000000000000048e-04
8.099809880988098953e+00 1.000000000000000048e-04
8.100809980998098681e+00 1.000000000000000048e-04
8.101810081008100184e+00 1.000000000000000048e-04
8.102810181018101687e+00 1.000000000000000048e-04
8.103810281028101414e+00 1.000000000000000048e-04
8.104810381038102918e+00 1.000000000000000048e-04
8.105810481048104421e+00 1.000000000000000048e-04
8.106810581058105925e+00 1.000000000000000048e-04
8.107810681068105652e+00 1.000000000000000048e-04
8.108810781078107155e+00 1.000000000000000048e-04
8.109810881088108658e+00 1.000000000000000048e-04
8.110810981098110162e+00 1.000000000000000048e-04
8.111811081108109889e+00 1.000000000000000048e-04
8.112811181118111392e+00 1.000000000000000048e-04
8.113811281128112896e+00 1.000000000000000048e-04
8.114811381138112623e+00 1.000000000000000048e-04
8.115811481148114126e+00 1.000000000000000048e-04
8.116811581158115629e+00 1.000000000000000048e-04
8.117811681168117133e+00 1.000000000000000048e-04
8.118811781178116860e+00 1.000000000000000048e-04
8.119811881188118363e+00 1.000000000000000048e-04
8.120811981198119867e+00 1.000000000000000048e-04
8.121812081208119594e+00 1.000000000000000048e-04
8.122812181218121097e+00 1.000000000000000048e-04
8.123812281228122600e+00 1.000000000000000048e-04
8.124812381238124104e+00 1.000000000000000048e-04
8.125812481248123831e+00 1.000000000000000048e-04
8.126812581258125334e+00 1.000000000000000048e-04
8.127812681268126838e+00 1.000000000000000048e-04
8.128812781278126565e+00 1.000000000000000048e-04
8.129812881288128068e+00 1.000000000000000048e-04
8.130812981298129571e+00 1.000000000000000048e-04
8.131813081308131075e+00 1.000000000000000048e-04
8.132813181318130802e+00 1.000000000000000048e-04
8.133813281328132305e+00 1.000000000000000048e-04
8.134813381338133809e+00 1.000000000000000048e-04
8.135813481348133536e+00 1.000000000000000048e-04
8.136813581358135039e+00 1.000000000000000048e-04
8.137813681368136542e+00 1.000000000000000048e-04
8.138813781378138046e+00 1.000000000000000048e-04
8.139813881388137773e+00 1.000000000000000048e-04
8.140813981398139276e+00 1.000000000000000048e-04
8.141814081408140780e+00 1.000000000000000048e-04
8.142814181418140507e+00 1.000000000000000048e-04
8.143814281428142010e+00 1.000000000000000048e-04
8.144814381438143513e+00 1.000000000000000048e-04
8.145814481448145017e+00 1.000000000000000048e-04
8.146814581458144744e+00 1.000000000000000048e-04
8.147814681468146247e+00 1.000000000000000048e-04
8.148814781478147751e+00 1.000000000000000048e-04
8.149814881488147478e+00 1.000000000000000048e-04
8.150814981498148981e+00 1.000000000000000048e-04
8.151815081508150485e+00 1.000000000000000048e-04
8.152815181518151988e+00 1.000000000000000048e-04
8.153815281528151715e+00 1.000000000000000048e-04
8.154815381538153218e+00 1.000000000000000048e-04
8.155815481548154722e+00 1.000000000000000048e-04
8.156815581558154449e+00 1.000000000000000048e-04
8.157815681568155952e+00 1.000000000000000048e-04
8.158815781578157456e+00 1.000000000000000048e-04
8.159815881588158959e+00 1.000000000000000048e-04
8.160815981598158686e+00 1.000000000000000048e-04
8.161816081608160189e+00 1.000000000000000048e-04
8.162816181618161693e+00 1.000000000000000048e-04
8.163816281628161420e+00 1.000000000000000048e-04
8.164816381638162923e+00 1.000000000000000048e-04
8.165816481648164427e+00 1.000000000000000048e-04
8.166816581658165930e+00 1.000000000000000048e-04
8.167816681668165657e+00 1.000000000000000048e-04
8.168816781678167160e+00 1.000000000000000048e-04
8.169816881688168664e+00 1.000000000000000048e-04
8.170816981698170167e+00 1.000000000000000048e-04
8.171817081708169894e+00 1.000000000000000048e-04
8.172817181718171398e+00 1.000000000000000048e-04
8.173817281728172901e+00 1.000000000000000048e-04
8.174817381738172628e+00 1.000000000000000048e-04
8.175817481748174131e+00 1.000000000000000048e-04
8.176817581758175635e+00 1.000000000000000048e-04
8.177817681768177138e+00 1.000000000000000048e-04
8.178817781778176865e+00 1.000000000000000048e-04
8.179817881788178369e+00 1.000000000000000048e-04
8.180817981798179872e+00 1.000000000000000048e-04
8.181818081808179599e+00 1.000000000000000048e-04
8.182818181818181102e+00 1.000000000000000048e-04
8.183818281828182606e+00 1.000000000000000048e-04
8.184818381838184109e+00 1.000000000000000048e-04
8.185818481848183836e+00 1.000000000000000048e-04
8.186818581858185340e+00 1.000000000000000048e-04
8.187818681868186843e+00 1.000000000000000048e-04
8.188818781878186570e+00 1.000000000000000048e-04
8.189818881888188074e+00 1.000000000000000048e-04
8.190818981898189577e+00 1.000000000000000048e-04
8.191819081908191080e+00 1.000000000000000048e-04
8.192819181918190807e+00 1.000000000000000048e-04
8.193819281928192311e+00 1.000000000000000048e-04
8.194819381938193814e+00 1.000000000000000048e-04
8.195819481948193541e+00 1.000000000000000048e-04
8.196819581958195045e+00 1.000000000000000048e-04
8.197819681968196548e+00 1.000000000000000048e-04
8.198819781978198051e+00 1.000000000000000048e-04
8.199819881988197778e+00 1.000000000000000048e-04
8.200819981998199282e+00 1.000000000000000048e-04
8.201820082008200785e+00 1.000000000000000048e-04
8.202820182018200512e+00 1.000000000000000048e-04
8.203820282028202016e+00 1.000000000000000048e-04
8.204820382038203519e+00 1.000000000000000048e-04
8.205820482048205022e+00 1.000000000000000048e-04
8.206820582058204749e+00 1.000000000000000048e-04
8.207820682068206253e+00 1.000000000000000048e-04
8.208820782078207756e+00 1.000000000000000048e-04
8.209820882088207483e+00 1.000000000000000048e-04
8.210820982098208987e+00 1.000000000000000048e-04
8.211821082108210490e+00 1.000000000000000048e-04
8.212821182118211993e+00 1.000000000000000048e-04
8.213821282128211720e+00 1.000000000000000048e-04
8.214821382138213224e+00 1.000000000000000048e-04
8.215821482148214727e+00 1.000000000000000048e-04
8.216821582158214454e+00 1.000000000000000048e-04
8.217821682168215958e+00 1.000000000000000048e-04
8.218821782178217461e+00 1.000000000000000048e-04
8.219821882188218964e+00 1.000000000000000048e-04
8.220821982198218691e+00 1.000000000000000048e-04
8.221822082208220195e+00 1.000000000000000048e-04
8.222822182218221698e+00 1.000000000000000048e-04
8.223822282228223202e+00 1.000000000000000048e-04
8.224822382238222929e+00 1.000000000000000048e-04
8.225822482248224432e+00 1.000000000000000048e-04
8.226822582258225935e+00 1.000000000000000048e-04
8.227822682268225662e+00 1.000000000000000048e-04
8.228822782278227166e+00 1.000000000000000048e-04
8.229822882288228669e+00 1.000000000000000048e-04
8.230822982298230173e+00 1.000000000000000048e-04
8.231823082308229900e+00 1.000000000000000048e-04
8.232823182318231403e+00 1.000000000000000048e-04
8.233823282328232906e+00 1.000000000000000048e-04
8.234823382338232634e+00 1.000000000000000048e-04
8.235823482348234137e+00 1.000000000000000048e-04
8.236823582358235640e+00 1.000000000000000048e-04
8.237823682368237144e+00 1.000000000000000048e-04
8.238823782378236871e+00 1.000000000000000048e-04
8.239823882388238374e+00 1.000000000000000048e-04
8.240823982398239878e+00 1.000000000000000048e-04
8.241824082408239605e+00 1.000000000000000048e-04
8.242824182418241108e+00 1.000000000000000048e-04
8.243824282428242611e+00 1.000000000000000048e-04
8.244824382438244115e+00 1.000000000000000048e-04
8.245824482448243842e+00 1.000000000000000048e-04
8.246824582458245345e+00 1.000000000000000048e-04
8.247824682468246849e+00 1.000000000000000048e-04
8.248824782478246576e+00 1.000000000000000048e-04
8.249824882488248079e+00 1.000000000000000048e-04
8.250824982498249582e+00 1.000000000000000048e-04
8.251825082508251086e+00 1.000000000000000048e-04
8.252825182518250813e+00 1.000000000000000048e-04
8.253825282528252316e+00 1.000000000000000048e-04
8.254825382538253820e+00 1.000000000000000048e-04
8.255825482548253547e+00 1.000000000000000048e-04
8.256825582558255050e+00 1.000000000000000048e-04
8.257825682568256553e+00 1.000000000000000048e-04
8.258825782578258057e+00 1.000000000000000048e-04
8.259825882588257784e+00 1.000000000000000048e-04
8.260825982598259287e+00 1.000000000000000048e-04
8.261826082608260791e+00 1.000000000000000048e-04
8.262826182618260518e+00 1.000000000000000048e-04
8.263826282628262021e+00 1.000000000000000048e-04
8.264826382638263524e+00 1.000000000000000048e-04
8.265826482648265028e+00 1.000000000000000048e-04
8.266826582658264755e+00 1.000000000000000048e-04
8.267826682668266258e+00 1.000000000000000048e-04
8.268826782678267762e+00 1.000000000000000048e-04
8.269826882688267489e+00 1.000000000000000048e-04
8.270826982698268992e+00 1.000000000000000048e-04
8.271827082708270495e+00 1.000000000000000048e-04
8.272827182718271999e+00 1.000000000000000048e-04
8.273827282728271726e+00 1.000000000000000048e-04
8.274827382738273229e+00 1.000000000000000048e-04
8.275827482748274733e+00 1.000000000000000048e-04
8.276827582758274460e+00 1.000000000000000048e-04
8.277827682768275963e+00 1.000000000000000048e-04
8.278827782778277466e+00 1.000000000000000048e-04
8.279827882788278970e+00 1.000000000000000048e-04
8.280827982798278697e+00 1.000000000000000048e-04
8.281828082808280200e+00 1.000000000000000048e-04
8.282828182818281704e+00 1.000000000000000048e-04
8.283828282828283207e+00 1.000000000000000048e-04
8.284828382838282934e+00 1.000000000000000048e-04
8.285828482848284438e+00 1.000000000000000048e-04
8.286828582858285941e+00 1.000000000000000048e-04
8.287828682868285668e+00 1.000000000000000048e-04
8.288828782878287171e+00 1.000000000000000048e-04
8.289828882888288675e+00 1.000000000000000048e-04
8.290828982898290178e+00 1.000000000000000048e-04
8.291829082908289905e+00 1.000000000000000048e-04
8.292829182918291409e+00 1.000000000000000048e-04
8.293829282928292912e+00 1.000000000000000048e-04
8.294829382938292639e+00 1.000000000000000048e-04
8.295829482948294142e+00 1.000000000000000048e-04
8.296829582958295646e+00 1.000000000000000048e-04
8.297829682968297149e+00 1.000000000000000048e-04
8.298829782978296876e+00 1.000000000000000048e-04
8.299829882988298380e+00 1.000000000000000048e-04
8.300829982998299883e+00 1.000000000000000048e-04
8.301830083008299610e+00 1.000000000000000048e-04
8.302830183018301113e+00 1.000000000000000048e-04
8.303830283028302617e+00 1.000000000000000048e-04
8.304830383038304120e+00 1.000000000000000048e-04
8.305830483048303847e+00 1.000000000000000048e-04
8.306830583058305351e+00 1.000000000000000048e-04
8.307830683068306854e+00 1.000000000000000048e-04
8.308830783078306581e+00 1.000000000000000048e-04
8.309830883088308084e+00 1.000000000000000048e-04
8.310830983098309588e+00 1.000000000000000048e-04
8.311831083108311091e+00 1.000000000000000048e-04
8.312831183118310818e+00 1.000000000000000048e-04
8.313831283128312322e+00 1.000000000000000048e-04
8.314831383138313825e+00 1.000000000000000048e-04
8.315831483148313552e+00 1.000000000000000048e-04
8.316831583158315055e+00 1.000000000000000048e-04
8.317831683168316559e+00 1.000000000000000048e-04
8.318831783178318062e+00 1.000000000000000048e-04
8.319831883188317789e+00 1.000000000000000048e-04
8.320831983198319293e+00 1.000000000000000048e-04
8.321832083208320796e+00 1.000000000000000048e-04
8.322832183218320523e+00 1.000000000000000048e-04
8.323832283228322027e+00 1.000000000000000048e-04
8.324832383238323530e+00 1.000000000000000048e-04
8.325832483248325033e+00 1.000000000000000048e-04
8.326832583258324760e+00 1.000000000000000048e-04
8.327832683268326264e+00 1.000000000000000048e-04
8.328832783278327767e+00 1.000000000000000048e-04
8.329832883288327494e+00 1.000000000000000048e-04
8.330832983298328998e+00 1.000000000000000048e-04
8.331833083308330501e+00 1.000000000000000048e-04
8.332833183318332004e+00 1.000000000000000048e-04
8.333833283328331731e+00 1.000000000000000048e-04
8.334833383338333235e+00 1.000000000000000048e-04
8.335833483348334738e+00 1.000000000000000048e-04
8.336833583358334465e+00 1.000000000000000048e-04
8.337833683368335969e+00 1.000000000000000048e-04
8.338833783378337472e+00 1.000000000000000048e-04
8.339833883388338975e+00 1.000000000000000048e-04
8.340833983398338702e+00 1.000000000000000048e-04
8.341834083408340206e+00 1.000000000000000048e-04
8.342834183418341709e+00 1.000000000000000048e-04
8.343834283428343213e+00 1.000000000000000048e-04
8.344834383438342940e+00 1.000000000000000048e-04
8.345834483448344443e+00 1.000000000000000048e-04
8.346834583458345946e+00 1.000000000000000048e-04
8.347834683468345673e+00 1.000000000000000048e-04
8.348834783478347177e+00 1.000000000000000048e-04
8.349834883488348680e+00 1.000000000000000048e-04
8.350834983498350184e+00 1.000000000000000048e-04
8.351835083508349911e+00 1.000000000000000048e-04
8.352835183518351414e+00 1.000000000000000048e-04
8.353835283528352917e+00 1.000000000000000048e-04
8.354835383538352644e+00 1.000000000000000048e-04
8.355835483548354148e+00 1.000000000000000048e-04
8.356835583558355651e+00 1.000000000000000048e-04
8.357835683568357155e+00 1.000000000000000048e-04
8.358835783578356882e+00 1.000000000000000048e-04
8.359835883588358385e+00 1.000000000000000048e-04
8.360835983598359888e+00 1.000000000000000048e-04
8.361836083608359615e+00 1.000000000000000048e-04
8.362836183618361119e+00 1.000000000000000048e-04
8.363836283628362622e+00 1.000000000000000048e-04
8.364836383638364126e+00 1.000000000000000048e-04
8.365836483648363853e+00 1.000000000000000048e-04
8.366836583658365356e+00 1.000000000000000048e-04
8.367836683668366859e+00 1.000000000000000048e-04
8.368836783678366587e+00 1.000000000000000048e-04
8.369836883688368090e+00 1.000000000000000048e-04
8.370836983698369593e+00 1.000000000000000048e-04
8.371837083708371097e+00 1.000000000000000048e-04
8.372837183718370824e+00 1.000000000000000048e-04
8.373837283728372327e+00 1.000000000000000048e-04
8.374837383738373831e+00 1.000000000000000048e-04
8.375837483748373558e+00 1.000000000000000048e-04
8.376837583758375061e+00 1.000000000000000048e-04
8.377837683768376564e+00 1.000000000000000048e-04
8.378837783778378068e+00 1.000000000000000048e-04
8.379837883788377795e+00 1.000000000000000048e-04
8.380837983798379298e+00 1.000000000000000048e-04
8.381838083808380802e+00 1.000000000000000048e-04
8.382838183818380529e+00 1.000000000000000048e-04
8.383838283828382032e+00 1.000000000000000048e-04
8.384838383838383535e+00 1.000000000000000048e-04
8.385838483848385039e+00 1.000000000000000048e-04
8.386838583858384766e+00 1.000000000000000048e-04
8.387838683868386269e+00 1.000000000000000048e-04
8.388838783878387773e+00 1.000000000000000048e-04
8.389838883888387500e+00 1.000000000000000048e-04
8.390838983898389003e+00 1.000000000000000048e-04
8.391839083908390506e+00 1.000000000000000048e-04
8.392839183918392010e+00 1.000000000000000048e-04
8.393839283928391737e+00 1.000000000000000048e-04
8.394839383938393240e+00 1.000000000000000048e-04
8.395839483948394744e+00 1.000000000000000048e-04
8.396839583958394471e+00 1.000000000000000048e-04
8.397839683968395974e+00 1.000000000000000048e-04
8.398839783978397477e+00 1.000000000000000048e-04
8.399839883988398981e+00 1.000000000000000048e-04
8.400839983998398708e+00 1.000000000000000048e-04
8.401840084008400211e+00 1.000000000000000048e-04
8.402840184018401715e+00 1.000000000000000048e-04
8.403840284028403218e+00 1.000000000000000048e-04
8.404840384038402945e+00 1.000000000000000048e-04
8.405840484048404448e+00 1.000000000000000048e-04
8.406840584058405952e+00 1.000000000000000048e-04
8.407840684068405679e+00 1.000000000000000048e-04
8.408840784078407182e+00 1.000000000000000048e-04
8.409840884088408686e+00 1.000000000000000048e-04
8.410840984098410189e+00 1.000000000000000048e-04
8.411841084108409916e+00 1.000000000000000048e-04
8.412841184118411419e+00 1.000000000000000048e-04
8.413841284128412923e+00 1.000000000000000048e-04
8.414841384138412650e+00 1.000000000000000048e-04
8.415841484148414153e+00 1.000000000000000048e-04
8.416841584158415657e+00 1.000000000000000048e-04
8.417841684168417160e+00 1.000000000000000048e-04
8.418841784178416887e+00 1.000000000000000048e-04
8.419841884188418391e+00 1.000000000000000048e-04
8.420841984198419894e+00 1.000000000000000048e-04
8.421842084208419621e+00 1.000000000000000048e-04
8.422842184218421124e+00 1.000000000000000048e-04
8.423842284228422628e+00 1.000000000000000048e-04
8.424842384238424131e+00 1.000000000000000048e-04
8.425842484248423858e+00 1.000000000000000048e-04
8.426842584258425362e+00 1.000000000000000048e-04
8.427842684268426865e+00 1.000000000000000048e-04
8.428842784278426592e+00 1.000000000000000048e-04
8.429842884288428095e+00 1.000000000000000048e-04
8.430842984298429599e+00 1.000000000000000048e-04
8.431843084308431102e+00 1.000000000000000048e-04
8.432843184318430829e+00 1.000000000000000048e-04
8.433843284328432333e+00 1.000000000000000048e-04
8.434843384338433836e+00 1.000000000000000048e-04
8.435843484348433563e+00 1.000000000000000048e-04
8.436843584358435066e+00 1.000000000000000048e-04
8.437843684368436570e+00 1.000000000000000048e-04
8.438843784378438073e+00 1.000000000000000048e-04
8.439843884388437800e+00 1.000000000000000048e-04
8.440843984398439304e+00 1.000000000000000048e-04
8.441844084408440807e+00 1.000000000000000048e-04
8.442844184418440534e+00 1.000000000000000048e-04
8.443844284428442037e+00 1.000000000000000048e-04
8.444844384438443541e+00 1.000000000000000048e-04
8.445844484448445044e+00 1.000000000000000048e-04
8.446844584458444771e+00 1.000000000000000048e-04
8.447844684468446275e+00 1.000000000000000048e-04
8.448844784478447778e+00 1.000000000000000048e-04
8.449844884488447505e+00 1.000000000000000048e-04
8.450844984498449008e+00 1.000000000000000048e-04
8.451845084508450512e+00 1.000000000000000048e-04
8.452845184518452015e+00 1.000000000000000048e-04
8.453845284528451742e+00 1.000000000000000048e-04
8.454845384538453246e+00 1.000000000000000048e-04
8.455845484548454749e+00 1.000000000000000048e-04
8.456845584558454476e+00 1.000000000000000048e-04
8.457845684568455980e+00 1.000000000000000048e-04
8.458845784578457483e+00 1.000000000000000048e-04
8.459845884588458986e+00 1.000000000000000048e-04
8.460845984598458713e+00 1.000000000000000048e-04
8.461846084608460217e+00 1.000000000000000048e-04
8.462846184618461720e+00 1.000000000000000048e-04
8.463846284628463223e+00 1.000000000000000048e-04
8.464846384638462951e+00 1.000000000000000048e-04
8.465846484648464454e+00 1.000000000000000048e-04
8.466846584658465957e+00 1.000000000000000048e-04
8.467846684668465684e+00 1.000000000000000048e-04
8.468846784678467188e+00 1.000000000000000048e-04
8.469846884688468691e+00 1.000000000000000048e-04
8.470846984698470195e+00 1.000000000000000048e-04
8.471847084708469922e+00 1.000000000000000048e-04
8.472847184718471425e+00 1.000000000000000048e-04
8.473847284728472928e+00 1.000000000000000048e-04
8.474847384738472655e+00 1.000000000000000048e-04
8.475847484748474159e+00 1.000000000000000048e-04
8.476847584758475662e+00 1.000000000000000048e-04
8.477847684768477166e+00 1.000000000000000048e-04
8.478847784778476893e+00 1.000000000000000048e-04
8.479847884788478396e+00 1.000000000000000048e-04
8.480847984798479899e+00 1.000000000000000048e-04
8.481848084808479626e+00 1.000000000000000048e-04
8.482848184818481130e+00 1.000000000000000048e-04
8.483848284828482633e+00 1.000000000000000048e-04
8.484848384838484137e+00 1.000000000000000048e-04
8.485848484848483864e+00 1.000000000000000048e-04
8.486848584858485367e+00 1.000000000000000048e-04
8.487848684868486870e+00 1.000000000000000048e-04
8.488848784878486597e+00 1.000000000000000048e-04
8.489848884888488101e+00 1.000000000000000048e-04
8.490848984898489604e+00 1.000000000000000048e-04
8.491849084908491108e+00 1.000000000000000048e-04
8.492849184918490835e+00 1.000000000000000048e-04
8.493849284928492338e+00 1.000000000000000048e-04
8.494849384938493841e+00 1.000000000000000048e-04
8.495849484948493568e+00 1.000000000000000048e-04
8.496849584958495072e+00 1.000000000000000048e-04
8.497849684968496575e+00 1.000000000000000048e-04
8.498849784978498079e+00 1.000000000000000048e-04
8.499849884988497806e+00 1.000000000000000048e-04
8.500849984998499309e+00 1.000000000000000048e-04
8.501850085008500812e+00 1.000000000000000048e-04
8.502850185018500540e+00 1.000000000000000048e-04
8.503850285028502043e+00 1.000000000000000048e-04
8.504850385038503546e+00 1.000000000000000048e-04
8.505850485048505050e+00 1.000000000000000048e-04
8.506850585058504777e+00 1.000000000000000048e-04
8.507850685068506280e+00 1.000000000000000048e-04
8.508850785078507784e+00 1.000000000000000048e-04
8.509850885088507511e+00 1.000000000000000048e-04
8.510850985098509014e+00 1.000000000000000048e-04
8.511851085108510517e+00 1.000000000000000048e-04
8.512851185118512021e+00 1.000000000000000048e-04
8.513851285128511748e+00 1.000000000000000048e-04
8.514851385138513251e+00 1.000000000000000048e-04
8.515851485148514755e+00 1.000000000000000048e-04
8.516851585158514482e+00 1.000000000000000048e-04
8.517851685168515985e+00 1.000000000000000048e-04
8.518851785178517488e+00 1.000000000000000048e-04
8.519851885188518992e+00 1.000000000000000048e-04
8.520851985198518719e+00 1.000000000000000048e-04
8.521852085208520222e+00 1.000000000000000048e-04
8.522852185218521726e+00 1.000000000000000048e-04
8.523852285228523229e+00 1.000000000000000048e-04
8.524852385238522956e+00 1.000000000000000048e-04
8.525852485248524459e+00 1.000000000000000048e-04
8.526852585258525963e+00 1.000000000000000048e-04
8.527852685268525690e+00 1.000000000000000048e-04
8.528852785278527193e+00 1.000000000000000048e-04
8.529852885288528697e+00 1.000000000000000048e-04
8.530852985298530200e+00 1.000000000000000048e-04
8.531853085308529927e+00 1.000000000000000048e-04
8.532853185318531430e+00 1.000000000000000048e-04
8.533853285328532934e+00 1.000000000000000048e-04
8.534853385338532661e+00 1.000000000000000048e-04
8.535853485348534164e+00 1.000000000000000048e-04
8.536853585358535668e+00 1.000000000000000048e-04
8.537853685368537171e+00 1.000000000000000048e-04
8.538853785378536898e+00 1.000000000000000048e-04
8.539853885388538401e+00 1.000000000000000048e-04
8.540853985398539905e+00 1.000000000000000048e-04
8.541854085408539632e+00 1.000000000000000048e-04
8.542854185418541135e+00 1.000000000000000048e-04
8.543854285428542639e+00 1.000000000000000048e-04
8.544854385438544142e+00 1.000000000000000048e-04
8.545854485448543869e+00 1.000000000000000048e-04
8.546854585458545372e+00 1.000000000000000048e-04
8.547854685468546876e+00 1.000000000000000048e-04
8.548854785478546603e+00 1.000000000000000048e-04
8.549854885488548106e+00 1.000000000000000048e-04
8.550854985498549610e+00 1.000000000000000048e-04
8.551855085508551113e+00 1.000000000000000048e-04
8.552855185518550840e+00 1.000000000000000048e-04
8.553855285528552344e+00 1.000000000000000048e-04
8.554855385538553847e+00 1.000000000000000048e-04
8.555855485548553574e+00 1.000000000000000048e-04
8.556855585558555077e+00 1.000000000000000048e-04
8.557855685568556581e+00 1.000000000000000048e-04
8.558855785578558084e+00 1.000000000000000048e-04
8.559855885588557811e+00 1.000000000000000048e-04
8.560855985598559315e+00 1.000000000000000048e-04
8.561856085608560818e+00 1.000000000000000048e-04
8.562856185618560545e+00 1.000000000000000048e-04
8.563856285628562048e+00 1.000000000000000048e-04
8.564856385638563552e+00 1.000000000000000048e-04
8.565856485648565055e+00 1.000000000000000048e-04
8.566856585658564782e+00 1.000000000000000048e-04
8.567856685668566286e+00 1.000000000000000048e-04
8.568856785678567789e+00 1.000000000000000048e-04
8.569856885688567516e+00 1.000000000000000048e-04
8.570856985698569019e+00 1.000000000000000048e-04
8.571857085708570523e+00 1.000000000000000048e-04
8.572857185718572026e+00 1.000000000000000048e-04
8.573857285728571753e+00 1.000000000000000048e-04
8.574857385738573257e+00 1.000000000000000048e-04
8.575857485748574760e+00 1.000000000000000048e-04
8.576857585758574487e+00 1.000000000000000048e-04
8.577857685768575990e+00 1.000000000000000048e-04
8.578857785778577494e+00 1.000000000000000048e-04
8.579857885788578997e+00 1.000000000000000048e-04
8.580857985798578724e+00 1.000000000000000048e-04
8.581858085808580228e+00 1.000000000000000048e-04
8.582858185818581731e+00 1.000000000000000048e-04
8.583858285828583234e+00 1.000000000000000048e-04
8.584858385838582961e+00 1.000000000000000048e-04
8.585858485848584465e+00 1.000000000000000048e-04
8.586858585858585968e+00 1.000000000000000048e-04
8.587858685868585695e+00 1.000000000000000048e-04
8.588858785878587199e+00 1.000000000000000048e-04
8.589858885888588702e+00 1.000000000000000048e-04
8.590858985898590205e+00 1.000000000000000048e-04
8.591859085908589933e+00 1.000000000000000048e-04
8.592859185918591436e+00 1.000000000000000048e-04
8.593859285928592939e+00 1.000000000000000048e-04
8.594859385938592666e+00 1.000000000000000048e-04
8.595859485948594170e+00 1.000000000000000048e-04
8.596859585958595673e+00 1.000000000000000048e-04
8.597859685968597176e+00 1.000000000000000048e-04
8.598859785978596904e+00 1.000000000000000048e-04
8.599859885988598407e+00 1.000000000000000048e-04
8.600859985998599910e+00 1.000000000000000048e-04
8.601860086008599637e+00 1.000000000000000048e-04
8.602860186018601141e+00 1.000000000000000048e-04
8.603860286028602644e+00 1.000000000000000048e-04
8.604860386038604148e+00 1.000000000000000048e-04
8.605860486048603875e+00 1.000000000000000048e-04
8.606860586058605378e+00 1.000000000000000048e-04
8.607860686068606881e+00 1.000000000000000048e-04
8.608860786078606608e+00 1.000000000000000048e-04
8.609860886088608112e+00 1.000000000000000048e-04
8.610860986098609615e+00 1.000000000000000048e-04
8.611861086108611119e+00 1.000000000000000048e-04
8.612861186118610846e+00 1.000000000000000048e-04
8.613861286128612349e+00 1.000000000000000048e-04
8.614861386138613852e+00 1.000000000000000048e-04
8.615861486148613579e+00 1.000000000000000048e-04
8.616861586158615083e+00 1.000000000000000048e-04
8.617861686168616586e+00 1.000000000000000048e-04
8.618861786178618090e+00 1.000000000000000048e-04
8.619861886188617817e+00 1.000000000000000048e-04
8.620861986198619320e+00 1.000000000000000048e-04
8.621862086208620823e+00 1.000000000000000048e-04
8.622862186218620550e+00 1.000000000000000048e-04
8.623862286228622054e+00 1.000000000000000048e-04
8.624862386238623557e+00 1.000000000000000048e-04
8.625862486248625061e+00 1.000000000000000048e-04
8.626862586258624788e+00 1.000000000000000048e-04
8.627862686268626291e+00 1.000000000000000048e-04
8.628862786278627794e+00 1.000000000000000048e-04
8.629862886288627521e+00 1.000000000000000048e-04
8.630862986298629025e+00 1.000000000000000048e-04
8.631863086308630528e+00 1.000000000000000048e-04
8.632863186318632032e+00 1.000000000000000048e-04
8.633863286328631759e+00 1.000000000000000048e-04
8.634863386338633262e+00 1.000000000000000048e-04
8.635863486348634765e+00 1.000000000000000048e-04
8.636863586358634493e+00 1.000000000000000048e-04
8.637863686368635996e+00 1.000000000000000048e-04
8.638863786378637499e+00 1.000000000000000048e-04
8.639863886388639003e+00 1.000000000000000048e-04
8.640863986398638730e+00 1.000000000000000048e-04
8.641864086408640233e+00 1.000000000000000048e-04
8.642864186418641737e+00 1.000000000000000048e-04
8.643864286428643240e+00 1.000000000000000048e-04
8.644864386438642967e+00 1.000000000000000048e-04
8.645864486448644470e+00 1.000000000000000048e-04
8.646864586458645974e+00 1.000000000000000048e-04
8.647864686468645701e+00 1.000000000000000048e-04
8.648864786478647204e+00 1.000000000000000048e-04
8.649864886488648708e+00 1.000000000000000048e-04
8.650864986498650211e+00 1.000000000000000048e-04
8.651865086508649938e+00 1.000000000000000048e-04
8.652865186518651441e+00 1.000000000000000048e-04
8.653865286528652945e+00 1.000000000000000048e-04
8.654865386538652672e+00 1.000000000000000048e-04
8.655865486548654175e+00 1.000000000000000048e-04
8.656865586558655679e+00 1.000000000000000048e-04
8.657865686568657182e+00 1.000000000000000048e-04
8.658865786578656909e+00 1.000000000000000048e-04
8.659865886588658412e+00 1.000000000000000048e-04
8.660865986598659916e+00 1.000000000000000048e-04
8.661866086608659643e+00 1.000000000000000048e-04
8.662866186618661146e+00 1.000000000000000048e-04
8.663866286628662650e+00 1.000000000000000048e-04
8.664866386638664153e+00 1.000000000000000048e-04
8.665866486648663880e+00 1.000000000000000048e-04
8.666866586658665383e+00 1.000000000000000048e-04
8.667866686668666887e+00 1.000000000000000048e-04
8.668866786678666614e+00 1.000000000000000048e-04
8.669866886688668117e+00 1.000000000000000048e-04
8.670866986698669621e+00 1.000000000000000048e-04
8.671867086708671124e+00 1.000000000000000048e-04
8.672867186718670851e+00 1.000000000000000048e-04
8.673867286728672354e+00 1.000000000000000048e-04
8.674867386738673858e+00 1.000000000000000048e-04
8.675867486748673585e+00 1.000000000000000048e-04
8.676867586758675088e+00 1.000000000000000048e-04
8.677867686768676592e+00 1.000000000000000048e-04
8.678867786778678095e+00 1.000000000000000048e-04
8.679867886788677822e+00 1.000000000000000048e-04
8.680867986798679325e+00 1.000000000000000048e-04
8.681868086808680829e+00 1.000000000000000048e-04
8.682868186818680556e+00 1.000000000000000048e-04
8.683868286828682059e+00 1.000000000000000048e-04
8.684868386838683563e+00 1.000000000000000048e-04
8.685868486848685066e+00 1.000000000000000048e-04
8.686868586858684793e+00 1.000000000000000048e-04
8.687868686868686297e+00 1.000000000000000048e-04
8.688868786878687800e+00 1.000000000000000048e-04
8.689868886888687527e+00 1.000000000000000048e-04
8.690868986898689030e+00 1.000000000000000048e-04
8.691869086908690534e+00 1.000000000000000048e-04
8.692869186918692037e+00 1.000000000000000048e-04
8.693869286928691764e+00 1.000000000000000048e-04
8.694869386938693268e+00 1.000000000000000048e-04
8.695869486948694771e+00 1.000000000000000048e-04
8.696869586958694498e+00 1.000000000000000048e-04
8.697869686968696001e+00 1.000000000000000048e-04
8.698869786978697505e+00 1.000000000000000048e-04
8.699869886988699008e+00 1.000000000000000048e-04
8.700869986998698735e+00 1.000000000000000048e-04
8.701870087008700239e+00 1.000000000000000048e-04
8.702870187018701742e+00 1.000000000000000048e-04
8.703870287028703245e+00 1.000000000000000048e-04
8.704870387038702972e+00 1.000000000000000048e-04
8.705870487048704476e+00 1.000000000000000048e-04
8.706870587058705979e+00 1.000000000000000048e-04
8.707870687068705706e+00 1.000000000000000048e-04
8.708870787078707210e+00 1.000000000000000048e-04
8.709870887088708713e+00 1.000000000000000048e-04
8.710870987098710216e+00 1.000000000000000048e-04
8.711871087108709943e+00 1.000000000000000048e-04
8.712871187118711447e+00 1.000000000000000048e-04
8.713871287128712950e+00 1.000000000000000048e-04
8.714871387138712677e+00 1.000000000000000048e-04
8.715871487148714181e+00 1.000000000000000048e-04
8.716871587158715684e+00 1.000000000000000048e-04
8.717871687168717187e+00 1.000000000000000048e-04
8.718871787178716914e+00 1.000000000000000048e-04
8.719871887188718418e+00 1.000000000000000048e-04
8.720871987198719921e+00 1.000000000000000048e-04
8.721872087208719648e+00 1.000000000000000048e-04
8.722872187218721152e+00 1.000000000000000048e-04
8.723872287228722655e+00 1.000000000000000048e-04
8.724872387238724158e+00 1.000000000000000048e-04
8.725872487248723886e+00 1.000000000000000048e-04
8.726872587258725389e+00 1.000000000000000048e-04
8.727872687268726892e+00 1.000000000000000048e-04
8.728872787278726619e+00 1.000000000000000048e-04
8.729872887288728123e+00 1.000000000000000048e-04
8.730872987298729626e+00 1.000000000000000048e-04
8.731873087308731129e+00 1.000000000000000048e-04
8.732873187318730857e+00 1.000000000000000048e-04
8.733873287328732360e+00 1.000000000000000048e-04
8.734873387338733863e+00 1.000000000000000048e-04
8.735873487348733590e+00 1.000000000000000048e-04
8.736873587358735094e+00 1.000000000000000048e-04
8.737873687368736597e+00 1.000000000000000048e-04
8.738873787378738101e+00 1.000000000000000048e-04
8.739873887388737828e+00 1.000000000000000048e-04
8.740873987398739331e+00 1.000000000000000048e-04
8.741874087408740834e+00 1.000000000000000048e-04
8.742874187418740561e+00 1.000000000000000048e-04
8.743874287428742065e+00 1.000000000000000048e-04
8.744874387438743568e+00 1.000000000000000048e-04
8.745874487448745072e+00 1.000000000000000048e-04
8.746874587458744799e+00 1.000000000000000048e-04
8.747874687468746302e+00 1.000000000000000048e-04
8.748874787478747805e+00 1.000000000000000048e-04
8.749874887488747532e+00 1.000000000000000048e-04
8.750874987498749036e+00 1.000000000000000048e-04
8.751875087508750539e+00 1.000000000000000048e-04
8.752875187518752043e+00 1.000000000000000048e-04
8.753875287528751770e+00 1.000000000000000048e-04
8.754875387538753273e+00 1.000000000000000048e-04
8.755875487548754776e+00 1.000000000000000048e-04
8.756875587558754503e+00 1.000000000000000048e-04
8.757875687568756007e+00 1.000000000000000048e-04
8.758875787578757510e+00 1.000000000000000048e-04
8.759875887588759014e+00 1.000000000000000048e-04
8.760875987598758741e+00 1.000000000000000048e-04
8.761876087608760244e+00 1.000000000000000048e-04
8.762876187618761747e+00 1.000000000000000048e-04
8.763876287628763251e+00 1.000000000000000048e-04
8.764876387638762978e+00 1.000000000000000048e-04
8.765876487648764481e+00 1.000000000000000048e-04
8.766876587658765985e+00 1.000000000000000048e-04
8.767876687668765712e+00 1.000000000000000048e-04
8.768876787678767215e+00 1.000000000000000048e-04
8.769876887688768718e+00 1.000000000000000048e-04
8.770876987698770222e+00 1.000000000000000048e-04
8.771877087708769949e+00 1.000000000000000048e-04
8.772877187718771452e+00 1.000000000000000048e-04
8.773877287728772956e+00 1.000000000000000048e-04
8.774877387738772683e+00 1.000000000000000048e-04
8.775877487748774186e+00 1.000000000000000048e-04
8.776877587758775690e+00 1.000000000000000048e-04
8.777877687768777193e+00 1.000000000000000048e-04
8.778877787778776920e+00 1.000000000000000048e-04
8.779877887788778423e+00 1.000000000000000048e-04
8.780877987798779927e+00 1.000000000000000048e-04
8.781878087808779654e+00 1.000000000000000048e-04
8.782878187818781157e+00 1.000000000000000048e-04
8.783878287828782661e+00 1.000000000000000048e-04
8.784878387838784164e+00 1.000000000000000048e-04
8.785878487848783891e+00 1.000000000000000048e-04
8.786878587858785394e+00 1.000000000000000048e-04
8.787878687868786898e+00 1.000000000000000048e-04
8.788878787878786625e+00 1.000000000000000048e-04
8.789878887888788128e+00 1.000000000000000048e-04
8.790878987898789632e+00 1.000000000000000048e-04
8.791879087908791135e+00 1.000000000000000048e-04
8.792879187918790862e+00 1.000000000000000048e-04
8.793879287928792365e+00 1.000000000000000048e-04
8.794879387938793869e+00 1.000000000000000048e-04
8.795879487948793596e+00 1.000000000000000048e-04
8.796879587958795099e+00 1.000000000000000048e-04
8.797879687968796603e+00 1.000000000000000048e-04
8.798879787978798106e+00 1.000000000000000048e-04
8.799879887988797833e+00 1.000000000000000048e-04
8.800879987998799336e+00 1.000000000000000048e-04
8.801880088008800840e+00 1.000000000000000048e-04
8.802880188018800567e+00 1.000000000000000048e-04
8.803880288028802070e+00 1.000000000000000048e-04
8.804880388038803574e+00 1.000000000000000048e-04
8.805880488048805077e+00 1.000000000000000048e-04
8.806880588058804804e+00 1.000000000000000048e-04
8.807880688068806307e+00 1.000000000000000048e-04
8.808880788078807811e+00 1.000000000000000048e-04
8.809880888088807538e+00 1.000000000000000048e-04
8.810880988098809041e+00 1.000000000000000048e-04
8.811881088108810545e+00 1.000000000000000048e-04
8.812881188118812048e+00 1.000000000000000048e-04
8.813881288128811775e+00 1.000000000000000048e-04
8.814881388138813278e+00 1.000000000000000048e-04
8.815881488148814782e+00 1.000000000000000048e-04
8.816881588158814509e+00 1.000000000000000048e-04
8.817881688168816012e+00 1.000000000000000048e-04
8.818881788178817516e+00 1.000000000000000048e-04
8.819881888188819019e+00 1.000000000000000048e-04
8.820881988198818746e+00 1.000000000000000048e-04
8.821882088208820250e+00 1.000000000000000048e-04
8.822882188218821753e+00 1.000000000000000048e-04
8.823882288228823256e+00 1.000000000000000048e-04
8.824882388238822983e+00 1.000000000000000048e-04
8.825882488248824487e+00 1.000000000000000048e-04
8.826882588258825990e+00 1.000000000000000048e-04
8.827882688268825717e+00 1.000000000000000048e-04
8.828882788278827221e+00 1.000000000000000048e-04
8.829882888288828724e+00 1.000000000000000048e-04
8.830882988298830227e+00 1.000000000000000048e-04
8.831883088308829954e+00 1.000000000000000048e-04
8.832883188318831458e+00 1.000000000000000048e-04
8.833883288328832961e+00 1.000000000000000048e-04
8.834883388338832688e+00 1.000000000000000048e-04
8.835883488348834192e+00 1.000000000000000048e-04
8.836883588358835695e+00 1.000000000000000048e-04
8.837883688368837198e+00 1.000000000000000048e-04
8.838883788378836925e+00 1.000000000000000048e-04
8.839883888388838429e+00 1.000000000000000048e-04
8.840883988398839932e+00 1.000000000000000048e-04
8.841884088408839659e+00 1.000000000000000048e-04
8.842884188418841163e+00 1.000000000000000048e-04
8.843884288428842666e+00 1.000000000000000048e-04
8.844884388438844169e+00 1.000000000000000048e-04
8.845884488448843896e+00 1.000000000000000048e-04
8.846884588458845400e+00 1.000000000000000048e-04
8.847884688468846903e+00 1.000000000000000048e-04
8.848884788478846630e+00 1.000000000000000048e-04
8.849884888488848134e+00 1.000000000000000048e-04
8.850884988498849637e+00 1.000000000000000048e-04
8.851885088508851140e+00 1.000000000000000048e-04
8.852885188518850867e+00 1.000000000000000048e-04
8.853885288528852371e+00 1.000000000000000048e-04
8.854885388538853874e+00 1.000000000000000048e-04
8.855885488548853601e+00 1.000000000000000048e-04
8.856885588558855105e+00 1.000000000000000048e-04
8.857885688568856608e+00 1.000000000000000048e-04
8.858885788578858111e+00 1.000000000000000048e-04
8.859885888588857838e+00 1.000000000000000048e-04
8.860885988598859342e+00 1.000000000000000048e-04
8.861886088608860845e+00 1.000000000000000048e-04
8.862886188618860572e+00 1.000000000000000048e-04
8.863886288628862076e+00 1.000000000000000048e-04
8.864886388638863579e+00 1.000000000000000048e-04
8.865886488648865082e+00 1.000000000000000048e-04
8.866886588658864810e+00 1.000000000000000048e-04
8.867886688668866313e+00 1.000000000000000048e-04
8.868886788678867816e+00 1.000000000000000048e-04
8.869886888688867543e+00 1.000000000000000048e-04
8.870886988698869047e+00 1.000000000000000048e-04
8.871887088708870550e+00 1.000000000000000048e-04
8.872887188718872054e+00 1.000000000000000048e-04
8.873887288728871781e+00 1.000000000000000048e-04
8.874887388738873284e+00 1.000000000000000048e-04
8.875887488748874787e+00 1.000000000000000048e-04
8.876887588758874514e+00 1.000000000000000048e-04
8.877887688768876018e+00 1.000000000000000048e-04
8.878887788778877521e+00 1.000000000000000048e-04
8.879887888788879025e+00 1.000000000000000048e-04
8.880887988798878752e+00 1.000000000000000048e-04
8.881888088808880255e+00 1.000000000000000048e-04
8.882888188818881758e+00 1.000000000000000048e-04
8.883888288828883262e+00 1.000000000000000048e-04
8.884888388838882989e+00 1.000000000000000048e-04
8.885888488848884492e+00 1.000000000000000048e-04
8.886888588858885996e+00 1.000000000000000048e-04
8.887888688868885723e+00 1.000000000000000048e-04
8.888888788878887226e+00 1.000000000000000048e-04
8.889888888888888729e+00 1.000000000000000048e-04
8.890888988898890233e+00 1.000000000000000048e-04
8.891889088908889960e+00 1.000000000000000048e-04
8.892889188918891463e+00 1.000000000000000048e-04
8.893889288928892967e+00 1.000000000000000048e-04
8.894889388938892694e+00 1.000000000000000048e-04
8.895889488948894197e+00 1.000000000000000048e-04
8.896889588958895700e+00 1.000000000000000048e-04
8.897889688968897204e+00 1.000000000000000048e-04
8.898889788978896931e+00 1.000000000000000048e-04
8.899889888988898434e+00 1.000000000000000048e-04
8.900889988998899938e+00 1.000000000000000048e-04
8.901890089008899665e+00 1.000000000000000048e-04
8.902890189018901168e+00 1.000000000000000048e-04
8.903890289028902671e+00 1.000000000000000048e-04
8.904890389038904175e+00 1.000000000000000048e-04
8.905890489048903902e+00 1.000000000000000048e-04
8.906890589058905405e+00 1.000000000000000048e-04
8.907890689068906909e+00 1.000000000000000048e-04
8.908890789078906636e+00 1.000000000000000048e-04
8.909890889088908139e+00 1.000000000000000048e-04
8.910890989098909643e+00 1.000000000000000048e-04
8.911891089108911146e+00 1.000000000000000048e-04
8.912891189118910873e+00 1.000000000000000048e-04
8.913891289128912376e+00 1.000000000000000048e-04
8.914891389138913880e+00 1.000000000000000048e-04
8.915891489148913607e+00 1.000000000000000048e-04
8.916891589158915110e+00 1.000000000000000048e-04
8.917891689168916614e+00 1.000000000000000048e-04
8.918891789178918117e+00 1.000000000000000048e-04
8.919891889188917844e+00 1.000000000000000048e-04
8.920891989198919347e+00 1.000000000000000048e-04
8.921892089208920851e+00 1.000000000000000048e-04
8.922892189218920578e+00 1.000000000000000048e-04
8.923892289228922081e+00 1.000000000000000048e-04
8.924892389238923585e+00 1.000000000000000048e-04
8.925892489248925088e+00 1.000000000000000048e-04
8.926892589258924815e+00 1.000000000000000048e-04
8.927892689268926318e+00 1.000000000000000048e-04
8.928892789278927822e+00 1.000000000000000048e-04
8.929892889288927549e+00 1.000000000000000048e-04
8.930892989298929052e+00 1.000000000000000048e-04
8.931893089308930556e+00 1.000000000000000048e-04
8.932893189318932059e+00 1.000000000000000048e-04
8.933893289328931786e+00 1.000000000000000048e-04
8.934893389338933289e+00 1.000000000000000048e-04
8.935893489348934793e+00 1.000000000000000048e-04
8.936893589358934520e+00 1.000000000000000048e-04
8.937893689368936023e+00 1.000000000000000048e-04
8.938893789378937527e+00 1.000000000000000048e-04
8.939893889388939030e+00 1.000000000000000048e-04
8.940893989398938757e+00 1.000000000000000048e-04
8.941894089408940260e+00 1.000000000000000048e-04
8.942894189418941764e+00 1.000000000000000048e-04
8.943894289428943267e+00 1.000000000000000048e-04
8.944894389438942994e+00 1.000000000000000048e-04
8.945894489448944498e+00 1.000000000000000048e-04
8.946894589458946001e+00 1.000000000000000048e-04
8.947894689468945728e+00 1.000000000000000048e-04
8.948894789478947231e+00 1.000000000000000048e-04
8.949894889488948735e+00 1.000000000000000048e-04
8.950894989498950238e+00 1.000000000000000048e-04
8.951895089508949965e+00 1.000000000000000048e-04
8.952895189518951469e+00 1.000000000000000048e-04
8.953895289528952972e+00 1.000000000000000048e-04
8.954895389538952699e+00 1.000000000000000048e-04
8.955895489548954203e+00 1.000000000000000048e-04
8.956895589558955706e+00 1.000000000000000048e-04
8.957895689568957209e+00 1.000000000000000048e-04
8.958895789578956936e+00 1.000000000000000048e-04
8.959895889588958440e+00 1.000000000000000048e-04
8.960895989598959943e+00 1.000000000000000048e-04
8.961896089608959670e+00 1.000000000000000048e-04
8.962896189618961174e+00 1.000000000000000048e-04
8.963896289628962677e+00 1.000000000000000048e-04
8.964896389638964180e+00 1.000000000000000048e-04
8.965896489648963907e+00 1.000000000000000048e-04
8.966896589658965411e+00 1.000000000000000048e-04
8.967896689668966914e+00 1.000000000000000048e-04
8.968896789678966641e+00 1.000000000000000048e-04
8.969896889688968145e+00 1.000000000000000048e-04
8.970896989698969648e+00 1.000000000000000048e-04
8.971897089708971151e+00 1.000000000000000048e-04
8.972897189718970878e+00 1.000000000000000048e-04
8.973897289728972382e+00 1.000000000000000048e-04
8.974897389738973885e+00 1.000000000000000048e-04
8.975897489748973612e+00 1.000000000000000048e-04
8.976897589758975116e+00 1.000000000000000048e-04
8.977897689768976619e+00 1.000000000000000048e-04
8.978897789778978122e+00 1.000000000000000048e-04
8.979897889788977849e+00 1.000000000000000048e-04
8.980897989798979353e+00 1.000000000000000048e-04
8.981898089808980856e+00 1.000000000000000048e-04
8.982898189818980583e+00 1.000000000000000048e-04
8.983898289828982087e+00 1.000000000000000048e-04
8.984898389838983590e+00 1.000000000000000048e-04
8.985898489848985093e+00 1.000000000000000048e-04
8.986898589858984820e+00 1.000000000000000048e-04
8.987898689868986324e+00 1.000000000000000048e-04
8.988898789878987827e+00 1.000000000000000048e-04
8.989898889888987554e+00 1.000000000000000048e-04
8.990898989898989058e+00 1.000000000000000048e-04
8.991899089908990561e+00 1.000000000000000048e-04
8.992899189918992064e+00 1.000000000000000048e-04
8.993899289928991791e+00 1.000000000000000048e-04
8.994899389938993295e+00 1.000000000000000048e-04
8.995899489948994798e+00 1.000000000000000048e-04
8.996899589958994525e+00 1.000000000000000048e-04
8.997899689968996029e+00 1.000000000000000048e-04
8.998899789978997532e+00 1.000000000000000048e-04
8.999899889988999035e+00 1.000000000000000048e-04
9.000899989998998763e+00 1.000000000000000048e-04
9.001900090009000266e+00 1.000000000000000048e-04
9.002900190019001769e+00 1.000000000000000048e-04
9.003900290029003273e+00 1.000000000000000048e-04
9.004900390039003000e+00 1.000000000000000048e-04
9.005900490049004503e+00 1.000000000000000048e-04
9.006900590059006007e+00 1.000000000000000048e-04
9.007900690069005734e+00 1.000000000000000048e-04
9.008900790079007237e+00 1.000000000000000048e-04
9.009900890089008740e+00 1.000000000000000048e-04
9.010900990099010244e+00 1.000000000000000048e-04
9.011901090109009971e+00 1.000000000000000048e-04
9.012901190119011474e+00 1.000000000000000048e-04
9.013901290129012978e+00 1.000000000000000048e-04
9.014901390139012705e+00 1.000000000000000048e-04
9.015901490149014208e+00 1.000000000000000048e-04
9.016901590159015711e+00 1.000000000000000048e-04
9.017901690169017215e+00 1.000000000000000048e-04
9.018901790179016942e+00 1.000000000000000048e-04
9.019901890189018445e+00 1.000000000000000048e-04
9.020901990199019949e+00 1.000000000000000048e-04
9.021902090209019676e+00 1.000000000000000048e-04
9.022902190219021179e+00 1.000000000000000048e-04
9.023902290229022682e+00 1.000000000000000048e-04
9.024902390239024186e+00 1.000000000000000048e-04
9.025902490249023913e+00 1.000000000000000048e-04
9.026902590259025416e+00 1.000000000000000048e-04
9.027902690269026920e+00 1.000000000000000048e-04
9.028902790279026647e+00 1.000000000000000048e-04
9.029902890289028150e+00 1.000000000000000048e-04
9.030902990299029653e+00 1.000000000000000048e-04
9.031903090309031157e+00 1.000000000000000048e-04
9.032903190319030884e+00 1.000000000000000048e-04
9.033903290329032387e+00 1.000000000000000048e-04
9.034903390339033891e+00 1.000000000000000048e-04
9.035903490349033618e+00 1.000000000000000048e-04
9.036903590359035121e+00 1.000000000000000048e-04
9.037903690369036624e+00 1.000000000000000048e-04
9.038903790379038128e+00 1.000000000000000048e-04
9.039903890389037855e+00 1.000000000000000048e-04
9.040903990399039358e+00 1.000000000000000048e-04
9.041904090409040862e+00 1.000000000000000048e-04
9.042904190419040589e+00 1.000000000000000048e-04
9.043904290429042092e+00 1.000000000000000048e-04
9.044904390439043596e+00 1.000000000000000048e-04
9.045904490449045099e+00 1.000000000000000048e-04
9.046904590459044826e+00 1.000000000000000048e-04
9.047904690469046329e+00 1.000000000000000048e-04
9.048904790479047833e+00 1.000000000000000048e-04
9.049904890489047560e+00 1.000000000000000048e-04
9.050904990499049063e+00 1.000000000000000048e-04
9.051905090509050567e+00 1.000000000000000048e-04
9.052905190519052070e+00 1.000000000000000048e-04
9.053905290529051797e+00 1.000000000000000048e-04
9.054905390539053300e+00 1.000000000000000048e-04
9.055905490549054804e+00 1.000000000000000048e-04
9.056905590559054531e+00 1.000000000000000048e-04
9.057905690569056034e+00 1.000000000000000048e-04
9.058905790579057538e+00 1.000000000000000048e-04
9.059905890589059041e+00 1.000000000000000048e-04
9.060905990599058768e+00 1.000000000000000048e-04
9.061906090609060271e+00 1.000000000000000048e-04
9.062906190619061775e+00 1.000000000000000048e-04
9.063906290629063278e+00 1.000000000000000048e-04
9.064906390639063005e+00 1.000000000000000048e-04
9.065906490649064509e+00 1.000000000000000048e-04
9.066906590659066012e+00 1.000000000000000048e-04
9.067906690669065739e+00 1.000000000000000048e-04
9.068906790679067242e+00 1.000000000000000048e-04
9.069906890689068746e+00 1.000000000000000048e-04
9.070906990699070249e+00 1.000000000000000048e-04
9.071907090709069976e+00 1.000000000000000048e-04
9.072907190719071480e+00 1.000000000000000048e-04
9.073907290729072983e+00 1.000000000000000048e-04
9.074907390739072710e+00 1.000000000000000048e-04
9.075907490749074213e+00 1.000000000000000048e-04
9.076907590759075717e+00 1.000000000000000048e-04
9.077907690769077220e+00 1.000000000000000048e-04
9.078907790779076947e+00 1.000000000000000048e-04
9.079907890789078451e+00 1.000000000000000048e-04
9.080907990799079954e+00 1.000000000000000048e-04
9.081908090809079681e+00 1.000000000000000048e-04
9.082908190819081184e+00 1.000000000000000048e-04
9.083908290829082688e+00 1.000000000000000048e-04
9.084908390839084191e+00 1.000000000000000048e-04
9.085908490849083918e+00 1.000000000000000048e-04
9.086908590859085422e+00 1.000000000000000048e-04
9.087908690869086925e+00 1.000000000000000048e-04
9.088908790879086652e+00 1.000000000000000048e-04
9.089908890889088156e+00 1.000000000000000048e-04
9.090908990899089659e+00 1.000000000000000048e-04
9.091909090909091162e+00 1.000000000000000048e-04
9.092909190919090889e+00 1.000000000000000048e-04
9.093909290929092393e+00 1.000000000000000048e-04
9.094909390939093896e+00 1.000000000000000048e-04
9.095909490949093623e+00 1.000000000000000048e-04
9.096909590959095127e+00 1.000000000000000048e-04
9.097909690969096630e+00 1.000000000000000048e-04
9.098909790979098133e+00 1.000000000000000048e-04
9.099909890989097860e+00 1.000000000000000048e-04
9.100909990999099364e+00 1.000000000000000048e-04
9.101910091009100867e+00 1.000000000000000048e-04
9.102910191019100594e+00 1.000000000000000048e-04
9.103910291029102098e+00 1.000000000000000048e-04
9.104910391039103601e+00 1.000000000000000048e-04
9.105910491049105104e+00 1.000000000000000048e-04
9.106910591059104831e+00 1.000000000000000048e-04
9.107910691069106335e+00 1.000000000000000048e-04
9.108910791079107838e+00 1.000000000000000048e-04
9.109910891089107565e+00 1.000000000000000048e-04
9.110910991099109069e+00 1.000000000000000048e-04
9.111911091109110572e+00 1.000000000000000048e-04
9.112911191119112075e+00 1.000000000000000048e-04
9.113911291129111802e+00 1.000000000000000048e-04
9.114911391139113306e+00 1.000000000000000048e-04
9.115911491149114809e+00 1.000000000000000048e-04
9.116911591159114536e+00 1.000000000000000048e-04
9.117911691169116040e+00 1.000000000000000048e-04
9.118911791179117543e+00 1.000000000000000048e-04
9.119911891189119046e+00 1.000000000000000048e-04
9.120911991199118773e+00 1.000000000000000048e-04
9.121912091209120277e+00 1.000000000000000048e-04
9.122912191219121780e+00 1.000000000000000048e-04
9.123912291229123284e+00 1.000000000000000048e-04
9.124912391239123011e+00 1.000000000000000048e-04
9.125912491249124514e+00 1.000000000000000048e-04
9.126912591259126017e+00 1.000000000000000048e-04
9.127912691269125744e+00 1.000000000000000048e-04
9.128912791279127248e+00 1.000000000000000048e-04
9.129912891289128751e+00 1.000000000000000048e-04
9.130912991299130255e+00 1.000000000000000048e-04
9.131913091309129982e+00 1.000000000000000048e-04
9.132913191319131485e+00 1.000000000000000048e-04
9.133913291329132988e+00 1.000000000000000048e-04
9.134913391339132716e+00 1.000000000000000048e-04
9.135913491349134219e+00 1.000000000000000048e-04
9.136913591359135722e+00 1.000000000000000048e-04
9.137913691369137226e+00 1.000000000000000048e-04
9.138913791379136953e+00 1.000000000000000048e-04
9.139913891389138456e+00 1.000000000000000048e-04
9.140913991399139960e+00 1.000000000000000048e-04
9.141914091409139687e+00 1.000000000000000048e-04
9.142914191419141190e+00 1.000000000000000048e-04
9.143914291429142693e+00 1.000000000000000048e-04
9.144914391439144197e+00 1.000000000000000048e-04
9.145914491449143924e+00 1.000000000000000048e-04
9.146914591459145427e+00 1.000000000000000048e-04
9.147914691469146931e+00 1.000000000000000048e-04
9.148914791479146658e+00 1.000000000000000048e-04
9.149914891489148161e+00 1.000000000000000048e-04
9.150914991499149664e+00 1.000000000000000048e-04
9.151915091509151168e+00 1.000000000000000048e-04
9.152915191519150895e+00 1.000000000000000048e-04
9.153915291529152398e+00 1.000000000000000048e-04
9.154915391539153902e+00 1.000000000000000048e-04
9.155915491549153629e+00 1.000000000000000048e-04
9.156915591559155132e+00 1.000000000000000048e-04
9.157915691569156635e+00 1.000000000000000048e-04
9.158915791579158139e+00 1.000000000000000048e-04
9.159915891589157866e+00 1.000000000000000048e-04
9.160915991599159369e+00 1.000000000000000048e-04
9.161916091609160873e+00 1.000000000000000048e-04
9.162916191619160600e+00 1.000000000000000048e-04
9.163916291629162103e+00 1.000000000000000048e-04
9.164916391639163606e+00 1.000000000000000048e-04
9.165916491649165110e+00 1.000000000000000048e-04
9.166916591659164837e+00 1.000000000000000048e-04
9.167916691669166340e+00 1.000000000000000048e-04
9.168916791679167844e+00 1.000000000000000048e-04
9.169916891689167571e+00 1.000000000000000048e-04
9.170916991699169074e+00 1.000000000000000048e-04
9.171917091709170577e+00 1.000000000000000048e-04
9.172917191719172081e+00 1.000000000000000048e-04
9.173917291729171808e+00 1.000000000000000048e-04
9.174917391739173311e+00 1.000000000000000048e-04
9.175917491749174815e+00 1.000000000000000048e-04
9.176917591759174542e+00 1.000000000000000048e-04
9.177917691769176045e+00 1.000000000000000048e-04
9.178917791779177549e+00 1.000000000000000048e-04
9.179917891789179052e+00 1.000000000000000048e-04
9.180917991799178779e+00 1.000000000000000048e-04
9.181918091809180282e+00 1.000000000000000048e-04
9.182918191819181786e+00 1.000000000000000048e-04
9.183918291829183289e+00 1.000000000000000048e-04
9.184918391839183016e+00 1.000000000000000048e-04
9.185918491849184520e+00 1.000000000000000048e-04
9.186918591859186023e+00 1.000000000000000048e-04
9.187918691869185750e+00 1.000000000000000048e-04
9.188918791879187253e+00 1.000000000000000048e-04
9.189918891889188757e+00 1.000000000000000048e-04
9.190918991899190260e+00 1.000000000000000048e-04
9.191919091909189987e+00 1.000000000000000048e-04
9.192919191919191491e+00 1.000000000000000048e-04
9.193919291929192994e+00 1.000000000000000048e-04
9.194919391939192721e+00 1.000000000000000048e-04
9.195919491949194224e+00 1.000000000000000048e-04
9.196919591959195728e+00 1.000000000000000048e-04
9.197919691969197231e+00 1.000000000000000048e-04
9.198919791979196958e+00 1.000000000000000048e-04
9.199919891989198462e+00 1.000000000000000048e-04
9.200919991999199965e+00 1.000000000000000048e-04
9.201920092009199692e+00 1.000000000000000048e-04
9.202920192019201195e+00 1.000000000000000048e-04
9.203920292029202699e+00 1.000000000000000048e-04
9.204920392039204202e+00 1.000000000000000048e-04
9.205920492049203929e+00 1.000000000000000048e-04
9.206920592059205433e+00 1.000000000000000048e-04
9.207920692069206936e+00 1.000000000000000048e-04
9.208920792079206663e+00 1.000000000000000048e-04
9.209920892089208166e+00 1.000000000000000048e-04
9.210920992099209670e+00 1.000000000000000048e-04
9.211921092109211173e+00 1.000000000000000048e-04
9.212921192119210900e+00 1.000000000000000048e-04
9.213921292129212404e+00 1.000000000000000048e-04
9.214921392139213907e+00 1.000000000000000048e-04
9.215921492149213634e+00 1.000000000000000048e-04
9.216921592159215137e+00 1.000000000000000048e-04
9.217921692169216641e+00 1.000000000000000048e-04
9.218921792179218144e+00 1.000000000000000048e-04
9.219921892189217871e+00 1.000000000000000048e-04
9.220921992199219375e+00 1.000000000000000048e-04
9.221922092209220878e+00 1.000000000000000048e-04
9.222922192219220605e+00 1.000000000000000048e-04
9.223922292229222109e+00 1.000000000000000048e-04
9.224922392239223612e+00 1.000000000000000048e-04
9.225922492249225115e+00 1.000000000000000048e-04
9.226922592259224842e+00 1.000000000000000048e-04
9.227922692269226346e+00 1.000000000000000048e-04
9.228922792279227849e+00 1.000000000000000048e-04
9.229922892289227576e+00 1.000000000000000048e-04
9.230922992299229080e+00 1.000000000000000048e-04
9.231923092309230583e+00 1.000000000000000048e-04
9.232923192319232086e+00 1.000000000000000048e-04
9.233923292329231813e+00 1.000000000000000048e-04
9.234923392339233317e+00 1.000000000000000048e-04
9.235923492349234820e+00 1.000000000000000048e-04
9.236923592359234547e+00 1.000000000000000048e-04
9.237923692369236051e+00 1.000000000000000048e-04
9.238923792379237554e+00 1.000000000000000048e-04
9.239923892389239057e+00 1.000000000000000048e-04
9.240923992399238784e+00 1.000000000000000048e-04
9.241924092409240288e+00 1.000000000000000048e-04
9.242924192419241791e+00 1.000000000000000048e-04
9.243924292429243295e+00 1.000000000000000048e-04
9.244924392439243022e+00 1.000000000000000048e-04
9.245924492449244525e+00 1.000000000000000048e-04
9.246924592459246028e+00 1.000000000000000048e-04
9.247924692469245755e+00 1.000000000000000048e-04
9.248924792479247259e+00 1.000000000000000048e-04
9.249924892489248762e+00 1.000000000000000048e-04
9.250924992499250266e+00 1.000000000000000048e-04
9.251925092509249993e+00 1.000000000000000048e-04
9.252925192519251496e+00 1.000000000000000048e-04
9.253925292529252999e+00 1.000000000000000048e-04
9.254925392539252726e+00 1.000000000000000048e-04
9.255925492549254230e+00 1.000000000000000048e-04
9.256925592559255733e+00 1.000000000000000048e-04
9.257925692569257237e+00 1.000000000000000048e-04
9.258925792579256964e+00 1.000000000000000048e-04
9.259925892589258467e+00 1.000000000000000048e-04
9.260925992599259970e+00 1.000000000000000048e-04
9.261926092609259697e+00 1.000000000000000048e-04
9.262926192619261201e+00 1.000000000000000048e-04
9.263926292629262704e+00 1.000000000000000048e-04
9.264926392639264208e+00 1.000000000000000048e-04
9.265926492649263935e+00 1.000000000000000048e-04
9.266926592659265438e+00 1.000000000000000048e-04
9.267926692669266941e+00 1.000000000000000048e-04
9.268926792679266669e+00 1.000000000000000048e-04
9.269926892689268172e+00 1.000000000000000048e-04
9.270926992699269675e+00 1.000000000000000048e-04
9.271927092709271179e+00 1.000000000000000048e-04
9.272927192719270906e+00 1.000000000000000048e-04
9.273927292729272409e+00 1.000000000000000048e-04
9.274927392739273913e+00 1.000000000000000048e-04
9.275927492749273640e+00 1.000000000000000048e-04
9.276927592759275143e+00 1.000000000000000048e-04
9.277927692769276646e+00 1.000000000000000048e-04
9.278927792779278150e+00 1.000000000000000048e-04
9.279927892789277877e+00 1.000000000000000048e-04
9.280927992799279380e+00 1.000000000000000048e-04
9.281928092809280884e+00 1.000000000000000048e-04
9.282928192819280611e+00 1.000000000000000048e-04
9.283928292829282114e+00 1.000000000000000048e-04
9.284928392839283617e+00 1.000000000000000048e-04
9.285928492849285121e+00 1.000000000000000048e-04
9.286928592859284848e+00 1.000000000000000048e-04
9.287928692869286351e+00 1.000000000000000048e-04
9.288928792879287855e+00 1.000000000000000048e-04
9.289928892889287582e+00 1.000000000000000048e-04
9.290928992899289085e+00 1.000000000000000048e-04
9.291929092909290588e+00 1.000000000000000048e-04
9.292929192919292092e+00 1.000000000000000048e-04
9.293929292929291819e+00 1.000000000000000048e-04
9.294929392939293322e+00 1.000000000000000048e-04
9.295929492949294826e+00 1.000000000000000048e-04
9.296929592959294553e+00 1.000000000000000048e-04
9.297929692969296056e+00 1.000000000000000048e-04
9.298929792979297559e+00 1.000000000000000048e-04
9.299929892989299063e+00 1.000000000000000048e-04
9.300929992999298790e+00 1.000000000000000048e-04
9.301930093009300293e+00 1.000000000000000048e-04
9.302930193019301797e+00 1.000000000000000048e-04
9.303930293029303300e+00 1.000000000000000048e-04
9.304930393039303027e+00 1.000000000000000048e-04
9.305930493049304530e+00 1.000000000000000048e-04
9.306930593059306034e+00 1.000000000000000048e-04
9.307930693069305761e+00 1.000000000000000048e-04
9.308930793079307264e+00 1.000000000000000048e-04
9.309930893089308768e+00 1.000000000000000048e-04
9.310930993099310271e+00 1.000000000000000048e-04
9.311931093109309998e+00 1.000000000000000048e-04
9.312931193119311502e+00 1.000000000000000048e-04
9.313931293129313005e+00 1.000000000000000048e-04
9.314931393139312732e+00 1.000000000000000048e-04
9.315931493149314235e+00 1.000000000000000048e-04
9.316931593159315739e+00 1.000000000000000048e-04
9.317931693169317242e+00 1.000000000000000048e-04
9.318931793179316969e+00 1.000000000000000048e-04
9.319931893189318473e+00 1.000000000000000048e-04
9.320931993199319976e+00 1.000000000000000048e-04
9.321932093209319703e+00 1.000000000000000048e-04
9.322932193219321206e+00 1.000000000000000048e-04
9.323932293229322710e+00 1.000000000000000048e-04
9.324932393239324213e+00 1.000000000000000048e-04
9.325932493249323940e+00 1.000000000000000048e-04
9.326932593259325444e+00 1.000000000000000048e-04
9.327932693269326947e+00 1.000000000000000048e-04
9.328932793279326674e+00 1.000000000000000048e-04
9.329932893289328177e+00 1.000000000000000048e-04
9.330932993299329681e+00 1.000000000000000048e-04
9.331933093309331184e+00 1.000000000000000048e-04
9.332933193319330911e+00 1.000000000000000048e-04
9.333933293329332415e+00 1.000000000000000048e-04
9.334933393339333918e+00 1.000000000000000048e-04
9.335933493349333645e+00 1.000000000000000048e-04
9.336933593359335148e+00 1.000000000000000048e-04
9.337933693369336652e+00 1.000000000000000048e-04
9.338933793379338155e+00 1.000000000000000048e-04
9.339933893389337882e+00 1.000000000000000048e-04
9.340933993399339386e+00 1.000000000000000048e-04
9.341934093409340889e+00 1.000000000000000048e-04
9.342934193419340616e+00 1.000000000000000048e-04
9.343934293429342119e+00 1.000000000000000048e-04
9.344934393439343623e+00 1.000000000000000048e-04
9.345934493449345126e+00 1.000000000000000048e-04
9.346934593459344853e+00 1.000000000000000048e-04
9.347934693469346357e+00 1.000000000000000048e-04
9.348934793479347860e+00 1.000000000000000048e-04
9.349934893489347587e+00 1.000000000000000048e-04
9.350934993499349090e+00 1.000000000000000048e-04
9.351935093509350594e+00 1.000000000000000048e-04
9.352935193519352097e+00 1.000000000000000048e-04
9.353935293529351824e+00 1.000000000000000048e-04
9.354935393539353328e+00 1.000000000000000048e-04
9.355935493549354831e+00 1.000000000000000048e-04
9.356935593559354558e+00 1.000000000000000048e-04
9.357935693569356062e+00 1.000000000000000048e-04
9.358935793579357565e+00 1.000000000000000048e-04
9.359935893589359068e+00 1.000000000000000048e-04
9.360935993599358795e+00 1.000000000000000048e-04
9.361936093609360299e+00 1.000000000000000048e-04
9.362936193619361802e+00 1.000000000000000048e-04
9.363936293629363306e+00 1.000000000000000048e-04
9.364936393639363033e+00 1.000000000000000048e-04
9.365936493649364536e+00 1.000000000000000048e-04
9.366936593659366039e+00 1.000000000000000048e-04
9.367936693669365766e+00 1.000000000000000048e-04
9.368936793679367270e+00 1.000000000000000048e-04
9.369936893689368773e+00 1.000000000000000048e-04
9.370936993699370277e+00 1.000000000000000048e-04
9.371937093709370004e+00 1.000000000000000048e-04
9.372937193719371507e+00 1.000000000000000048e-04
9.373937293729373010e+00 1.000000000000000048e-04
9.374937393739372737e+00 1.000000000000000048e-04
9.375937493749374241e+00 1.000000000000000048e-04
9.376937593759375744e+00 1.000000000000000048e-04
9.377937693769377248e+00 1.000000000000000048e-04
9.378937793779376975e+00 1.000000000000000048e-04
9.379937893789378478e+00 1.000000000000000048e-04
9.380937993799379981e+00 1.000000000000000048e-04
9.381938093809379708e+00 1.000000000000000048e-04
9.382938193819381212e+00 1.000000000000000048e-04
9.383938293829382715e+00 1.000000000000000048e-04
9.384938393839384219e+00 1.000000000000000048e-04
9.385938493849383946e+00 1.000000000000000048e-04
9.386938593859385449e+00 1.000000000000000048e-04
9.387938693869386952e+00 1.000000000000000048e-04
9.388938793879386679e+00 1.000000000000000048e-04
9.389938893889388183e+00 1.000000000000000048e-04
9.390938993899389686e+00 1.000000000000000048e-04
9.391939093909391190e+00 1.000000000000000048e-04
9.392939193919390917e+00 1.000000000000000048e-04
9.393939293929392420e+00 1.000000000000000048e-04
9.394939393939393923e+00 1.000000000000000048e-04
9.395939493949393650e+00 1.000000000000000048e-04
9.396939593959395154e+00 1.000000000000000048e-04
9.397939693969396657e+00 1.000000000000000048e-04
9.398939793979398161e+00 1.000000000000000048e-04
9.399939893989397888e+00 1.000000000000000048e-04
9.400939993999399391e+00 1.000000000000000048e-04
9.401940094009400894e+00 1.000000000000000048e-04
9.402940194019400622e+00 1.000000000000000048e-04
9.403940294029402125e+00 1.000000000000000048e-04
9.404940394039403628e+00 1.000000000000000048e-04
9.405940494049405132e+00 1.000000000000000048e-04
9.406940594059404859e+00 1.000000000000000048e-04
9.407940694069406362e+00 1.000000000000000048e-04
9.408940794079407866e+00 1.000000000000000048e-04
9.409940894089407593e+00 1.000000000000000048e-04
9.410940994099409096e+00 1.000000000000000048e-04
9.411941094109410599e+00 1.000000000000000048e-04
9.412941194119412103e+00 1.000000000000000048e-04
9.413941294129411830e+00 1.000000000000000048e-04
9.414941394139413333e+00 1.000000000000000048e-04
9.415941494149414837e+00 1.000000000000000048e-04
9.416941594159414564e+00 1.000000000000000048e-04
9.417941694169416067e+00 1.000000000000000048e-04
9.418941794179417570e+00 1.000000000000000048e-04
9.419941894189419074e+00 1.000000000000000048e-04
9.420941994199418801e+00 1.000000000000000048e-04
9.421942094209420304e+00 1.000000000000000048e-04
9.422942194219421808e+00 1.000000000000000048e-04
9.423942294229423311e+00 1.000000000000000048e-04
9.424942394239423038e+00 1.000000000000000048e-04
9.425942494249424541e+00 1.000000000000000048e-04
9.426942594259426045e+00 1.000000000000000048e-04
9.427942694269425772e+00 1.000000000000000048e-04
9.428942794279427275e+00 1.000000000000000048e-04
9.429942894289428779e+00 1.000000000000000048e-04
9.430942994299430282e+00 1.000000000000000048e-04
9.431943094309430009e+00 1.000000000000000048e-04
9.432943194319431512e+00 1.000000000000000048e-04
9.433943294329433016e+00 1.000000000000000048e-04
9.434943394339432743e+00 1.000000000000000048e-04
9.435943494349434246e+00 1.000000000000000048e-04
9.436943594359435750e+00 1.000000000000000048e-04
9.437943694369437253e+00 1.000000000000000048e-04
9.438943794379436980e+00 1.000000000000000048e-04
9.439943894389438483e+00 1.000000000000000048e-04
9.440943994399439987e+00 1.000000000000000048e-04
9.441944094409439714e+00 1.000000000000000048e-04
9.442944194419441217e+00 1.000000000000000048e-04
9.443944294429442721e+00 1.000000000000000048e-04
9.444944394439444224e+00 1.000000000000000048e-04
9.445944494449443951e+00 1.000000000000000048e-04
9.446944594459445455e+00 1.000000000000000048e-04
9.447944694469446958e+00 1.000000000000000048e-04
9.448944794479446685e+00 1.000000000000000048e-04
9.449944894489448188e+00 1.000000000000000048e-04
9.450944994499449692e+00 1.000000000000000048e-04
9.451945094509451195e+00 1.000000000000000048e-04
9.452945194519450922e+00 1.000000000000000048e-04
9.453945294529452426e+00 1.000000000000000048e-04
9.454945394539453929e+00 1.000000000000000048e-04
9.455945494549453656e+00 1.000000000000000048e-04
9.456945594559455159e+00 1.000000000000000048e-04
9.457945694569456663e+00 1.000000000000000048e-04
9.458945794579458166e+00 1.000000000000000048e-04
9.459945894589457893e+00 1.000000000000000048e-04
9.460945994599459397e+00 1.000000000000000048e-04
9.461946094609460900e+00 1.000000000000000048e-04
9.462946194619460627e+00 1.000000000000000048e-04
9.463946294629462130e+00 1.000000000000000048e-04
9.464946394639463634e+00 1.000000000000000048e-04
9.465946494649465137e+00 1.000000000000000048e-04
9.466946594659464864e+00 1.000000000000000048e-04
9.467946694669466368e+00 1.000000000000000048e-04
9.468946794679467871e+00 1.000000000000000048e-04
9.469946894689467598e+00 1.000000000000000048e-04
9.470946994699469101e+00 1.000000000000000048e-04
9.471947094709470605e+00 1.000000000000000048e-04
9.472947194719472108e+00 1.000000000000000048e-04
9.473947294729471835e+00 1.000000000000000048e-04
9.474947394739473339e+00 1.000000000000000048e-04
9.475947494749474842e+00 1.000000000000000048e-04
9.476947594759474569e+00 1.000000000000000048e-04
9.477947694769476072e+00 1.000000000000000048e-04
9.478947794779477576e+00 1.000000000000000048e-04
9.479947894789479079e+00 1.000000000000000048e-04
9.480947994799478806e+00 1.000000000000000048e-04
9.481948094809480310e+00 1.000000000000000048e-04
9.482948194819481813e+00 1.000000000000000048e-04
9.483948294829483316e+00 1.000000000000000048e-04
9.484948394839483043e+00 1.000000000000000048e-04
9.485948494849484547e+00 1.000000000000000048e-04
9.486948594859486050e+00 1.000000000000000048e-04
9.487948694869485777e+00 1.000000000000000048e-04
9.488948794879487281e+00 1.000000000000000048e-04
9.489948894889488784e+00 1.000000000000000048e-04
9.490948994899490287e+00 1.000000000000000048e-04
9.491949094909490015e+00 1.000000000000000048e-04
9.492949194919491518e+00 1.000000000000000048e-04
9.493949294929493021e+00 1.000000000000000048e-04
9.494949394939492748e+00 1.000000000000000048e-04
9.495949494949494252e+00 1.000000000000000048e-04
9.496949594959495755e+00 1.000000000000000048e-04
9.497949694969497259e+00 1.000000000000000048e-04
9.498949794979496986e+00 1.000000000000000048e-04
9.499949894989498489e+00 1.000000000000000048e-04
9.500949994999499992e+00 1.000000000000000048e-04
9.501950095009499719e+00 1.000000000000000048e-04
9.502950195019501223e+00 1.000000000000000048e-04
9.503950295029502726e+00 1.000000000000000048e-04
9.504950395039504230e+00 1.000000000000000048e-04
9.505950495049503957e+00 1.000000000000000048e-04
9.506950595059505460e+00 1.000000000000000048e-04
9.507950695069506963e+00 1.000000000000000048e-04
9.508950795079506690e+00 1.000000000000000048e-04
9.509950895089508194e+00 1.000000000000000048e-04
9.510950995099509697e+00 1.000000000000000048e-04
9.511951095109511201e+00 1.000000000000000048e-04
9.512951195119510928e+00 1.000000000000000048e-04
9.513951295129512431e+00 1.000000000000000048e-04
9.514951395139513934e+00 1.000000000000000048e-04
9.515951495149513661e+00 1.000000000000000048e-04
9.516951595159515165e+00 1.000000000000000048e-04
9.517951695169516668e+00 1.000000000000000048e-04
9.518951795179518172e+00 1.000000000000000048e-04
9.519951895189517899e+00 1.000000000000000048e-04
9.520951995199519402e+00 1.000000000000000048e-04
9.521952095209520905e+00 1.000000000000000048e-04
9.522952195219520632e+00 1.000000000000000048e-04
9.523952295229522136e+00 1.000000000000000048e-04
9.524952395239523639e+00 1.000000000000000048e-04
9.525952495249525143e+00 1.000000000000000048e-04
9.526952595259524870e+00 1.000000000000000048e-04
9.527952695269526373e+00 1.000000000000000048e-04
9.528952795279527876e+00 1.000000000000000048e-04
9.529952895289527603e+00 1.000000000000000048e-04
9.530952995299529107e+00 1.000000000000000048e-04
9.531953095309530610e+00 1.000000000000000048e-04
9.532953195319532114e+00 1.000000000000000048e-04
9.533953295329531841e+00 1.000000000000000048e-04
9.534953395339533344e+00 1.000000000000000048e-04
9.535953495349534847e+00 1.000000000000000048e-04
9.536953595359534575e+00 1.000000000000000048e-04
9.537953695369536078e+00 1.000000000000000048e-04
9.538953795379537581e+00 1.000000000000000048e-04
9.539953895389539085e+00 1.000000000000000048e-04
9.540953995399538812e+00 1.000000000000000048e-04
9.541954095409540315e+00 1.000000000000000048e-04
9.542954195419541819e+00 1.000000000000000048e-04
9.543954295429543322e+00 1.000000000000000048e-04
9.544954395439543049e+00 1.000000000000000048e-04
9.545954495449544552e+00 1.000000000000000048e-04
9.546954595459546056e+00 1.000000000000000048e-04
9.547954695469545783e+00 1.000000000000000048e-04
9.548954795479547286e+00 1.000000000000000048e-04
9.549954895489548790e+00 1.000000000000000048e-04
9.550954995499550293e+00 1.000000000000000048e-04
9.551955095509550020e+00 1.000000000000000048e-04
9.552955195519551523e+00 1.000000000000000048e-04
9.553955295529553027e+00 1.000000000000000048e-04
9.554955395539552754e+00 1.000000000000000048e-04
9.555955495549554257e+00 1.000000000000000048e-04
9.556955595559555761e+00 1.000000000000000048e-04
9.557955695569557264e+00 1.000000000000000048e-04
9.558955795579556991e+00 1.000000000000000048e-04
9.559955895589558494e+00 1.000000000000000048e-04
9.560955995599559998e+00 1.000000000000000048e-04
9.561956095609559725e+00 1.000000000000000048e-04
9.562956195619561228e+00 1.000000000000000048e-04
9.563956295629562732e+00 1.000000000000000048e-04
9.564956395639564235e+00 1.000000000000000048e-04
9.565956495649563962e+00 1.000000000000000048e-04
9.566956595659565465e+00 1.000000000000000048e-04
9.567956695669566969e+00 1.000000000000000048e-04
9.568956795679566696e+00 1.000000000000000048e-04
9.569956895689568199e+00 1.000000000000000048e-04
9.570956995699569703e+00 1.000000000000000048e-04
9.571957095709571206e+00 1.000000000000000048e-04
9.572957195719570933e+00 1.000000000000000048e-04
9.573957295729572436e+00 1.000000000000000048e-04
9.574957395739573940e+00 1.000000000000000048e-04
9.575957495749573667e+00 1.000000000000000048e-04
9.576957595759575170e+00 1.000000000000000048e-04
9.577957695769576674e+00 1.000000000000000048e-04
9.578957795779578177e+00 1.000000000000000048e-04
9.579957895789577904e+00 1.000000000000000048e-04
9.580957995799579408e+00 1.000000000000000048e-04
9.581958095809580911e+00 1.000000000000000048e-04
9.582958195819580638e+00 1.000000000000000048e-04
9.583958295829582141e+00 1.000000000000000048e-04
9.584958395839583645e+00 1.000000000000000048e-04
9.585958495849585148e+00 1.000000000000000048e-04
9.586958595859584875e+00 1.000000000000000048e-04
9.587958695869586379e+00 1.000000000000000048e-04
9.588958795879587882e+00 1.000000000000000048e-04
9.589958895889587609e+00 1.000000000000000048e-04
9.590958995899589112e+00 1.000000000000000048e-04
9.591959095909590616e+00 1.000000000000000048e-04
9.592959195919592119e+00 1.000000000000000048e-04
9.593959295929591846e+00 1.000000000000000048e-04
9.594959395939593350e+00 1.000000000000000048e-04
9.595959495949594853e+00 1.000000000000000048e-04
9.596959595959594580e+00 1.000000000000000048e-04
9.597959695969596083e+00 1.000000000000000048e-04
9.598959795979597587e+00 1.000000000000000048e-04
9.599959895989599090e+00 1.000000000000000048e-04
9.600959995999598817e+00 1.000000000000000048e-04
9.601960096009600321e+00 1.000000000000000048e-04
9.602960196019601824e+00 1.000000000000000048e-04
9.603960296029603327e+00 1.000000000000000048e-04
9.604960396039603054e+00 1.000000000000000048e-04
9.605960496049604558e+00 1.000000000000000048e-04
9.606960596059606061e+00 1.000000000000000048e-04
9.607960696069605788e+00 1.000000000000000048e-04
9.608960796079607292e+00 1.000000000000000048e-04
9.609960896089608795e+00 1.000000000000000048e-04
9.610960996099610298e+00 1.000000000000000048e-04
9.611961096109610025e+00 1.000000000000000048e-04
9.612961196119611529e+00 1.000000000000000048e-04
9.613961296129613032e+00 1.000000000000000048e-04
9.614961396139612759e+00 1.000000000000000048e-04
9.615961496149614263e+00 1.000000000000000048e-04
9.616961596159615766e+00 1.000000000000000048e-04
9.617961696169617269e+00 1.000000000000000048e-04
9.618961796179616996e+00 1.000000000000000048e-04
9.619961896189618500e+00 1.000000000000000048e-04
9.620961996199620003e+00 1.000000000000000048e-04
9.621962096209619730e+00 1.000000000000000048e-04
9.622962196219621234e+00 1.000000000000000048e-04
9.623962296229622737e+00 1.000000000000000048e-04
9.624962396239624240e+00 1.000000000000000048e-04
9.625962496249623968e+00 1.000000000000000048e-04
9.626962596259625471e+00 1.000000000000000048e-04
9.627962696269626974e+00 1.000000000000000048e-04
9.628962796279626701e+00 1.000000000000000048e-04
9.629962896289628205e+00 1.000000000000000048e-04
9.630962996299629708e+00 1.000000000000000048e-04
9.631963096309631212e+00 1.000000000000000048e-04
9.632963196319630939e+00 1.000000000000000048e-04
9.633963296329632442e+00 1.000000000000000048e-04
9.634963396339633945e+00 1.000000000000000048e-04
9.635963496349633672e+00 1.000000000000000048e-04
9.636963596359635176e+00 1.000000000000000048e-04
9.637963696369636679e+00 1.000000000000000048e-04
9.638963796379638183e+00 1.000000000000000048e-04
9.639963896389637910e+00 1.000000000000000048e-04
9.640963996399639413e+00 1.000000000000000048e-04
9.641964096409640916e+00 1.000000000000000048e-04
9.642964196419640643e+00 1.000000000000000048e-04
9.643964296429642147e+00 1.000000000000000048e-04
9.644964396439643650e+00 1.000000000000000048e-04
9.645964496449645154e+00 1.000000000000000048e-04
9.646964596459644881e+00 1.000000000000000048e-04
9.647964696469646384e+00 1.000000000000000048e-04
9.648964796479647887e+00 1.000000000000000048e-04
9.649964896489647614e+00 1.000000000000000048e-04
9.650964996499649118e+00 1.000000000000000048e-04
9.651965096509650621e+00 1.000000000000000048e-04
9.652965196519652125e+00 1.000000000000000048e-04
9.653965296529651852e+00 1.000000000000000048e-04
9.654965396539653355e+00 1.000000000000000048e-04
9.655965496549654858e+00 1.000000000000000048e-04
9.656965596559654585e+00 1.000000000000000048e-04
9.657965696569656089e+00 1.000000000000000048e-04
9.658965796579657592e+00 1.000000000000000048e-04
9.659965896589659096e+00 1.000000000000000048e-04
9.660965996599658823e+00 1.000000000000000048e-04
9.661966096609660326e+00 1.000000000000000048e-04
9.662966196619661829e+00 1.000000000000000048e-04
9.663966296629663333e+00 1.000000000000000048e-04
9.664966396639663060e+00 1.000000000000000048e-04
9.665966496649664563e+00 1.000000000000000048e-04
9.666966596659666067e+00 1.000000000000000048e-04
9.667966696669665794e+00 1.000000000000000048e-04
9.668966796679667297e+00 1.000000000000000048e-04
9.669966896689668800e+00 1.000000000000000048e-04
9.670966996699670304e+00 1.000000000000000048e-04
9.671967096709670031e+00 1.000000000000000048e-04
9.672967196719671534e+00 1.000000000000000048e-04
9.673967296729673038e+00 1.000000000000000048e-04
9.674967396739672765e+00 1.000000000000000048e-04
9.675967496749674268e+00 1.000000000000000048e-04
9.676967596759675772e+00 1.000000000000000048e-04
9.677967696769677275e+00 1.000000000000000048e-04
9.678967796779677002e+00 1.000000000000000048e-04
9.679967896789678505e+00 1.000000000000000048e-04
9.680967996799680009e+00 1.000000000000000048e-04
9.681968096809679736e+00 1.000000000000000048e-04
9.682968196819681239e+00 1.000000000000000048e-04
9.683968296829682743e+00 1.000000000000000048e-04
9.684968396839684246e+00 1.000000000000000048e-04
9.685968496849683973e+00 1.000000000000000048e-04
9.686968596859685476e+00 1.000000000000000048e-04
9.687968696869686980e+00 1.000000000000000048e-04
9.688968796879686707e+00 1.000000000000000048e-04
9.689968896889688210e+00 1.000000000000000048e-04
9.690968996899689714e+00 1.000000000000000048e-04
9.691969096909691217e+00 1.000000000000000048e-04
9.692969196919690944e+00 1.000000000000000048e-04
9.693969296929692447e+00 1.000000000000000048e-04
9.694969396939693951e+00 1.000000000000000048e-04
9.695969496949693678e+00 1.000000000000000048e-04
9.696969596959695181e+00 1.000000000000000048e-04
9.697969696969696685e+00 1.000000000000000048e-04
9.698969796979698188e+00 1.000000000000000048e-04
9.699969896989697915e+00 1.000000000000000048e-04
9.700969996999699418e+00 1.000000000000000048e-04
9.701970097009700922e+00 1.000000000000000048e-04
9.702970197019700649e+00 1.000000000000000048e-04
9.703970297029702152e+00 1.000000000000000048e-04
9.704970397039703656e+00 1.000000000000000048e-04
9.705970497049705159e+00 1.000000000000000048e-04
9.706970597059704886e+00 1.000000000000000048e-04
9.707970697069706389e+00 1.000000000000000048e-04
9.708970797079707893e+00 1.000000000000000048e-04
9.709970897089707620e+00 1.000000000000000048e-04
9.710970997099709123e+00 1.000000000000000048e-04
9.711971097109710627e+00 1.000000000000000048e-04
9.712971197119712130e+00 1.000000000000000048e-04
9.713971297129711857e+00 1.000000000000000048e-04
9.714971397139713361e+00 1.000000000000000048e-04
9.715971497149714864e+00 1.000000000000000048e-04
9.716971597159714591e+00 1.000000000000000048e-04
9.717971697169716094e+00 1.000000000000000048e-04
9.718971797179717598e+00 1.000000000000000048e-04
9.719971897189719101e+00 1.000000000000000048e-04
9.720971997199718828e+00 1.000000000000000048e-04
9.721972097209720332e+00 1.000000000000000048e-04
9.722972197219721835e+00 1.000000000000000048e-04
9.723972297229723338e+00 1.000000000000000048e-04
9.724972397239723065e+00 1.000000000000000048e-04
9.725972497249724569e+00 1.000000000000000048e-04
9.726972597259726072e+00 1.000000000000000048e-04
9.727972697269725799e+00 1.000000000000000048e-04
9.728972797279727303e+00 1.000000000000000048e-04
9.729972897289728806e+00 1.000000000000000048e-04
9.730972997299730309e+00 1.000000000000000048e-04
9.731973097309730036e+00 1.000000000000000048e-04
9.732973197319731540e+00 1.000000000000000048e-04
9.733973297329733043e+00 1.000000000000000048e-04
9.734973397339732770e+00 1.000000000000000048e-04
9.735973497349734274e+00 1.000000000000000048e-04
9.736973597359735777e+00 1.000000000000000048e-04
9.737973697369737280e+00 1.000000000000000048e-04
9.738973797379737007e+00 1.000000000000000048e-04
9.739973897389738511e+00 1.000000000000000048e-04
9.740973997399740014e+00 1.000000000000000048e-04
9.741974097409739741e+00 1.000000000000000048e-04
9.742974197419741245e+00 1.000000000000000048e-04
9.743974297429742748e+00 1.000000000000000048e-04
9.744974397439744251e+00 1.000000000000000048e-04
9.745974497449743978e+00 1.000000000000000048e-04
9.746974597459745482e+00 1.000000000000000048e-04
9.747974697469746985e+00 1.000000000000000048e-04
9.748974797479746712e+00 1.000000000000000048e-04
9.749974897489748216e+00 1.000000000000000048e-04
9.750974997499749719e+00 1.000000000000000048e-04
9.751975097509751222e+00 1.000000000000000048e-04
9.752975197519750949e+00 1.000000000000000048e-04
9.753975297529752453e+00 1.000000000000000048e-04
9.754975397539753956e+00 1.000000000000000048e-04
9.755975497549753683e+00 1.000000000000000048e-04
9.756975597559755187e+00 1.000000000000000048e-04
9.757975697569756690e+00 1.000000000000000048e-04
9.758975797579758193e+00 1.000000000000000048e-04
9.759975897589757921e+00 1.000000000000000048e-04
9.760975997599759424e+00 1.000000000000000048e-04
9.761976097609760927e+00 1.000000000000000048e-04
9.762976197619760654e+00 1.000000000000000048e-04
9.763976297629762158e+00 1.000000000000000048e-04
9.764976397639763661e+00 1.000000000000000048e-04
9.765976497649765165e+00 1.000000000000000048e-04
9.766976597659764892e+00 1.000000000000000048e-04
9.767976697669766395e+00 1.000000000000000048e-04
9.768976797679767898e+00 1.000000000000000048e-04
9.769976897689767625e+00 1.000000000000000048e-04
9.770976997699769129e+00 1.000000000000000048e-04
9.771977097709770632e+00 1.000000000000000048e-04
9.772977197719772136e+00 1.000000000000000048e-04
9.773977297729771863e+00 1.000000000000000048e-04
9.774977397739773366e+00 1.000000000000000048e-04
9.775977497749774869e+00 1.000000000000000048e-04
9.776977597759774596e+00 1.000000000000000048e-04
9.777977697769776100e+00 1.000000000000000048e-04
9.778977797779777603e+00 1.000000000000000048e-04
9.779977897789779107e+00 1.000000000000000048e-04
9.780977997799778834e+00 1.000000000000000048e-04
9.781978097809780337e+00 1.000000000000000048e-04
9.782978197819781840e+00 1.000000000000000048e-04
9.783978297829783344e+00 1.000000000000000048e-04
9.784978397839783071e+00 1.000000000000000048e-04
9.785978497849784574e+00 1.000000000000000048e-04
9.786978597859786078e+00 1.000000000000000048e-04
9.787978697869785805e+00 1.000000000000000048e-04
9.788978797879787308e+00 1.000000000000000048e-04
9.789978897889788811e+00 1.000000000000000048e-04
9.790978997899790315e+00 1.000000000000000048e-04
9.791979097909790042e+00 1.000000000000000048e-04
9.792979197919791545e+00 1.000000000000000048e-04
9.793979297929793049e+00 1.000000000000000048e-04
9.794979397939792776e+00 1.000000000000000048e-04
9.795979497949794279e+00 1.000000000000000048e-04
9.796979597959795782e+00 1.000000000000000048e-04
9.797979697969797286e+00 1.000000000000000048e-04
9.798979797979797013e+00 1.000000000000000048e-04
9.799979897989798516e+00 1.000000000000000048e-04
9.800979997999800020e+00 1.000000000000000048e-04
9.801980098009799747e+00 1.000000000000000048e-04
9.802980198019801250e+00 1.000000000000000048e-04
9.803980298029802753e+00 1.000000000000000048e-04
9.804980398039804257e+00 1.000000000000000048e-04
9.805980498049803984e+00 1.000000000000000048e-04
9.806980598059805487e+00 1.000000000000000048e-04
9.807980698069806991e+00 1.000000000000000048e-04
9.808980798079806718e+00 1.000000000000000048e-04
9.809980898089808221e+00 1.000000000000000048e-04
9.810980998099809725e+00 1.000000000000000048e-04
9.811981098109811228e+00 1.000000000000000048e-04
9.812981198119810955e+00 1.000000000000000048e-04
9.813981298129812458e+00 1.000000000000000048e-04
9.814981398139813962e+00 1.000000000000000048e-04
9.815981498149813689e+00 1.000000000000000048e-04
9.816981598159815192e+00 1.000000000000000048e-04
9.817981698169816696e+00 1.000000000000000048e-04
9.818981798179818199e+00 1.000000000000000048e-04
9.819981898189817926e+00 1.000000000000000048e-04
9.820981998199819429e+00 1.000000000000000048e-04
9.821982098209820933e+00 1.000000000000000048e-04
9.822982198219820660e+00 1.000000000000000048e-04
9.823982298229822163e+00 1.000000000000000048e-04
9.824982398239823667e+00 1.000000000000000048e-04
9.825982498249825170e+00 1.000000000000000048e-04
9.826982598259824897e+00 1.000000000000000048e-04
9.827982698269826400e+00 1.000000000000000048e-04
9.828982798279827904e+00 1.000000000000000048e-04
9.829982898289827631e+00 1.000000000000000048e-04
9.830982998299829134e+00 1.000000000000000048e-04
9.831983098309830638e+00 1.000000000000000048e-04
9.832983198319832141e+00 1.000000000000000048e-04
9.833983298329831868e+00 1.000000000000000048e-04
9.834983398339833371e+00 1.000000000000000048e-04
9.835983498349834875e+00 1.000000000000000048e-04
9.836983598359834602e+00 1.000000000000000048e-04
9.837983698369836105e+00 1.000000000000000048e-04
9.838983798379837609e+00 1.000000000000000048e-04
9.839983898389839112e+00 1.000000000000000048e-04
9.840983998399838839e+00 1.000000000000000048e-04
9.841984098409840342e+00 1.000000000000000048e-04
9.842984198419841846e+00 1.000000000000000048e-04
9.843984298429843349e+00 1.000000000000000048e-04
9.844984398439843076e+00 1.000000000000000048e-04
9.845984498449844580e+00 1.000000000000000048e-04
9.846984598459846083e+00 1.000000000000000048e-04
9.847984698469845810e+00 1.000000000000000048e-04
9.848984798479847314e+00 1.000000000000000048e-04
9.849984898489848817e+00 1.000000000000000048e-04
9.850984998499850320e+00 1.000000000000000048e-04
9.851985098509850047e+00 1.000000000000000048e-04
9.852985198519851551e+00 1.000000000000000048e-04
9.853985298529853054e+00 1.000000000000000048e-04
9.854985398539852781e+00 1.000000000000000048e-04
9.855985498549854285e+00 1.000000000000000048e-04
9.856985598559855788e+00 1.000000000000000048e-04
9.857985698569857291e+00 1.000000000000000048e-04
9.858985798579857018e+00 1.000000000000000048e-04
9.859985898589858522e+00 1.000000000000000048e-04
9.860985998599860025e+00 1.000000000000000048e-04
9.861986098609859752e+00 1.000000000000000048e-04
9.862986198619861256e+00 1.000000000000000048e-04
9.863986298629862759e+00 1.000000000000000048e-04
9.864986398639864262e+00 1.000000000000000048e-04
9.865986498649863989e+00 1.000000000000000048e-04
9.866986598659865493e+00 1.000000000000000048e-04
9.867986698669866996e+00 1.000000000000000048e-04
9.868986798679866723e+00 1.000000000000000048e-04
9.869986898689868227e+00 1.000000000000000048e-04
9.870986998699869730e+00 1.000000000000000048e-04
9.871987098709871233e+00 1.000000000000000048e-04
9.872987198719870960e+00 1.000000000000000048e-04
9.873987298729872464e+00 1.000000000000000048e-04
9.874987398739873967e+00 1.000000000000000048e-04
9.875987498749873694e+00 1.000000000000000048e-04
9.876987598759875198e+00 1.000000000000000048e-04
9.877987698769876701e+00 1.000000000000000048e-04
9.878987798779878204e+00 1.000000000000000048e-04
9.879987898789877931e+00 1.000000000000000048e-04
9.880987998799879435e+00 1.000000000000000048e-04
9.881988098809880938e+00 1.000000000000000048e-04
9.882988198819880665e+00 1.000000000000000048e-04
9.883988298829882169e+00 1.000000000000000048e-04
9.884988398839883672e+00 1.000000000000000048e-04
9.885988498849885175e+00 1.000000000000000048e-04
9.886988598859884902e+00 1.000000000000000048e-04
9.887988698869886406e+00 1.000000000000000048e-04
9.888988798879887909e+00 1.000000000000000048e-04
9.889988898889887636e+00 1.000000000000000048e-04
9.890988998899889140e+00 1.000000000000000048e-04
9.891989098909890643e+00 1.000000000000000048e-04
9.892989198919892146e+00 1.000000000000000048e-04
9.893989298929891874e+00 1.000000000000000048e-04
9.894989398939893377e+00 1.000000000000000048e-04
9.895989498949894880e+00 1.000000000000000048e-04
9.896989598959894607e+00 1.000000000000000048e-04
9.897989698969896111e+00 1.000000000000000048e-04
9.898989798979897614e+00 1.000000000000000048e-04
9.899989898989899118e+00 1.000000000000000048e-04
9.900989998999898845e+00 1.000000000000000048e-04
9.901990099009900348e+00 1.000000000000000048e-04
9.902990199019901851e+00 1.000000000000000048e-04
9.903990299029903355e+00 1.000000000000000048e-04
9.904990399039903082e+00 1.000000000000000048e-04
9.905990499049904585e+00 1.000000000000000048e-04
9.906990599059906089e+00 1.000000000000000048e-04
9.907990699069905816e+00 1.000000000000000048e-04
9.908990799079907319e+00 1.000000000000000048e-04
9.909990899089908822e+00 1.000000000000000048e-04
9.910990999099910326e+00 1.000000000000000048e-04
9.911991099109910053e+00 1.000000000000000048e-04
9.912991199119911556e+00 1.000000000000000048e-04
9.913991299129913060e+00 1.000000000000000048e-04
9.914991399139912787e+00 1.000000000000000048e-04
9.915991499149914290e+00 1.000000000000000048e-04
9.916991599159915793e+00 1.000000000000000048e-04
9.917991699169917297e+00 1.000000000000000048e-04
9.918991799179917024e+00 1.000000000000000048e-04
9.919991899189918527e+00 1.000000000000000048e-04
9.920991999199920031e+00 1.000000000000000048e-04
9.921992099209919758e+00 1.000000000000000048e-04
9.922992199219921261e+00 1.000000000000000048e-04
9.923992299229922764e+00 1.000000000000000048e-04
9.924992399239924268e+00 1.000000000000000048e-04
9.925992499249923995e+00 1.000000000000000048e-04
9.926992599259925498e+00 1.000000000000000048e-04
9.927992699269927002e+00 1.000000000000000048e-04
9.928992799279926729e+00 1.000000000000000048e-04
9.929992899289928232e+00 1.000000000000000048e-04
9.930992999299929735e+00 1.000000000000000048e-04
9.931993099309931239e+00 1.000000000000000048e-04
9.932993199319930966e+00 1.000000000000000048e-04
9.933993299329932469e+00 1.000000000000000048e-04
9.934993399339933973e+00 1.000000000000000048e-04
9.935993499349933700e+00 1.000000000000000048e-04
9.936993599359935203e+00 1.000000000000000048e-04
9.937993699369936706e+00 1.000000000000000048e-04
9.938993799379938210e+00 1.000000000000000048e-04
9.939993899389937937e+00 1.000000000000000048e-04
9.940993999399939440e+00 1.000000000000000048e-04
9.941994099409940944e+00 1.000000000000000048e-04
9.942994199419940671e+00 1.000000000000000048e-04
9.943994299429942174e+00 1.000000000000000048e-04
9.944994399439943678e+00 1.000000000000000048e-04
9.945994499449945181e+00 1.000000000000000048e-04
9.946994599459944908e+00 1.000000000000000048e-04
9.947994699469946411e+00 1.000000000000000048e-04
9.948994799479947915e+00 1.000000000000000048e-04
9.949994899489947642e+00 1.000000000000000048e-04
9.950994999499949145e+00 1.000000000000000048e-04
9.951995099509950649e+00 1.000000000000000048e-04
9.952995199519952152e+00 1.000000000000000048e-04
9.953995299529951879e+00 1.000000000000000048e-04
9.954995399539953382e+00 1.000000000000000048e-04
9.955995499549954886e+00 1.000000000000000048e-04
9.956995599559954613e+00 1.000000000000000048e-04
9.957995699569956116e+00 1.000000000000000048e-04
9.958995799579957620e+00 1.000000000000000048e-04
9.959995899589959123e+00 1.000000000000000048e-04
9.960995999599958850e+00 1.000000000000000048e-04
9.961996099609960353e+00 1.000000000000000048e-04
9.962996199619961857e+00 1.000000000000000048e-04
9.963996299629963360e+00 1.000000000000000048e-04
9.964996399639963087e+00 1.000000000000000048e-04
9.965996499649964591e+00 1.000000000000000048e-04
9.966996599659966094e+00 1.000000000000000048e-04
9.967996699669965821e+00 1.000000000000000048e-04
9.968996799679967324e+00 1.000000000000000048e-04
9.969996899689968828e+00 1.000000000000000048e-04
9.970996999699970331e+00 1.000000000000000048e-04
9.971997099709970058e+00 1.000000000000000048e-04
9.972997199719971562e+00 1.000000000000000048e-04
9.973997299729973065e+00 1.000000000000000048e-04
9.974997399739972792e+00 1.000000000000000048e-04
9.975997499749974295e+00 1.000000000000000048e-04
9.976997599759975799e+00 1.000000000000000048e-04
9.977997699769977302e+00 1.000000000000000048e-04
9.978997799779977029e+00 1.000000000000000048e-04
9.979997899789978533e+00 1.000000000000000048e-04
9.980997999799980036e+00 1.000000000000000048e-04
9.981998099809979763e+00 1.000000000000000048e-04
9.982998199819981267e+00 1.000000000000000048e-04
9.983998299829982770e+00 1.000000000000000048e-04
9.984998399839984273e+00 1.000000000000000048e-04
9.985998499849984000e+00 1.000000000000000048e-04
9.986998599859985504e+00 1.000000000000000048e-04
9.987998699869987007e+00 1.000000000000000048e-04
9.988998799879986734e+00 1.000000000000000048e-04
9.989998899889988238e+00 1.000000000000000048e-04
9.990998999899989741e+00 1.000000000000000048e-04
9.991999099909991244e+00 1.000000000000000048e-04
9.992999199919990971e+00 1.000000000000000048e-04
9.993999299929992475e+00 1.000000000000000048e-04
9.994999399939993978e+00 1.000000000000000048e-04
9.995999499949993705e+00 1.000000000000000048e-04
9.996999599959995209e+00 1.000000000000000048e-04
9.997999699969996712e+00 1.000000000000000048e-04
9.998999799979998215e+00 1.000000000000000048e-04
9.999999899989997942e+00 1.000000000000000048e-04
1.000099999999999945e+01 1.000000000000000048e-04
